order_id,customer_id,restaurant_id,driver_id,city,created_at,promised_eta,pickup_at,actual_delivery_at,final_status,distance_km_estimate,traffic_bucket,weather_bucket,final_status_norm,delivered_flag,late_flag,delay_min,outcome_bucket,current_delivery_eta,driver_id_dispatch,original_driver_id,reassigned_at,eta_model_version,dispatch_status,app_action_count,cancel_attempted,support_opened,interaction_count,support_interaction,ticket_count,intervention_count,intervention_types,event_count,reassignment_event_count,restaurant_status_updates,last_restaurant_status,driver_event_count,gps_ping_count,driver_delivered_event,order_to_pickup_min,transit_min,has_customer_friction,has_intervention,duplicate_order_source_flag,driver_arrival_observed,cuisine,vehicle_type,experience_months
O00001,C0168,R009,D103,Bengaluru,2026-08-13 12:56:00,2026-08-13 14:11:36,2026-08-13 13:35:49.825561,2026-08-13 14:22:25.035899,delivered,18.0,medium,clear,delivered,1,1.0,10.82,delivered_late,2026-08-13T14:19:15.546424,D103,D103,,eta-v3.2,completed,2,0,1,0,0,0,1,DRIVER_REASSIGNMENT,3,0,0,,8,5,1,39.83042601666667,46.58683896666666,1,1,0,0,Burgers,scooter,28.0
O00002,C0043,R018,D083,Bengaluru,2026-08-01 18:36:00,,2026-08-01 18:58:24.735336,2026-08-01 19:47:14.818533,delivered,9.37,severe,clear,delivered,1,1.0,3.97,delivered_late,2026-08-01T20:01:16.627988,D083,D083,,eta-v3.2,completed,0,0,0,0,0,0,0,,3,0,0,,8,5,1,22.412255599999998,48.83471995,0,0,0,0,South Indian,bike,38.0
O00003,C0855,R010,D039,Bengaluru,2026-08-01 19:35:00,,2026-08-01 19:57:50.820366,2026-08-01 20:13:28.061191,delivered,2.42,medium,clear,delivered,1,0.0,-4.41,delivered_on_time,2026-08-01T20:22:59.204700,D039,D039,,eta-v3.2,completed,0,0,0,0,0,0,0,,3,0,1,preparing,6,3,1,22.847006099999998,15.620680416666666,0,0,0,0,North Indian,scooter,13.0
O00004,C0229,R030,D038,Bengaluru,2026-08-09 18:16:00,,2026-08-09 18:46:48.725485,,cancelled,14.2,high,rain,cancelled,0,,,cancelled,2026-08-09T19:51:58.608301,D038,D038,,eta-v3.2,cancelled,0,0,0,0,0,0,0,,2,0,0,,1,0,0,30.812091416666664,,0,0,0,0,South Indian,bike,22.0
O00005,C0040,R004,D047,Bengaluru,2026-08-06 20:35:00,2026-08-06 21:54:48,2026-08-06 21:18:38.024280,2026-08-06 22:15:49.290713,delivered,18.0,high,clear,delivered,1,1.0,21.02,delivered_late,2026-08-06T22:13:17.537116,D047,D047,,eta-v3.1,completed,0,0,0,1,0,0,0,,3,0,0,,5,2,1,43.633738,57.18777388333333,0,0,0,0,South Indian,scooter,10.0
O00006,C0152,R052,D120,Bengaluru,2026-08-26 23:02:00,,2026-08-26 23:31:33.631520,2026-08-27 00:05:36.182189,delivered,6.81,high,clear,delivered,1,1.0,7.3,delivered_late,2026-08-27T00:09:33.420377,D120,D120,,eta-v3.1,completed,2,0,0,0,0,0,0,,3,0,1,ready,6,3,1,29.56052533333333,34.04251115,0,0,0,0,Desserts,scooter,22.0
O00007,C0875,R021,D094,Bengaluru,2026-08-14 11:47:00,2026-08-14 13:14:54,2026-08-14 12:06:06.040105,2026-08-14 13:19:10.066680,delivered,18.0,severe,rain,delivered,1,1.0,4.27,delivered_late,2026-08-14T13:37:54,D094,D094,,eta-v3.1,completed,1,0,0,0,0,0,0,,3,0,1,ready,5,2,1,19.100668416666668,73.06710958333333,0,0,0,0,Biryani,bike,24.0
O00008,C0223,R010,D031,Bengaluru,2026-08-27 22:22:00,2026-08-27 23:40:06,2026-08-27 23:11:00.536098,2026-08-28 00:06:57.494136,delivered,18.0,medium,rain,delivered,1,1.0,26.86,delivered_late,2026-08-27T23:49:46.166229,D031,D031,,eta-v3.2,completed,2,0,1,0,0,0,1,CUSTOMER_CREDIT,3,0,0,,8,5,1,49.008934966666665,55.94930063333334,1,1,0,0,North Indian,ebike,17.0
O00009,C0685,R053,D078,Bengaluru,2026-08-09 13:16:00,,2026-08-09 13:48:11.662156,2026-08-09 14:22:13.491008,delivered,14.54,low,clear,delivered,1,1.0,0.69,delivered_late,2026-08-09T14:23:05.541072,D078,D078,,eta-v3.1,completed,1,0,0,0,0,0,0,,3,0,0,,8,5,1,32.19436926666667,34.03048086666667,0,0,0,0,North Indian,bike,18.0
O00010,C0530,R006,D082,Bengaluru,2026-08-22 13:27:00,,2026-08-22 13:51:04.636196,2026-08-22 14:22:26.150344,delivered,12.49,low,clear,delivered,1,0.0,-5.79,delivered_on_time,2026-08-22T14:29:11.871401,D082,D082,,eta-v3.2,completed,3,0,0,1,0,0,0,,3,0,0,,7,4,1,24.077269933333334,31.358569133333333,0,0,0,0,Pizza,scooter,44.0
O00011,C0709,R048,D007,Bengaluru,2026-08-13 19:57:00,,2026-08-13 20:25:14.921540,2026-08-13 20:51:14.432682,delivered,7.3,low,clear,delivered,1,1.0,3.91,delivered_late,2026-08-13T20:48:38.076159,D007,D007,,eta-v3.2,completed,3,0,0,0,0,0,1,DRIVER_REASSIGNMENT,3,0,1,preparing,8,5,1,28.248692333333334,25.991852366666667,0,1,0,0,South Indian,bike,26.0
O00012,C0366,R008,D094,Bengaluru,2026-08-22 12:32:00,,2026-08-22 13:23:21.406966,2026-08-22 13:55:10.513418,delivered,5.26,high,clear,delivered,1,1.0,30.13,delivered_late,2026-08-22T13:44:55.167498,D094,D094,,eta-v3.1,completed,0,0,0,0,0,0,0,,3,0,0,,8,5,1,51.35678276666667,31.818440866666666,0,0,0,0,Cafe,bike,24.0
O00013,C0317,R055,D098,Bengaluru,2026-08-23 19:31:00,,2026-08-23 19:56:41.741882,2026-08-23 20:34:57.522531,delivered,14.08,medium,clear,delivered,1,0.0,-3.4,delivered_on_time,2026-08-23T20:44:03.396288,D098,D098,,eta-v3.1,completed,1,0,0,1,0,0,0,,3,0,0,,8,5,1,25.695698033333333,38.263010816666664,0,0,0,0,Burgers,scooter,7.0
O00014,C0542,R052,D005,Bengaluru,2026-08-22 18:35:00,2026-08-22 19:56:36,2026-08-22 18:59:38.422208,2026-08-22 20:01:42.256596,delivered,18.0,medium,heavy_rain,delivered,1,1.0,5.1,delivered_late,2026-08-22T20:12:36,D005,D005,,eta-v3.2,completed,3,0,0,1,0,0,0,,3,0,0,,8,5,1,24.64037013333333,62.06390646666667,0,0,0,0,Desserts,bike,26.0
O00015,C0578,R035,D014,Bengaluru,2026-08-16 19:17:00,2026-08-16 20:32:36,2026-08-16 19:44:32.256723,2026-08-16 20:36:53.095103,delivered,18.0,medium,clear,delivered,1,1.0,4.28,delivered_late,2026-08-16T20:36:36,D014,D014,,eta-v3.2,completed,2,0,0,0,0,0,0,,3,0,0,,6,3,1,27.53761205,52.347306333333336,0,0,0,0,North Indian,bike,16.0
O00016,C0326,R028,D102,Bengaluru,2026-08-14 12:53:00,2026-08-14 14:11:06,2026-08-14 13:21:47.806363,2026-08-14 14:13:35.547689,delivered,18.0,medium,rain,delivered,1,1.0,2.49,delivered_late,2026-08-14T14:20:54.063909,D102,D102,,eta-v3.1,completed,1,0,0,1,0,0,0,,4,0,0,,7,4,1,28.796772716666666,51.795688766666665,0,0,0,0,Biryani,scooter,16.0
O00017,C0270,R001,D028,Bengaluru,2026-08-24 20:51:00,,2026-08-24 21:13:50.967069,,cancelled,13.71,medium,clear,cancelled,0,,,cancelled,2026-08-24T22:01:35.299563,D028,D028,,eta-v3.2,cancelled,0,0,0,0,0,0,1,DRIVER_REASSIGNMENT,2,0,0,,1,0,0,22.84945115,,0,1,0,0,South Indian,bike,10.0
O00018,C0886,R051,D095,Bengaluru,2026-08-24 13:29:00,2026-08-24 15:00:24,2026-08-24 13:49:52.409699,2026-08-24 15:09:50.026151,delivered,18.0,severe,heavy_rain,delivered,1,1.0,9.43,delivered_late,2026-08-24T15:30:24,D095,D095,,eta-v3.2,completed,1,0,0,1,0,0,0,,3,0,0,,8,5,1,20.873494983333334,79.9602742,0,0,0,0,Cafe,bike,6.0
O00019,C0357,R006,D016,Bengaluru,2026-08-13 15:53:00,,2026-08-13 16:21:28.629470,2026-08-13 16:42:01.993336,delivered,2.25,medium,rain,delivered,1,1.0,4.0,delivered_late,2026-08-13T16:47:01.926141,D016,D016,,eta-v3.1,completed,3,0,0,0,0,0,0,,3,0,0,,5,2,1,28.477157833333333,20.556064433333333,0,0,0,0,Pizza,scooter,46.0
O00020,C0384,R037,D036,Bengaluru,2026-08-07 21:39:00,,2026-08-07 22:08:05.978241,2026-08-07 22:40:46.404645,delivered,8.99,low,clear,delivered,1,1.0,7.9,delivered_late,2026-08-07T22:32:52.179324,D036,D036,,eta-v3.1,completed,3,0,0,0,0,0,0,,3,0,1,handed_off,5,2,1,29.099637350000002,32.6737734,0,0,0,0,Cafe,bike,20.0
O00021,C0090,R010,D034,Bengaluru,2026-08-10 12:01:00,2026-08-10 13:26:24,2026-08-10 12:13:20.502684,2026-08-10 13:18:22.060190,delivered,18.0,severe,clear,delivered,1,0.0,-8.03,delivered_on_time,2026-08-10T13:46:23.978947,D034,D034,,eta-v3.1,completed,0,0,0,1,0,0,0,,3,0,0,,7,4,1,12.341711400000001,65.02595843333333,0,0,0,0,North Indian,scooter,32.0
O00022,C0189,R047,D055,Bengaluru,2026-08-26 11:34:00,,2026-08-26 11:59:18.389455,2026-08-26 12:38:45.059668,delivered,14.31,medium,clear,delivered,1,0.0,-3.1,delivered_on_time,2026-08-26T12:45:50.989599,D055,D055,,eta-v3.2,completed,3,0,0,0,0,0,1,DRIVER_REASSIGNMENT,3,0,1,handed_off,8,5,1,25.306490916666668,39.44450355,0,1,0,0,South Indian,bike,14.0
O00023,C0129,R050,D028,Bengaluru,2026-08-26 22:49:00,,2026-08-26 23:06:00.277655,2026-08-26 23:36:12.854112,delivered,6.91,medium,clear,delivered,1,0.0,-5.09,delivered_on_time,2026-08-26T23:46:10.071814,D028,D028,,eta-v3.2,completed,1,0,0,0,0,0,0,,3,0,0,,8,5,1,17.004627583333335,30.209607616666666,0,0,0,0,Cafe,bike,10.0
O00024,C0677,R011,D049,Bengaluru,2026-08-16 14:51:00,,2026-08-16 15:17:20.724084,2026-08-16 15:53:03.503851,delivered,9.65,medium,clear,delivered,1,1.0,3.99,delivered_late,2026-08-16T15:53:04.387462,D049,D049,,eta-v3.1,completed,2,0,0,1,0,0,1,CUSTOMER_CREDIT,4,0,0,,8,5,1,26.3454014,35.712996116666666,0,1,0,0,Chinese,bike,17.0
O00025,C0886,R023,D039,Bengaluru,2026-08-01 12:14:00,2026-08-01 13:29:36,2026-08-01 12:29:31.152542,2026-08-01 13:20:06.003033,delivered,18.0,medium,clear,delivered,1,0.0,-9.5,delivered_on_time,2026-08-01T13:33:36,D039,D039,,eta-v3.2,completed,2,0,0,1,0,0,0,,3,0,0,,8,5,1,15.519209033333334,50.580841516666666,0,0,0,0,Pizza,scooter,13.0
O00026,C0387,R010,D078,Bengaluru,2026-08-18 22:44:00,2026-08-18 23:56:48,2026-08-18 22:55:15.444652,2026-08-18 23:41:17.389921,delivered,18.0,low,clear,delivered,1,0.0,-15.51,delivered_on_time,2026-08-18T23:56:48,D078,D078,,eta-v3.1,completed,1,0,0,0,0,0,1,DRIVER_REASSIGNMENT,3,0,0,,7,4,1,11.257410866666667,46.03242115,0,1,0,0,North Indian,bike,18.0
O00027,C0253,R026,D053,Bengaluru,2026-08-09 11:03:00,2026-08-09 12:18:36,2026-08-09 11:46:29.978834,2026-08-09 12:39:24.323714,delivered,18.0,medium,clear,delivered,1,1.0,20.81,delivered_late,2026-08-09T12:30:39.802962,D053,D053,,eta-v3.2,completed,0,0,0,1,0,0,1,DRIVER_REASSIGNMENT,3,0,0,,5,2,1,43.499647233333334,52.905748,0,1,0,0,Desserts,bike,22.0
O00028,C0466,R054,D058,Bengaluru,2026-08-04 20:25:00,2026-08-04 21:40:36,2026-08-04 20:39:01.022116,2026-08-04 21:26:49.720910,delivered,18.0,medium,clear,delivered,1,0.0,-13.77,delivered_on_time,2026-08-04T21:44:36,D058,D058,,eta-v3.1,completed,1,0,0,1,0,0,1,RESTAURANT_CONTACT,3,0,1,preparing,8,5,1,14.017035266666666,47.81164656666667,0,1,0,0,South Indian,scooter,15.0
O00029,C0808,R052,D023,Bengaluru,2026-08-15 16:37:00,2026-08-15 18:02:24,2026-08-15 17:00:48.040905,2026-08-15 18:04:48.522886,delivered,18.0,severe,clear,delivered,1,1.0,2.41,delivered_late,2026-08-15T18:20:24,D023,D023,,eta-v3.1,completed,0,0,0,0,0,0,0,,3,0,0,,5,2,1,23.800681750000003,64.00803301666666,0,0,0,0,Desserts,ebike,27.0
O00030,C0409,R005,D120,Bengaluru,2026-08-03 13:26:00,2026-08-03 14:41:36,2026-08-03 13:51:40.389650,2026-08-03 14:39:02.098618,delivered,18.0,medium,clear,delivered,1,0.0,-2.57,delivered_on_time,2026-08-03T14:45:36,D120,D120,,eta-v3.1,completed,2,0,0,0,0,0,0,,4,0,0,,6,3,1,25.673160833333334,47.361816133333335,0,0,0,0,North Indian,scooter,22.0
O00031,C0128,R039,D017,Bengaluru,2026-08-09 20:04:00,,2026-08-09 20:33:38.793988,2026-08-09 21:01:36.190772,delivered,8.76,low,rain,delivered,1,1.0,1.7,delivered_late,2026-08-09T21:04:54.084176,D017,D017,,eta-v3.2,completed,0,0,0,0,0,0,0,,4,0,1,preparing,7,4,1,29.646566466666666,27.956613066666666,0,0,0,0,Biryani,bike,17.0
O00032,C0392,R013,D027,Bengaluru,2026-08-14 20:38:00,,2026-08-14 21:07:09.676879,2026-08-14 21:18:38.840632,delivered,1.95,medium,clear,delivered,1,0.0,-1.25,delivered_on_time,2026-08-14T21:24:46.679725,D027,D027,,eta-v3.2,completed,0,0,0,0,0,0,0,,3,0,0,,6,3,1,29.161281316666667,11.486062550000002,0,0,0,0,Pizza,ebike,4.0
O00033,C0536,R024,D118,Bengaluru,2026-08-06 23:27:00,2026-08-07 00:46:48,2026-08-07 00:09:18.107741,2026-08-07 01:01:07.342758,delivered,18.0,high,clear,delivered,1,1.0,14.32,delivered_late,2026-08-07T01:01:56.914915,D118,D118,,eta-v3.2,completed,3,0,1,0,0,0,1,RESTAURANT_CONTACT,4,1,0,,8,5,1,42.30179568333333,51.82058361666667,1,1,0,0,South Indian,bike,7.0
O00034,C0356,R028,D035,Bengaluru,2026-08-25 17:32:00,,2026-08-25 17:56:21.860118,2026-08-25 18:39:08.259091,delivered,12.16,high,clear,delivered,1,0.0,-0.4,delivered_on_time,2026-08-25T18:50:27.367891,D035,D035,,eta-v3.2,completed,3,0,0,0,0,0,0,,3,0,0,,5,2,1,24.3643353,42.773316216666665,0,0,0,0,Biryani,scooter,5.0
O00035,C0386,R050,D113,Bengaluru,2026-08-10 18:44:00,,2026-08-10 19:12:19.400185,2026-08-10 19:27:44.429504,delivered,2.1,medium,clear,delivered,1,1.0,1.52,delivered_late,2026-08-10T19:30:13.163221,D053,D113,2026-08-10T18:47:23.021261,eta-v3.1,completed,3,0,0,1,0,0,0,,3,0,0,,5,2,1,28.323336416666667,15.417155316666667,0,0,0,0,Cafe,ebike,30.0
O00036,C0495,R025,D082,Bengaluru,2026-08-23 16:45:00,,2026-08-23 17:04:53.954518,2026-08-23 17:53:16.280620,delivered,14.67,medium,rain,delivered,1,0.0,-2.83,delivered_on_time,2026-08-23T18:05:06.187144,D082,D082,,eta-v3.1,completed,1,0,0,0,0,0,0,,3,0,0,,7,4,1,19.89924196666667,48.3721017,0,0,0,0,South Indian,scooter,44.0
O00037,C0346,R023,D076,Bengaluru,2026-08-09 20:18:00,2026-08-09 21:40:18,2026-08-09 20:50:48.474029,2026-08-09 21:55:45.135763,delivered,18.0,high,rain,delivered,1,1.0,15.45,delivered_late,2026-08-09T21:56:35.522976,D076,D076,,eta-v3.2,completed,4,0,1,1,1,1,0,,3,0,0,,8,5,1,32.807900483333334,64.94436223333334,1,0,0,0,Pizza,bike,9.0
O00038,C0375,R041,D050,Bengaluru,2026-08-08 21:26:00,2026-08-08 22:38:48,2026-08-08 21:48:05.008508,2026-08-08 22:35:35.238022,delivered,18.0,low,clear,delivered,1,0.0,-3.21,delivered_on_time,2026-08-08T22:38:48,D050,D050,,eta-v3.1,completed,0,0,0,1,0,0,0,,3,0,0,,5,2,1,22.08347513333333,47.50382523333334,0,0,0,0,Desserts,bike,59.0
O00039,C0266,R051,D037,Bengaluru,2026-08-11 21:55:00,,2026-08-11 22:27:09.021609,2026-08-11 23:09:25.053883,delivered,12.74,high,clear,delivered,1,1.0,5.65,delivered_late,2026-08-11T23:16:29.441630,D037,D037,,eta-v3.2,completed,2,0,0,0,0,0,0,,3,0,1,preparing,8,5,1,32.15036015,42.26720456666667,0,0,0,0,Cafe,scooter,10.0
O00040,C0374,R012,D035,Bengaluru,2026-08-11 19:56:00,,2026-08-11 20:40:03.749918,2026-08-11 21:15:39.373978,delivered,4.57,high,rain,delivered,1,1.0,25.55,delivered_late,2026-08-11T21:09:29.106326,D035,D035,,eta-v3.2,completed,2,0,0,1,1,1,0,,3,0,1,handed_off,5,2,1,44.062498633333334,35.59373433333334,1,0,0,0,Biryani,scooter,5.0
O00041,C0008,R028,D098,Bengaluru,2026-08-01 11:50:00,2026-08-01 13:02:48,2026-08-01 12:20:10.069906,2026-08-01 13:08:11.752741,delivered,18.0,low,clear,delivered,1,1.0,5.4,delivered_late,2026-08-01T13:05:04.033960,D098,D098,,eta-v3.1,completed,3,0,0,1,1,1,0,,3,0,0,,8,5,1,30.167831766666666,48.02804725,1,0,0,0,Biryani,scooter,7.0
O00042,C0862,R025,D041,Bengaluru,2026-08-09 18:42:00,,2026-08-09 19:07:01.883678,2026-08-09 19:34:20.331287,delivered,4.37,low,rain,delivered,1,1.0,5.67,delivered_late,2026-08-09T19:34:45.898496,D041,D041,,eta-v3.2,completed,3,0,0,1,1,1,0,,3,0,0,,8,5,1,25.03139463333333,27.30746015,1,0,0,0,South Indian,bike,83.0
O00043,C0405,R008,D102,Bengaluru,2026-08-04 14:36:00,,2026-08-04 15:24:49.846453,,delivered,15.88,medium,clear,delivered,1,,,unknown,2026-08-04T15:52:26.183839,D102,D102,,eta-v3.1,completed,0,0,0,0,0,0,0,,2,0,0,,8,5,1,48.83077421666667,,0,0,0,0,Cafe,scooter,16.0
O00044,C0644,R006,D080,Bengaluru,2026-08-08 19:39:00,,2026-08-08 20:09:43.232668,2026-08-08 20:50:55.989452,delivered,12.99,medium,clear,delivered,1,1.0,6.84,delivered_late,2026-08-08T20:48:05.343184,D080,D080,,eta-v3.1,completed,2,0,0,1,0,0,0,,4,0,0,,8,5,1,30.72054446666667,41.21261306666667,0,0,0,0,Pizza,bike,12.0
O00045,C0306,R038,D020,Bengaluru,2026-08-14 13:08:00,2026-08-14 14:30:18,2026-08-14 13:29:04.252494,2026-08-14 14:35:01.740517,delivered,18.0,high,rain,delivered,1,1.0,4.73,delivered_late,2026-08-14T14:46:09.679106,D020,D020,,eta-v3.2,completed,3,0,0,0,0,0,1,RESTAURANT_CONTACT,4,1,0,,7,4,1,21.0708749,65.95813371666667,0,1,0,0,Pizza,bike,10.0
O00046,C0828,R048,D034,Bengaluru,2026-08-05 20:14:00,,2026-08-05 20:29:13.634840,2026-08-05 20:51:44.881147,delivered,4.69,high,clear,delivered,1,0.0,-14.09,delivered_on_time,2026-08-05T21:15:52.914375,D034,D034,,eta-v3.1,completed,0,0,0,0,0,0,0,,3,0,1,handed_off,5,2,1,15.227247333333334,22.52077178333333,0,0,0,0,South Indian,scooter,32.0
O00047,C0285,R011,D111,Bengaluru,2026-08-22 15:24:00,,2026-08-22 16:15:40.868551,2026-08-22 17:13:46.468098,delivered,17.7,high,rain,delivered,1,1.0,28.11,delivered_late,2026-08-22T17:05:34.512498,D111,D111,,eta-v3.1,completed,3,0,1,1,0,0,0,,3,0,0,,8,5,1,51.68114251666667,58.09332578333333,1,0,0,0,Chinese,bike,30.0
O00048,C0675,R044,D039,Bengaluru,2026-08-10 23:07:00,,2026-08-10 23:53:00.424638,2026-08-11 00:20:25.937903,delivered,8.32,low,rain,delivered,1,1.0,18.45,delivered_late,2026-08-11T00:12:43.222503,D039,D039,,eta-v3.1,completed,0,0,0,0,0,0,0,,3,0,0,,5,2,1,46.0070773,27.425221083333334,0,0,0,0,Cafe,scooter,13.0
O00049,C0544,R025,D042,Bengaluru,2026-08-09 11:23:00,,2026-08-09 11:50:43.930186,2026-08-09 12:06:08.285589,delivered,3.04,low,clear,delivered,1,1.0,1.75,delivered_late,2026-08-09T12:04:23.146170,D042,D042,,eta-v3.2,completed,3,0,0,1,1,1,0,,3,0,0,,7,4,1,27.73216976666667,15.405923383333334,1,0,0,0,South Indian,bike,33.0
O00050,C0116,R036,D070,Bengaluru,2026-08-22 14:40:00,,2026-08-22 15:11:29.011983,2026-08-22 15:36:07.615519,delivered,7.62,medium,clear,delivered,1,1.0,2.33,delivered_late,2026-08-22T15:42:30.789946,D070,D070,,eta-v3.1,completed,2,0,0,0,0,0,0,,4,1,0,,6,3,1,31.483533050000002,24.64339226666667,0,0,0,0,North Indian,bike,22.0
O00051,C0875,R039,D058,Bengaluru,2026-08-01 15:09:00,,2026-08-01 16:24:51.495665,2026-08-01 16:19:51.495665,delivered,15.2,severe,clear,delivered,1,0.0,-8.66,delivered_on_time,2026-08-01T16:46:30.928528,D058,D058,,eta-v3.1,completed,0,0,0,0,0,0,0,,3,0,1,handed_off,5,2,1,75.85826108333335,-5.0,0,0,0,0,Biryani,scooter,15.0
O00052,C0610,R055,D086,Bengaluru,2026-08-24 17:07:00,2026-08-24 18:26:48,2026-08-24 18:16:16.946011,2026-08-24 18:11:16.946011,delivered,18.0,high,clear,delivered,1,0.0,-15.52,delivered_on_time,2026-08-24T18:36:48,D086,D086,,eta-v3.1,completed,0,0,0,1,0,0,1,RESTAURANT_CONTACT,4,0,0,,7,4,1,69.28243351666667,-5.0,0,1,0,0,Burgers,bike,28.0
O00053,C0797,R030,D028,Bengaluru,2026-08-13 17:06:00,,2026-08-13 18:25:53.797613,2026-08-13 18:20:53.797613,delivered,5.97,medium,rain,delivered,1,1.0,22.05,delivered_late,2026-08-13T18:12:10.051993,D028,D028,,eta-v3.2,completed,0,0,0,0,0,0,0,,3,0,0,,7,4,1,79.89662688333333,-5.0,0,0,0,0,South Indian,bike,10.0
O00054,C0270,R002,D113,Bengaluru,2026-08-28 19:56:00,2026-08-28 21:15:48,2026-08-28 21:25:10.582862,2026-08-28 21:20:10.582862,delivered,18.0,high,clear,delivered,1,1.0,4.38,delivered_late,2026-08-28T21:29:05.428182,D113,D113,,eta-v3.2,completed,3,0,0,0,0,0,1,RESTAURANT_CONTACT,3,0,1,preparing,7,4,1,89.17638103333334,-5.0,0,1,0,0,Burgers,ebike,30.0
O00055,C0511,R049,D030,Bengaluru,2026-08-16 12:53:00,2026-08-16 14:05:48,2026-08-16 14:08:05.645770,2026-08-16 14:03:05.645770,delivered,18.0,low,clear,delivered,1,0.0,-2.71,delivered_on_time,2026-08-16T14:05:48,D030,D030,,eta-v3.2,completed,3,0,0,0,0,0,1,CUSTOMER_CREDIT,3,0,0,,8,5,1,75.09409616666667,-5.0,0,1,0,0,Chinese,scooter,19.0
O00056,C0321,R022,D087,Bengaluru,2026-08-10 19:22:00,,2026-08-10 19:40:53.826897,2026-08-10 20:27:29.150791,delivered,15.88,low,clear,delivered,1,0.0,-2.87,delivered_on_time,2026-08-10T20:30:21.288843,D087,D087,,eta-v3.1,completed,0,0,0,0,0,0,1,RESTAURANT_CONTACT,3,0,1,ready,6,3,1,18.89711495,46.58873156666667,0,1,0,0,South Indian,bike,62.0
O00057,C0097,R006,D018,Bengaluru,2026-08-27 19:43:00,,2026-08-27 20:05:29.848536,2026-08-27 20:56:43.749750,delivered,16.27,high,clear,delivered,1,0.0,-2.43,delivered_on_time,2026-08-27T21:09:09.428116,D018,D018,,eta-v3.2,completed,0,0,0,0,0,0,0,,4,0,0,,7,4,1,22.497475599999998,51.2316869,0,0,0,0,Pizza,bike,16.0
O00058,C0604,R030,D007,Bengaluru,2026-08-05 20:01:00,,2026-08-05 20:32:28.460434,2026-08-05 21:08:44.647933,delivered,14.31,low,clear,delivered,1,1.0,2.7,delivered_late,2026-08-05T21:07:40.967071,D007,D007,,eta-v3.1,completed,1,0,0,1,1,1,1,CUSTOMER_CREDIT,3,0,1,handed_off,6,3,1,31.47434056666667,36.26979165,1,1,0,0,South Indian,bike,26.0
O00059,C0242,R018,D024,Bengaluru,2026-08-09 18:27:00,,2026-08-09 18:46:59.607808,2026-08-09 19:12:16.937862,delivered,9.01,medium,clear,delivered,1,0.0,-11.45,delivered_on_time,2026-08-09T19:29:27.965406,D024,D024,,eta-v3.2,completed,1,0,0,1,0,0,0,,3,0,0,,7,4,1,19.993463466666665,25.288834233333333,0,0,0,0,South Indian,bike,32.0
O00060,C0210,R038,D023,Bengaluru,2026-08-10 22:49:00,,2026-08-10 23:32:03.056253,2026-08-11 00:10:51.404067,delivered,16.52,low,clear,delivered,1,1.0,12.16,delivered_late,2026-08-10T23:59:13.308999,D023,D023,,eta-v3.2,completed,0,0,0,0,0,0,0,,4,1,1,ready,5,2,1,43.05093755,38.805796900000004,0,0,0,0,Pizza,ebike,27.0
O00061,C0352,R036,D043,Bengaluru,2026-08-03 21:36:00,,2026-08-03 21:49:32.897292,2026-08-03 22:29:14.636022,delivered,13.07,medium,clear,delivered,1,0.0,-11.99,delivered_on_time,2026-08-03T22:45:14.315041,D043,D043,,eta-v3.2,completed,1,0,0,1,0,0,0,,3,0,1,handed_off,7,4,1,13.5482882,39.6956455,0,0,0,0,North Indian,bike,14.0
O00062,C0243,R020,D088,Bengaluru,2026-08-17 12:55:00,,2026-08-17 13:22:19.852864,2026-08-17 14:00:44.168583,delivered,13.73,medium,clear,delivered,1,0.0,-0.89,delivered_on_time,2026-08-17T14:06:59.819186,D088,D088,,eta-v3.2,completed,0,0,0,0,0,0,0,,3,0,0,,6,3,1,27.330881066666667,38.40526198333334,0,0,0,0,Burgers,scooter,28.0
O00063,C0427,R040,D103,Bengaluru,2026-08-20 13:48:00,2026-08-20 15:07:48,2026-08-20 14:07:56.067127,2026-08-20 14:59:23.320672,delivered,18.0,high,clear,delivered,1,0.0,-8.41,delivered_on_time,2026-08-20T15:17:48,D103,D103,,eta-v3.2,completed,0,0,0,0,0,0,0,,3,0,1,ready,7,4,1,19.934452116666666,51.45422575,0,0,0,0,Desserts,scooter,28.0
O00064,C0265,R002,D032,Bengaluru,2026-08-09 19:22:00,,2026-08-09 20:20:33.032412,2026-08-09 21:05:34.486949,delivered,14.36,medium,clear,delivered,1,1.0,35.63,delivered_late,2026-08-09T20:34:23.869857,D032,D032,,eta-v3.2,completed,2,0,0,1,0,0,0,,3,0,1,preparing,5,2,1,58.5505402,45.024242283333336,0,0,0,0,Burgers,ebike,5.0
O00065,C0553,R019,D065,Bengaluru,2026-08-21 13:38:00,2026-08-21 14:53:36,2026-08-21 14:11:07.263020,2026-08-21 15:02:05.311675,delivered,18.0,medium,clear,delivered,1,1.0,8.49,delivered_late,2026-08-21T15:01:22.776631,D065,D065,,eta-v3.1,completed,0,0,0,0,0,0,1,DRIVER_REASSIGNMENT,3,0,1,ready,8,5,1,33.121050333333336,50.967477583333334,0,1,0,0,Cafe,bike,17.0
O00066,C0479,R002,D086,Bengaluru,2026-08-13 17:21:00,2026-08-13 18:40:48,2026-08-13 17:41:22.556953,2026-08-13 18:41:27.984968,delivered,18.0,high,clear,delivered,1,1.0,0.67,delivered_late,2026-08-13T18:50:48,D086,D086,,eta-v3.2,completed,0,0,0,0,0,0,1,DRIVER_REASSIGNMENT,4,0,0,,6,3,1,20.375949216666665,60.090466916666664,0,1,0,0,Burgers,bike,28.0
O00067,C0684,R033,D006,Bengaluru,2026-08-12 16:41:00,2026-08-12 18:00:48,2026-08-12 17:13:14.803034,2026-08-12 18:07:40.488736,delivered,18.0,high,clear,delivered,1,1.0,6.87,delivered_late,2026-08-12T18:10:48,D006,D006,,eta-v3.1,completed,3,0,0,0,0,0,0,,3,0,0,,5,2,1,32.246717233333335,54.428095033333335,0,0,0,0,Cafe,bike,12.0
O00068,C0359,R058,D003,Bengaluru,2026-08-12 11:19:00,2026-08-12 12:31:48,2026-08-12 11:44:36.650431,2026-08-12 12:30:32.618666,delivered,18.0,low,clear,delivered,1,0.0,-1.26,delivered_on_time,2026-08-12T12:31:48,D003,D003,,eta-v3.1,completed,0,0,0,0,0,0,0,,4,0,0,,5,2,1,25.610840516666666,45.932803916666664,0,0,0,0,North Indian,scooter,15.0
O00069,C0341,R025,D036,Bengaluru,2026-08-20 13:24:00,,2026-08-20 13:51:08.059244,2026-08-20 14:33:18.505133,delivered,16.98,low,clear,delivered,1,0.0,-1.34,delivered_on_time,2026-08-20T14:34:38.988329,D048,D036,2026-08-20T13:32:43.400556,eta-v3.1,completed,1,0,0,0,0,0,0,,3,0,1,preparing,7,4,1,27.134320733333332,42.17409815,0,0,0,0,South Indian,bike,20.0
O00070,C0304,R056,D021,Bengaluru,2026-08-26 20:57:00,2026-08-26 22:16:48,2026-08-26 21:07:28.452409,2026-08-26 21:58:51.688833,delivered,18.0,high,clear,delivered,1,0.0,-17.94,delivered_on_time,2026-08-26T22:26:48,D021,D021,,eta-v3.2,completed,3,0,0,0,0,0,1,PRIORITY_DISPATCH,4,1,0,,6,3,1,10.474206816666667,51.38727373333334,0,1,0,0,Biryani,scooter,38.0
O00071,C0391,R042,D092,Bengaluru,2026-08-21 18:23:00,,2026-08-21 18:56:42.768236,2026-08-21 19:49:45.210065,delivered,17.72,medium,clear,delivered,1,1.0,11.74,delivered_late,2026-08-21T19:42:00.964322,D092,D092,,eta-v3.1,completed,4,0,1,0,0,0,0,,4,0,0,,5,2,1,33.71280393333333,53.04069715,1,0,0,0,Chinese,scooter,7.0
O00072,C0499,R016,D088,Bengaluru,2026-08-15 21:59:00,,2026-08-15 22:28:48.467550,2026-08-15 23:02:38.501816,delivered,10.14,low,clear,delivered,1,1.0,7.35,delivered_late,2026-08-15T22:56:01.591517,D013,D088,2026-08-15T22:07:06.896797,eta-v3.2,completed,2,0,0,1,0,0,0,,3,0,0,,6,3,1,29.8077925,33.83390443333333,0,0,0,0,Biryani,scooter,28.0
O00073,C0750,R050,D070,Bengaluru,2026-08-27 13:45:00,,2026-08-27 14:21:59.206034,2026-08-27 14:57:32.152522,delivered,10.09,medium,clear,delivered,1,1.0,13.55,delivered_late,2026-08-27T14:47:58.916284,D070,D070,,eta-v3.2,completed,2,0,1,1,1,1,0,,3,0,1,handed_off,7,4,1,36.98676723333333,35.549108133333334,1,0,0,0,Cafe,bike,22.0
O00074,C0492,R041,D089,Bengaluru,2026-08-20 18:07:00,2026-08-20 19:26:48,2026-08-20 18:34:00.420270,2026-08-20 19:34:23.133807,delivered,18.0,high,clear,delivered,1,1.0,7.59,delivered_late,2026-08-20T19:36:48,D089,D089,,eta-v3.1,completed,0,0,0,0,0,0,1,DRIVER_REASSIGNMENT,4,0,1,ready,6,3,1,27.0070045,60.37855895,0,1,0,0,Desserts,bike,19.0
O00075,C0055,R033,D035,Bengaluru,2026-08-17 23:04:00,2026-08-18 00:29:24,2026-08-17 23:34:16.214030,,cancelled,18.0,severe,clear,cancelled,0,,,cancelled,2026-08-18T00:48:15.975127,D035,D035,,eta-v3.1,cancelled,3,0,0,0,0,0,0,,2,0,0,,1,0,0,30.270233833333336,,0,0,0,0,Cafe,scooter,5.0
O00076,C0876,R012,D041,Bengaluru,2026-08-21 17:23:00,2026-08-21 18:38:36,2026-08-21 17:50:53.912802,2026-08-21 18:41:37.819229,delivered,18.0,medium,clear,delivered,1,1.0,3.03,delivered_late,2026-08-21T18:42:36,D041,D041,,eta-v3.2,completed,2,0,0,0,0,0,0,,3,0,0,,7,4,1,27.8985467,50.73177378333333,0,0,0,0,Biryani,bike,83.0
O00077,C0157,R053,D108,Bengaluru,2026-08-15 23:30:00,,2026-08-16 00:18:41.900236,2026-08-16 01:01:54.139242,delivered,9.93,high,rain,delivered,1,1.0,26.54,delivered_late,2026-08-16T00:57:54.287242,D108,D108,,eta-v3.1,completed,3,0,1,0,0,0,0,,4,1,0,,7,4,1,48.69833726666666,43.20398343333333,1,0,0,0,North Indian,scooter,5.0
O00078,C0633,R027,D055,Bengaluru,2026-08-25 19:18:00,2026-08-25 20:36:06,2026-08-25 19:38:13.247574,2026-08-25 20:30:57.518398,delivered,18.0,medium,rain,delivered,1,0.0,-5.14,delivered_on_time,2026-08-25T20:45:07.499360,D055,D055,,eta-v3.2,completed,0,0,0,0,0,0,1,CUSTOMER_CREDIT,3,0,1,unknown,8,5,1,20.2207929,52.73784706666667,0,1,0,0,Biryani,bike,14.0
O00079,C0387,R024,D078,Bengaluru,2026-08-09 20:46:00,2026-08-09 22:01:36,2026-08-09 21:08:46.629720,2026-08-09 22:03:08.100826,delivered,18.0,medium,clear,delivered,1,1.0,1.54,delivered_late,2026-08-09T22:07:22.400418,D078,D078,,eta-v3.2,completed,0,0,0,1,1,1,1,PRIORITY_DISPATCH,4,1,0,,8,5,1,22.777161999999997,54.35785176666666,1,1,0,0,South Indian,bike,18.0
O00080,C0229,R029,D037,Bengaluru,2026-08-20 23:17:00,2026-08-21 00:39:18,2026-08-21 00:04:18.199111,2026-08-21 01:01:48.459960,delivered,18.0,high,rain,delivered,1,1.0,22.51,delivered_late,2026-08-21T01:01:32.014363,D037,D037,,eta-v3.1,completed,4,0,1,0,0,0,0,,3,0,0,,8,5,1,47.303318516666664,57.504347483333326,1,0,0,0,Burgers,scooter,10.0
O00081,C0581,R037,D004,Bengaluru,2026-08-19 11:09:00,2026-08-19 12:31:18,2026-08-19 11:26:02.999481,2026-08-19 12:24:09.886909,delivered,18.0,high,rain,delivered,1,0.0,-7.14,delivered_on_time,2026-08-19T12:46:18,D004,D004,,eta-v3.2,completed,1,0,0,0,0,0,0,,3,0,1,handed_off,5,2,1,17.04999135,58.11479046666667,0,0,0,0,Cafe,bike,34.0
O00082,C0366,R060,D029,Bengaluru,2026-08-17 17:35:00,,2026-08-17 17:51:55.830854,2026-08-17 18:13:47.804039,delivered,5.72,low,clear,delivered,1,0.0,-8.22,delivered_on_time,2026-08-17T18:22:53.776515,D029,D029,,eta-v3.1,completed,2,0,0,0,0,0,0,,3,0,1,preparing,5,2,1,16.930514233333334,21.866219750000003,0,0,0,0,Chinese,bike,19.0
O00083,C0404,R021,D061,Bengaluru,2026-08-15 23:51:00,2026-08-16 01:13:18,2026-08-16 00:13:07.414442,2026-08-16 01:15:40.179224,delivered,18.0,high,rain,delivered,1,1.0,2.37,delivered_late,2026-08-16T01:28:18,D061,D061,,eta-v3.1,completed,1,0,0,1,1,1,0,,3,0,0,,6,3,1,22.123574033333334,62.5460797,1,0,0,0,Biryani,bike,32.0
O00084,C0242,R004,D008,Bengaluru,2026-08-07 20:15:00,2026-08-07 21:34:48,2026-08-07 20:31:38.288560,2026-08-07 21:27:14.338789,delivered,18.0,high,clear,delivered,1,0.0,-7.56,delivered_on_time,2026-08-07T21:45:21.566405,D008,D008,,eta-v3.1,completed,2,0,0,0,0,0,1,PRIORITY_DISPATCH,3,0,0,,8,5,1,16.638142666666667,55.60083715,0,1,0,0,South Indian,ebike,23.0
O00085,C0219,R009,D037,Bengaluru,2026-08-03 12:20:00,2026-08-03 13:39:48,2026-08-03 12:44:22.694982,2026-08-03 13:39:23.274303,delivered,18.0,high,clear,delivered,1,0.0,-0.41,delivered_on_time,2026-08-03T13:50:52.391131,D037,D037,,eta-v3.1,completed,0,0,0,0,0,0,0,,3,0,0,,6,3,1,24.3782497,55.00965535,0,0,0,0,Burgers,scooter,10.0
O00086,C0011,R042,D108,Bengaluru,2026-08-04 18:19:00,2026-08-04 19:31:48,2026-08-04 18:43:02.980015,2026-08-04 19:30:47.013099,delivered,18.0,low,clear,delivered,1,0.0,-1.02,delivered_on_time,2026-08-04T19:33:00.651713,D108,D108,,eta-v3.2,completed,2,0,0,0,0,0,0,,3,0,0,,7,4,1,24.04966691666667,47.73388473333333,0,0,0,0,Chinese,scooter,5.0
O00087,C0249,R016,D032,Bengaluru,2026-08-06 19:37:00,2026-08-06 20:49:48,2026-08-06 19:55:57.983013,2026-08-06 20:41:02.048528,delivered,18.0,low,clear,delivered,1,0.0,-8.77,delivered_on_time,2026-08-06T20:51:44.620517,D032,D032,,eta-v3.1,completed,1,0,0,0,0,0,1,CUSTOMER_CREDIT,3,0,0,,7,4,1,18.96638355,45.06775858333333,0,1,0,0,Biryani,ebike,5.0
O00088,C0077,R034,D032,Bengaluru,2026-08-16 21:34:00,2026-08-16 22:55:36,2026-08-16 21:51:36.170791,2026-08-16 22:55:19.466837,delivered,18.0,medium,heavy_rain,delivered,1,0.0,-0.28,delivered_on_time,2026-08-16T23:12:35.718719,D032,D032,,eta-v3.1,completed,0,0,0,0,0,0,0,,3,0,0,,8,5,1,17.602846516666666,63.72160076666667,0,0,0,0,Pizza,ebike,5.0
O00089,C0341,R002,D016,Bengaluru,2026-08-24 23:22:00,,2026-08-24 23:51:10.776789,2026-08-25 00:56:28.164196,delivered,17.15,severe,clear,delivered,1,1.0,10.85,delivered_late,2026-08-25T01:05:09.819935,D016,D016,,eta-v3.1,completed,4,0,1,0,0,0,0,,3,0,1,preparing,5,2,1,29.17961315,65.28979011666667,1,0,0,0,Burgers,scooter,46.0
O00090,C0435,R039,D106,Bengaluru,2026-08-20 17:55:00,2026-08-20 19:17:18,2026-08-20 18:31:29.635751,2026-08-20 19:37:33.495349,delivered,18.0,high,rain,delivered,1,1.0,20.26,delivered_late,2026-08-20T19:32:18,D106,D106,,eta-v3.2,completed,4,0,1,1,1,2,0,,3,0,0,,7,4,1,36.49392918333333,66.06432663333334,1,0,0,0,Biryani,bike,24.0
O00091,C0567,R026,D050,Bengaluru,2026-08-08 14:22:00,2026-08-08 15:34:48,2026-08-08 14:42:22.888278,2026-08-08 15:32:46.714468,delivered,18.0,low,clear,delivered,1,0.0,-2.02,delivered_on_time,2026-08-08T15:35:55.549595,D014,D050,2026-08-08T14:27:55.569795,eta-v3.2,completed,0,0,0,0,0,0,1,RESTAURANT_CONTACT,3,0,0,,8,5,1,20.381471299999998,50.39710316666667,0,1,0,0,Desserts,bike,59.0
O00092,C0680,R030,D010,Bengaluru,2026-08-03 17:28:00,2026-08-03 18:47:48,2026-08-03 17:53:55.130436,2026-08-03 18:51:24.017088,delivered,18.0,high,clear,delivered,1,1.0,3.6,delivered_late,2026-08-03T18:58:48.048770,D010,D010,,eta-v3.2,completed,0,0,0,0,0,0,0,,3,0,0,,7,4,1,25.9188406,57.481444200000006,0,0,0,0,South Indian,ebike,7.0
O00093,C0110,R034,D042,Bengaluru,2026-08-02 11:45:00,2026-08-02 13:00:36,2026-08-02 12:11:43.037180,2026-08-02 13:01:53.275765,delivered,18.0,medium,clear,delivered,1,1.0,1.29,delivered_late,2026-08-02T13:06:30.193444,D042,D042,,eta-v3.1,completed,3,0,0,0,0,0,0,,3,0,0,,7,4,1,26.717286333333334,50.17064308333333,0,0,0,0,Pizza,bike,33.0
O00094,C0878,R003,D072,Bengaluru,2026-08-19 16:52:00,2026-08-19 18:04:48,2026-08-19 17:39:02.564976,2026-08-19 18:24:21.698196,delivered,18.0,low,clear,delivered,1,1.0,19.56,delivered_late,2026-08-19T18:13:28.365901,D072,D072,,eta-v3.2,completed,3,0,0,1,1,1,1,DRIVER_REASSIGNMENT,3,0,0,,6,3,1,47.0427496,45.318887000000004,1,1,0,0,Chinese,scooter,22.0
O00095,C0091,R053,D107,Bengaluru,2026-08-21 20:49:00,,2026-08-21 21:34:59.863473,,delivered,15.84,high,clear,delivered,1,,,unknown,2026-08-21T22:14:54.031700,D107,D107,,eta-v3.1,completed,0,0,0,0,0,0,0,,2,0,0,,6,3,1,45.99772455,,0,0,0,0,North Indian,bike,17.0
O00096,C0757,R046,D006,Bengaluru,2026-08-28 21:46:00,2026-08-28 22:58:48,2026-08-28 22:07:07.159833,2026-08-28 22:54:02.388621,delivered,18.0,low,clear,delivered,1,0.0,-4.76,delivered_on_time,2026-08-28T23:01:58.757867,D006,D006,,eta-v3.1,completed,2,0,0,1,0,0,0,,3,0,0,,7,4,1,21.119330549999997,46.920479799999995,0,0,0,0,Chinese,bike,12.0
O00097,C0561,R026,D026,Bengaluru,2026-08-26 19:39:00,2026-08-26 21:00:36,2026-08-26 20:05:04.445452,2026-08-26 21:07:54.066262,delivered,18.0,medium,heavy_rain,delivered,1,1.0,7.3,delivered_late,2026-08-26T21:17:26.215584,D026,D026,,eta-v3.1,completed,2,0,0,1,0,0,0,,3,0,0,,8,5,1,26.074090866666666,62.8270135,0,0,0,0,Desserts,scooter,19.0
O00098,C0318,R054,D035,Bengaluru,2026-08-04 18:34:00,,2026-08-04 19:02:55.655146,2026-08-04 19:47:49.583343,delivered,9.24,medium,heavy_rain,delivered,1,1.0,10.63,delivered_late,2026-08-04T19:53:16.147646,D035,D035,,eta-v3.1,completed,0,0,0,1,0,0,0,,3,0,1,preparing,8,5,1,28.927585766666667,44.898803283333336,0,0,0,0,South Indian,scooter,5.0
O00099,C0046,R038,D040,Bengaluru,2026-08-18 19:08:00,,2026-08-18 19:38:28.716286,2026-08-18 20:19:55.577319,delivered,16.35,low,clear,delivered,1,1.0,2.59,delivered_late,2026-08-18T20:17:20.250376,D040,D040,,eta-v3.2,completed,2,0,0,1,0,0,0,,3,0,1,handed_off,5,2,1,30.478604766666667,41.44768388333333,0,0,0,0,Pizza,bike,27.0
O00100,C0485,R036,D090,Bengaluru,2026-08-18 23:10:00,,2026-08-18 23:32:27.248969,2026-08-19 00:28:17.159744,delivered,17.4,medium,rain,delivered,1,1.0,1.45,delivered_late,2026-08-19T00:35:50.161016,D090,D090,,eta-v3.1,completed,1,0,0,1,0,0,0,,4,0,0,,5,2,1,22.45414948333333,55.83184625,0,0,0,0,North Indian,bike,12.0
O00101,C0538,R007,D111,Bengaluru,2026-08-24 20:59:00,2026-08-24 20:49:00,2026-08-24 21:25:03.983984,2026-08-24 22:14:30.685278,delivered,18.0,low,rain,delivered,1,1.0,85.51,delivered_late,2026-08-24T22:20:47.430842,D111,D111,,eta-v3.2,completed,3,0,1,0,0,0,1,CUSTOMER_CREDIT,4,0,1,ready,7,4,1,26.066399733333334,49.44502156666667,1,1,0,0,North Indian,bike,30.0
O00102,C0263,R004,D056,Bengaluru,2026-08-11 16:41:00,2026-08-11 16:31:00,2026-08-11 17:05:05.809584,2026-08-11 17:57:17.661772,delivered,18.0,medium,clear,delivered,1,1.0,86.29,delivered_late,2026-08-11T18:01:36.434840,D056,D056,,eta-v3.1,completed,1,0,0,1,0,0,1,RESTAURANT_CONTACT,4,0,0,,7,4,1,24.0968264,52.19753646666666,0,1,0,0,South Indian,scooter,19.0
O00103,C0389,R020,D098,Bengaluru,2026-08-22 20:11:00,2026-08-22 20:01:00,2026-08-22 20:39:45.064627,2026-08-22 21:10:17.342305,delivered,6.87,high,clear,delivered,1,1.0,69.29,delivered_late,2026-08-22T21:17:53.672446,D098,D098,,eta-v3.1,completed,2,0,0,0,0,0,0,,3,0,1,handed_off,6,3,1,28.751077116666668,30.5379613,0,0,0,0,Burgers,scooter,7.0
O00104,C0436,R031,D055,Bengaluru,2026-08-09 22:19:00,2026-08-09 22:09:00,2026-08-09 22:47:33.934776,2026-08-09 23:36:20.740161,delivered,17.69,medium,clear,delivered,1,1.0,87.35,delivered_late,2026-08-09T23:37:56.425841,D055,D055,,eta-v3.1,completed,0,0,0,0,0,0,0,,3,0,0,,7,4,1,28.5655796,48.78008975,0,0,0,0,Chinese,bike,14.0
O00105,C0729,R027,D069,Bengaluru,2026-08-08 14:08:00,2026-08-08 15:23:36,2026-08-08 14:26:39.014283,2026-08-08 15:14:12.630181,delivered,18.0,medium,clear,delivered,1,0.0,-9.39,delivered_on_time,2026-08-08T15:27:36,D069,D069,,eta-v3.1,completed,1,0,0,0,0,0,0,,3,0,0,,5,2,1,18.65023805,47.560264966666665,0,0,0,0,Biryani,scooter,16.0
O00106,C0760,R035,D089,Bengaluru,2026-08-12 12:36:00,2026-08-12 13:51:18,2026-08-12 12:46:53.767240,2026-08-12 13:37:00.203394,delivered,18.0,low,rain,delivered,1,0.0,-14.3,delivered_on_time,2026-08-12T13:56:18,D089,D089,,eta-v3.2,completed,3,0,0,0,0,0,0,,3,0,0,,6,3,1,10.896120666666667,50.107269233333334,0,0,0,0,North Indian,bike,19.0
O00107,C0412,R050,D001,Bengaluru,2026-08-15 20:29:00,,2026-08-15 20:53:47.105998,2026-08-15 21:37:21.933301,delivered,16.26,low,clear,delivered,1,0.0,-0.78,delivered_on_time,2026-08-15T21:38:08.527830,D034,D001,2026-08-15T20:37:51.420888,eta-v3.1,completed,0,0,0,0,0,0,0,,3,0,0,,5,2,1,24.785099966666667,43.58045505,0,0,0,0,Cafe,bike,31.0
O00108,C0226,R040,D057,Bengaluru,2026-08-18 23:59:00,2026-08-19 01:24:48,2026-08-19 00:11:01.322470,2026-08-19 01:16:32.308921,delivered,18.0,high,heavy_rain,delivered,1,0.0,-8.26,delivered_on_time,2026-08-19T01:46:48,D057,D057,,eta-v3.2,completed,0,0,0,0,0,0,0,,4,1,1,ready,8,5,1,12.022041166666666,65.51644085000001,0,0,0,0,Desserts,scooter,7.0
O00109,C0894,R002,D040,Bengaluru,2026-08-28 18:41:00,,2026-08-28 19:01:15.568247,2026-08-28 19:44:50.633375,delivered,11.92,high,clear,delivered,1,0.0,-3.2,delivered_on_time,2026-08-28T19:58:02.408337,D040,D040,,eta-v3.1,completed,0,0,0,1,0,0,0,,3,0,1,preparing,8,5,1,20.25947078333333,43.5844188,0,0,0,0,Burgers,bike,27.0
O00110,C0811,R040,D037,Bengaluru,2026-08-12 13:12:00,2026-08-12 14:37:24,2026-08-12 13:56:04.470524,2026-08-12 14:58:44.027044,delivered,18.0,severe,clear,delivered,1,1.0,21.33,delivered_late,2026-08-12T15:03:07.984670,D027,D037,2026-08-12T13:15:03.611535,eta-v3.1,completed,2,0,1,0,0,0,0,,4,0,1,handed_off,5,2,1,44.07450873333333,62.65927533333333,1,0,0,0,Desserts,scooter,10.0
O00111,C0338,R031,D118,Bengaluru,2026-08-15 14:13:00,2026-08-15 15:32:48,2026-08-15 14:58:06.249152,2026-08-15 15:48:32.793183,delivered,18.0,high,clear,delivered,1,1.0,15.75,delivered_late,2026-08-15T15:51:56.506551,D118,D118,,eta-v3.2,completed,3,0,0,1,0,0,0,,3,0,0,,6,3,1,45.104152533333334,50.442400516666666,0,0,0,0,Chinese,bike,7.0
O00112,C0404,R056,D115,Bengaluru,2026-08-09 12:37:00,2026-08-09 13:59:18,2026-08-09 12:48:00.358227,2026-08-09 13:48:51.605724,delivered,18.0,high,rain,delivered,1,0.0,-10.44,delivered_on_time,2026-08-09T14:14:18,D115,D115,,eta-v3.2,completed,2,0,0,1,0,0,0,,3,0,1,handed_off,7,4,1,11.005970450000001,60.85412495,0,0,0,0,Biryani,bike,20.0
O00113,C0605,R058,D059,Bengaluru,2026-08-18 18:54:00,2026-08-18 20:12:06,2026-08-18 19:38:57.053016,2026-08-18 20:31:15.102926,delivered,18.0,medium,rain,delivered,1,1.0,19.15,delivered_late,2026-08-18T20:26:53.576454,D059,D059,,eta-v3.2,completed,1,0,0,0,0,0,0,,3,0,0,,5,2,1,44.9508836,52.30083183333333,0,0,0,0,North Indian,bike,7.0
O00114,C0602,R056,D093,Bengaluru,2026-08-03 18:53:00,2026-08-03 20:05:48,2026-08-03 19:21:17.131133,2026-08-03 20:12:00.539850,delivered,18.0,low,clear,delivered,1,1.0,6.21,delivered_late,2026-08-03T20:06:34.278406,D093,D093,,eta-v3.1,completed,3,0,0,1,0,0,1,CUSTOMER_CREDIT,3,0,0,,7,4,1,28.285518883333335,50.72347861666666,0,1,0,0,Biryani,ebike,28.0
O00115,C0104,R017,D029,Bengaluru,2026-08-24 12:48:00,,2026-08-24 13:10:51.877854,2026-08-24 13:30:45.204008,delivered,6.51,medium,clear,delivered,1,0.0,-8.72,delivered_on_time,2026-08-24T13:43:28.307218,D029,D029,,eta-v3.2,completed,2,0,0,0,0,0,1,DRIVER_REASSIGNMENT,3,0,1,preparing,7,4,1,22.8646309,19.888769233333335,0,1,0,0,North Indian,bike,19.0
O00116,C0264,R004,D100,Bengaluru,2026-08-26 23:30:00,2026-08-27 00:49:48,2026-08-27 00:07:01.064026,2026-08-27 01:02:35.610076,delivered,18.0,high,clear,delivered,1,1.0,12.79,delivered_late,2026-08-27T01:01:47.701605,D100,D100,,eta-v3.1,completed,3,0,0,1,1,1,0,,4,0,0,,8,5,1,37.017733766666666,55.5757675,1,0,0,0,South Indian,scooter,7.0
O00117,C0480,R032,D016,Bengaluru,2026-08-18 19:43:00,2026-08-18 20:58:36,2026-08-18 20:06:42.521740,2026-08-18 20:55:24.550476,delivered,18.0,medium,clear,delivered,1,0.0,-3.19,delivered_on_time,2026-08-18T21:02:36,D016,D016,,eta-v3.2,completed,0,0,0,1,0,0,0,,3,0,0,,8,5,1,23.708695666666664,48.700478933333336,0,0,0,0,Pizza,scooter,46.0
O00118,C0258,R060,D032,Bengaluru,2026-08-27 21:52:00,,2026-08-27 22:23:32.703369,2026-08-27 23:11:23.618617,delivered,13.72,high,clear,delivered,1,1.0,8.58,delivered_late,2026-08-27T23:15:51.622260,D066,D032,2026-08-27T21:57:57.446344,eta-v3.1,completed,2,0,1,2,1,1,0,,3,0,0,,8,5,1,31.54505615,47.848587466666665,1,0,0,0,Chinese,ebike,5.0
O00119,C0039,R041,D115,Bengaluru,2026-08-24 15:18:00,2026-08-24 16:33:18,2026-08-24 15:55:54.243412,2026-08-24 16:46:13.615274,delivered,18.0,low,rain,delivered,1,1.0,12.93,delivered_late,2026-08-24T16:38:18,D115,D115,,eta-v3.1,completed,0,0,0,1,0,0,0,,3,0,1,ready,7,4,1,37.904056866666664,50.322864366666664,0,0,0,0,Desserts,bike,20.0
O00120,C0501,R040,D045,Bengaluru,2026-08-13 18:15:00,2026-08-13 19:40:24,2026-08-13 18:29:08.055622,2026-08-13 19:34:08.431508,delivered,18.0,severe,clear,delivered,1,0.0,-6.26,delivered_on_time,2026-08-13T19:58:24,D045,D045,,eta-v3.1,completed,1,0,0,0,0,0,0,,3,0,1,ready,8,5,1,14.134260366666666,65.00626476666666,0,0,1,0,Desserts,scooter,21.0
O00121,C0008,R053,D011,Bengaluru,2026-08-14 19:21:00,2026-08-14 20:39:06,2026-08-14 20:06:13.979013,2026-08-14 20:59:24.936926,delivered,18.0,medium,rain,delivered,1,1.0,20.32,delivered_late,2026-08-14T20:54:51.978105,D011,D011,,eta-v3.1,completed,1,0,0,1,1,1,0,,3,0,0,,7,4,1,45.23298355,53.182631883333336,1,0,0,0,North Indian,scooter,18.0
O00122,C0829,R010,D087,Bengaluru,2026-08-11 11:13:00,2026-08-11 12:28:36,2026-08-11 11:38:44.232576,2026-08-11 12:29:52.348141,delivered,18.0,medium,clear,delivered,1,1.0,1.27,delivered_late,2026-08-11T12:34:32.924079,D087,D087,,eta-v3.2,completed,2,0,0,0,0,0,0,,3,0,0,,7,4,1,25.737209600000003,51.13525941666667,0,0,0,0,North Indian,bike,62.0
O00123,C0110,R017,D104,Bengaluru,2026-08-03 18:22:00,,2026-08-03 18:42:42.220551,2026-08-03 19:24:39.852763,delivered,16.5,low,clear,delivered,1,0.0,-6.99,delivered_on_time,2026-08-03T19:32:17.676463,D104,D104,,eta-v3.2,completed,3,0,0,0,0,0,0,,3,0,1,preparing,7,4,1,20.70367585,41.960536866666665,0,0,0,0,North Indian,bike,30.0
O00124,C0471,R042,D053,Bengaluru,2026-08-13 17:43:00,,2026-08-13 18:08:49.859896,2026-08-13 18:51:21.876941,delivered,15.94,medium,clear,delivered,1,0.0,-2.9,delivered_on_time,2026-08-13T18:58:55.254043,D053,D053,,eta-v3.2,completed,3,0,0,0,0,0,0,,4,1,0,,6,3,1,25.830998266666665,42.533617416666665,0,0,0,0,Chinese,bike,22.0
O00125,C0583,R004,D103,Bengaluru,2026-08-01 22:28:00,2026-08-01 23:43:36,2026-08-01 22:57:54.141616,2026-08-01 23:45:02.539050,delivered,18.0,medium,clear,delivered,1,1.0,1.44,delivered_late,2026-08-01T23:52:19.397381,D046,D103,2026-08-01T22:33:52.909575,eta-v3.2,completed,0,0,0,0,0,0,0,,4,0,0,,5,2,1,29.90236026666667,47.139957233333334,0,0,0,0,South Indian,scooter,28.0
O00126,C0834,R001,D104,Bengaluru,2026-08-03 20:35:00,2026-08-03 22:00:48,2026-08-03 21:03:22.215700,2026-08-03 22:13:14.216068,delivered,18.0,high,heavy_rain,delivered,1,1.0,12.44,delivered_late,2026-08-03T22:22:48,D104,D104,,eta-v3.2,completed,3,0,1,0,0,0,1,PRIORITY_DISPATCH,3,0,0,,6,3,1,28.370261666666668,69.8666728,1,1,0,0,South Indian,bike,30.0
O00127,C0758,R001,D047,Bengaluru,2026-08-03 17:15:00,2026-08-03 18:34:48,2026-08-03 17:34:36.898065,,delivered,18.0,high,clear,delivered,1,,,unknown,2026-08-03T18:44:48,D047,D047,,eta-v3.2,completed,3,0,0,0,0,0,0,,2,0,0,,7,4,1,19.61496775,,0,0,0,0,South Indian,scooter,10.0
O00128,C0704,R013,D010,Bengaluru,2026-08-20 13:20:00,2026-08-20 14:35:36,2026-08-20 13:42:57.335430,2026-08-20 14:35:25.533191,delivered,18.0,medium,clear,delivered,1,0.0,-0.17,delivered_on_time,2026-08-20T14:39:36,D010,D010,,eta-v3.2,completed,3,0,0,1,0,0,0,,3,0,0,,6,3,1,22.955590500000003,52.46996268333333,0,0,0,0,Pizza,ebike,7.0
O00129,C0495,R042,D090,Bengaluru,2026-08-12 12:36:00,,2026-08-12 12:49:35.438483,,cancelled,14.6,low,heavy_rain,cancelled,0,,,cancelled,2026-08-12T14:01:31.801901,D090,D090,,eta-v3.1,cancelled,1,0,0,1,0,0,0,,2,0,0,,1,0,0,13.590641383333333,,0,0,0,0,Chinese,bike,12.0
O00130,C0783,R053,D041,Bengaluru,2026-08-15 20:53:00,,2026-08-15 21:15:07.369165,2026-08-15 21:59:47.592892,delivered,11.9,high,rain,delivered,1,0.0,-2.71,delivered_on_time,2026-08-15T22:18:43.772263,D041,D041,,eta-v3.1,completed,1,0,0,0,0,0,0,,3,0,0,,8,5,1,22.12281941666667,44.67039545,0,0,0,0,North Indian,bike,83.0
O00131,C0106,R055,D060,Bengaluru,2026-08-28 19:34:00,2026-08-28 20:52:48,2026-08-28 19:57:44.311187,2026-08-28 21:07:19.033974,delivered,18.0,low,heavy_rain,delivered,1,1.0,14.52,delivered_late,2026-08-28T21:04:53.408284,D060,D060,,eta-v3.1,completed,4,0,1,1,1,1,0,,3,0,1,ready,7,4,1,23.738519783333334,69.57871311666666,1,0,0,0,Burgers,bike,24.0
O00132,C0455,R003,D052,Bengaluru,2026-08-21 17:48:00,2026-08-21 19:06:06,2026-08-21 18:25:18.336678,2026-08-21 19:19:26.978884,delivered,18.0,medium,rain,delivered,1,1.0,13.35,delivered_late,2026-08-21T19:18:51.131804,D052,D052,,eta-v3.1,completed,1,0,0,0,0,0,0,,3,0,1,preparing,8,5,1,37.3056113,54.144036766666666,0,0,0,0,Chinese,bike,10.0
O00133,C0561,R033,D119,Bengaluru,2026-08-16 12:26:00,2026-08-16 13:51:24,2026-08-16 12:42:56.533519,2026-08-16 13:47:43.845091,delivered,18.0,severe,clear,delivered,1,0.0,-3.67,delivered_on_time,2026-08-16T14:09:24,D119,D119,,eta-v3.2,completed,1,0,0,0,0,0,0,,3,0,1,handed_off,5,2,1,16.942225316666665,64.7885262,0,0,0,0,Cafe,bike,15.0
O00134,C0864,R023,D025,Bengaluru,2026-08-11 12:02:00,2026-08-11 13:21:48,2026-08-11 12:32:24.166489,2026-08-11 13:26:44.478045,delivered,18.0,high,clear,delivered,1,1.0,4.94,delivered_late,2026-08-11T13:31:48,D025,D025,,eta-v3.1,completed,0,0,0,0,0,0,0,,3,0,0,,6,3,1,30.402774816666668,54.33852593333334,0,0,0,0,Pizza,bike,28.0
O00135,C0834,R019,D036,Bengaluru,2026-08-26 17:11:00,2026-08-26 18:23:48,2026-08-26 17:31:55.638508,2026-08-26 18:20:00.064441,delivered,18.0,low,clear,delivered,1,0.0,-3.8,delivered_on_time,2026-08-26T18:24:59.314510,D036,D036,,eta-v3.1,completed,1,0,0,0,0,0,1,PRIORITY_DISPATCH,3,0,1,handed_off,6,3,1,20.927308466666666,48.07376555,0,1,0,0,Cafe,bike,20.0
O00136,C0158,R058,D089,Bengaluru,2026-08-19 12:55:00,2026-08-19 14:10:36,2026-08-19 13:17:26.396076,2026-08-19 14:06:44.476209,delivered,18.0,medium,clear,delivered,1,0.0,-3.86,delivered_on_time,2026-08-19T14:14:45.414484,D089,D089,,eta-v3.2,completed,2,0,0,0,0,0,0,,4,0,1,ready,8,5,1,22.4399346,49.30133555,0,0,0,0,North Indian,bike,19.0
O00137,C0300,R059,D041,Bengaluru,2026-08-23 20:58:00,,2026-08-23 21:27:56.773299,2026-08-23 22:13:57.518372,delivered,12.27,high,clear,delivered,1,1.0,8.18,delivered_late,2026-08-23T22:20:26.764442,D041,D041,,eta-v3.2,completed,0,0,0,0,0,0,0,,3,0,0,,8,5,1,29.94622165,46.012417883333335,0,0,0,0,Burgers,bike,83.0
O00138,C0083,R042,D064,Bengaluru,2026-08-06 18:31:00,2026-08-06 19:46:36,2026-08-06 18:59:16.807438,2026-08-06 19:44:41.606985,delivered,18.0,medium,clear,delivered,1,0.0,-1.91,delivered_on_time,2026-08-06T19:51:59.438841,D064,D064,,eta-v3.1,completed,0,0,0,0,0,0,1,RESTAURANT_CONTACT,3,0,0,,8,5,1,28.280123966666668,45.413325783333335,0,1,0,0,Chinese,bike,17.0
O00139,C0013,R002,D040,Bengaluru,2026-08-19 11:48:00,2026-08-19 13:03:36,2026-08-19 12:11:44.683358,2026-08-19 13:04:24.637458,delivered,18.0,medium,clear,delivered,1,1.0,0.81,delivered_late,2026-08-19T13:09:11.160831,D040,D040,,eta-v3.2,completed,0,0,0,0,0,0,1,DRIVER_REASSIGNMENT,3,0,0,,5,2,1,23.744722633333332,52.66590166666666,0,1,0,0,Burgers,bike,27.0
O00140,C0099,R047,D003,Bengaluru,2026-08-18 20:23:00,,2026-08-18 20:37:17.560186,2026-08-18 20:55:05.861193,delivered,4.59,medium,clear,delivered,1,0.0,-15.35,delivered_on_time,2026-08-18T21:14:26.587697,D003,D003,,eta-v3.1,completed,2,0,0,0,0,0,1,DRIVER_REASSIGNMENT,3,0,1,ready,5,2,1,14.292669766666668,17.805016783333333,0,1,0,0,South Indian,scooter,15.0
O00141,C0168,R031,D015,Bengaluru,2026-08-27 12:55:00,,2026-08-27 13:19:30.920330,2026-08-27 14:17:35.745239,delivered,15.94,severe,clear,delivered,1,1.0,1.52,delivered_late,2026-08-27T14:34:04.794077,D015,D015,,eta-v3.2,completed,1,0,0,1,0,0,1,RESTAURANT_CONTACT,3,0,0,,6,3,1,24.51533883333333,58.08041515,0,1,0,0,Chinese,ebike,23.0
O00142,C0056,R022,D036,Bengaluru,2026-08-19 17:17:00,,2026-08-19 17:28:46.105943,2026-08-19 18:08:17.238707,delivered,12.68,medium,clear,delivered,1,0.0,-13.14,delivered_on_time,2026-08-19T18:25:33.602338,D036,D036,,eta-v3.1,completed,2,0,0,1,0,0,1,DRIVER_REASSIGNMENT,4,0,1,preparing,8,5,1,11.768432383333334,39.518879399999996,0,1,0,0,South Indian,bike,20.0
O00143,C0678,R013,D030,Bengaluru,2026-08-08 13:20:00,2026-08-08 14:39:48,2026-08-08 13:46:37.538377,2026-08-08 14:37:32.053193,delivered,18.0,high,clear,delivered,1,0.0,-2.27,delivered_on_time,2026-08-08T14:51:07.175905,D030,D030,,eta-v3.2,completed,2,0,0,0,0,0,0,,3,0,0,,5,2,1,26.625639616666668,50.90858026666667,0,0,0,0,Pizza,scooter,19.0
O00144,C0771,R034,D023,Bengaluru,2026-08-23 22:23:00,,2026-08-23 22:55:25.996875,2026-08-23 23:35:57.157310,delivered,13.34,medium,clear,delivered,1,1.0,7.13,delivered_late,2026-08-23T23:32:49.161332,D023,D023,,eta-v3.2,completed,0,0,0,0,0,0,0,,3,0,0,,8,5,1,32.43328125,40.51934058333333,0,0,0,0,Pizza,ebike,27.0
O00145,C0377,R015,D035,Bengaluru,2026-08-11 18:08:00,,2026-08-11 18:37:22.495775,2026-08-11 19:16:48.103141,delivered,13.4,medium,clear,delivered,1,1.0,2.87,delivered_late,2026-08-11T19:17:56.187318,D035,D035,,eta-v3.2,completed,2,0,0,0,0,0,0,,3,0,0,,6,3,1,29.374929583333333,39.42678943333333,0,0,0,0,Cafe,scooter,5.0
O00146,C0031,R015,D046,Bengaluru,2026-08-07 23:58:00,,2026-08-08 00:10:12.231564,2026-08-08 00:29:43.338196,delivered,4.17,low,clear,delivered,1,0.0,-12.02,delivered_on_time,2026-08-08T00:41:44.791949,D046,D046,,eta-v3.2,completed,3,0,0,0,0,0,0,,3,0,1,handed_off,6,3,1,12.2038594,19.518443866666665,0,0,0,0,Cafe,bike,38.0
O00147,C0572,R016,D025,Bengaluru,2026-08-25 14:41:00,,2026-08-25 15:31:31.074721,2026-08-25 15:59:59.246273,delivered,10.12,low,clear,delivered,1,1.0,22.74,delivered_late,2026-08-25T15:37:36.779500,D045,D025,2026-08-25T14:49:10.004812,eta-v3.2,completed,0,0,0,2,1,1,0,,3,0,0,,8,5,1,50.51791201666666,28.469525866666668,1,0,0,0,Biryani,bike,28.0
O00148,C0197,R025,D106,Bengaluru,2026-08-10 13:49:00,2026-08-10 15:11:18,2026-08-10 14:16:35.150451,2026-08-10 15:11:50.036755,delivered,18.0,high,rain,delivered,1,1.0,0.53,delivered_late,2026-08-10T15:26:18,D106,D106,,eta-v3.1,completed,0,0,0,1,0,0,0,,3,0,0,,6,3,1,27.58584085,55.24810506666667,0,0,0,0,South Indian,bike,24.0
O00149,C0825,R055,D078,Bengaluru,2026-08-22 18:13:00,2026-08-22 19:25:48,2026-08-22 18:47:37.875668,2026-08-22 19:33:44.911350,delivered,18.0,low,clear,delivered,1,1.0,7.95,delivered_late,2026-08-22T19:27:09.809173,D078,D078,,eta-v3.1,completed,1,0,0,0,0,0,0,,3,0,1,handed_off,5,2,1,34.63126113333333,46.11726136666667,0,0,0,0,Burgers,bike,18.0
O00150,C0747,R020,D043,Bengaluru,2026-08-24 19:49:00,,2026-08-24 20:19:34.582382,2026-08-24 21:02:17.714042,delivered,6.8,severe,clear,delivered,1,1.0,11.41,delivered_late,2026-08-24T21:08:53.351582,D043,D043,,eta-v3.2,completed,1,0,0,0,0,0,0,,3,0,0,,5,2,1,30.576373033333333,42.718861,0,0,0,0,Burgers,bike,14.0
O00151,C0641,R026,D104,Bengaluru,2026-08-08 18:07:00,2026-08-08 19:22:36,2026-08-08 19:00:44.862820,2026-08-08 19:50:49.669847,delivered,18.0,medium,clear,delivered,1,1.0,28.23,delivered_late,2026-08-08T19:34:46.611441,D104,D104,,eta-v3.2,completed,0,0,0,0,0,0,1,RESTAURANT_CONTACT,3,0,1,handed_off,6,3,1,53.74771366666666,50.08011711666666,0,1,0,0,Desserts,bike,30.0
O00152,C0179,R010,D109,Bengaluru,2026-08-01 19:00:00,,2026-08-01 19:41:35.702459,2026-08-01 20:10:58.760171,delivered,9.25,medium,clear,delivered,1,1.0,13.76,delivered_late,2026-08-01T20:08:57.474056,D109,D109,,eta-v3.2,completed,3,0,1,0,0,0,0,,3,0,0,,6,3,1,41.595040983333334,29.3842952,1,0,0,0,North Indian,bike,36.0
O00153,C0274,R049,D009,Bengaluru,2026-08-07 23:09:00,2026-08-08 00:24:36,2026-08-07 23:27:02.113360,2026-08-08 00:17:04.059853,delivered,18.0,medium,clear,delivered,1,0.0,-7.53,delivered_on_time,2026-08-08T00:28:36,D009,D009,,eta-v3.1,completed,3,0,0,0,0,0,1,PRIORITY_DISPATCH,3,0,0,,5,2,1,18.035222666666666,50.03244155,0,1,0,0,Chinese,ebike,15.0
O00154,C0795,R015,D115,Bengaluru,2026-08-20 19:19:00,,2026-08-20 19:55:54.825409,,cancelled,7.12,high,clear,cancelled,0,,,cancelled,2026-08-20T20:25:57.271706,D115,D115,,eta-v3.2,cancelled,0,0,0,0,0,0,0,,2,0,0,,1,0,0,36.91375681666667,,0,0,0,0,Cafe,bike,20.0
O00155,C0521,R023,D072,Bengaluru,2026-08-17 18:52:00,,2026-08-17 19:39:21.661056,2026-08-17 20:28:38.696717,delivered,16.8,high,clear,delivered,1,1.0,19.35,delivered_late,2026-08-17T20:26:51.880000,D105,D072,2026-08-17T18:58:01.531356,eta-v3.1,completed,0,0,0,0,0,0,0,,3,0,0,,5,2,1,47.3610176,49.28392768333333,0,0,0,0,Pizza,scooter,22.0
O00156,C0772,R017,D006,Bengaluru,2026-08-02 18:36:00,,2026-08-02 18:56:34.642680,2026-08-02 19:25:53.583575,delivered,9.53,low,clear,delivered,1,0.0,-5.12,delivered_on_time,2026-08-02T19:31:00.930944,D006,D006,,eta-v3.1,completed,1,0,0,0,0,0,0,,3,0,0,,5,2,1,20.577378,29.315681583333333,0,0,0,0,North Indian,bike,12.0
O00157,C0663,R045,D090,Bengaluru,2026-08-13 22:11:00,2026-08-13 23:38:54,2026-08-13 22:26:56.657561,2026-08-13 23:38:51.565754,delivered,18.0,severe,rain,delivered,1,0.0,-0.04,delivered_on_time,2026-08-14T00:01:54,D090,D090,,eta-v3.2,completed,3,0,0,0,0,0,0,,3,0,0,,7,4,1,15.944292683333334,71.91513655,0,0,0,0,Cafe,bike,12.0
O00158,C0119,R004,D009,Bengaluru,2026-08-02 13:51:00,2026-08-02 15:06:36,2026-08-02 14:23:48.867978,2026-08-02 15:13:25.227823,delivered,18.0,medium,clear,delivered,1,1.0,6.82,delivered_late,2026-08-02T15:12:31.225128,D009,D009,,eta-v3.1,completed,1,0,0,0,0,0,0,,3,0,0,,5,2,1,32.8144663,49.60599741666667,0,0,0,0,South Indian,ebike,15.0
O00159,C0306,R039,D086,Bengaluru,2026-08-26 16:39:00,,2026-08-26 16:59:36.844737,2026-08-26 17:43:17.011006,delivered,13.43,medium,clear,delivered,1,0.0,-1.72,delivered_on_time,2026-08-26T17:49:39.897307,D086,D086,,eta-v3.1,completed,0,0,0,0,0,0,0,,3,0,0,,8,5,1,20.61407895,43.669437816666665,0,0,0,0,Biryani,bike,28.0
O00160,C0676,R005,D091,Bengaluru,2026-08-11 11:42:00,2026-08-11 12:57:36,2026-08-11 12:04:02.500906,2026-08-11 12:59:42.792322,delivered,18.0,medium,clear,delivered,1,1.0,2.11,delivered_late,2026-08-11T13:01:36,D091,D091,,eta-v3.1,completed,0,0,0,0,0,0,0,,3,0,1,handed_off,5,2,1,22.041681766666667,55.6715236,0,0,0,0,North Indian,bike,47.0
O00161,C0436,R031,D030,Bengaluru,2026-08-28 18:44:00,,2026-08-28 19:17:06.730220,2026-08-28 20:09:18.343135,delivered,17.69,high,clear,delivered,1,1.0,6.17,delivered_late,2026-08-28T20:15:53.878514,D030,D030,,eta-v3.1,completed,1,0,0,0,0,0,0,,3,0,1,handed_off,6,3,1,33.11217033333333,52.19354858333334,0,0,0,0,Chinese,scooter,19.0
O00162,C0348,R003,D001,Bengaluru,2026-08-26 17:53:00,2026-08-26 19:12:48,2026-08-26 18:27:32.131791,2026-08-26 19:21:12.950887,delivered,18.0,high,clear,delivered,1,1.0,8.42,delivered_late,2026-08-26T19:23:46.580752,D001,D001,,eta-v3.1,completed,2,0,0,1,1,1,1,CUSTOMER_CREDIT,3,0,0,,7,4,1,34.535529849999996,53.68031826666667,1,1,0,0,Chinese,bike,31.0
O00163,C0251,R041,D057,Bengaluru,2026-08-10 18:54:00,,2026-08-10 19:15:54.739354,2026-08-10 19:29:29.287513,delivered,2.33,low,clear,delivered,1,0.0,-4.42,delivered_on_time,2026-08-10T19:33:54.189206,D057,D057,,eta-v3.2,completed,3,0,0,0,0,0,0,,4,1,0,,6,3,1,21.912322566666667,13.575802650000002,0,0,0,0,Desserts,scooter,7.0
O00164,C0258,R041,D114,Bengaluru,2026-08-10 15:11:00,2026-08-10 16:23:48,2026-08-10 15:33:17.488760,2026-08-10 16:20:22.459871,delivered,18.0,low,clear,delivered,1,0.0,-3.43,delivered_on_time,2026-08-10T16:23:48,D114,D114,,eta-v3.1,completed,2,0,0,0,0,0,0,,3,0,0,,5,2,1,22.29147933333333,47.08285185,0,0,0,0,Desserts,bike,59.0
O00165,C0433,R047,D058,Bengaluru,2026-08-05 14:25:00,,2026-08-05 14:53:45.473111,2026-08-05 15:09:05.679077,delivered,2.71,medium,clear,delivered,1,1.0,0.61,delivered_late,2026-08-05T15:14:20.386846,D009,D058,2026-08-05T14:30:14.990265,eta-v3.2,completed,3,0,0,1,0,0,0,,3,0,0,,5,2,1,28.757885183333332,15.3367661,0,0,0,0,South Indian,scooter,15.0
O00166,C0423,R032,D080,Bengaluru,2026-08-11 12:29:00,2026-08-11 13:44:18,2026-08-11 12:50:16.683775,2026-08-11 13:39:02.394552,delivered,18.0,low,rain,delivered,1,0.0,-5.26,delivered_on_time,2026-08-11T13:49:48.475513,D080,D080,,eta-v3.2,completed,1,0,0,0,0,0,0,,3,0,0,,6,3,1,21.278062916666666,48.76184628333333,0,0,0,0,Pizza,bike,12.0
O00167,C0764,R011,D038,Bengaluru,2026-08-20 19:15:00,2026-08-20 20:34:48,2026-08-20 19:40:06.393514,2026-08-20 20:34:19.113734,delivered,18.0,high,clear,delivered,1,0.0,-0.48,delivered_on_time,2026-08-20T20:45:02.697791,D038,D038,,eta-v3.1,completed,2,0,0,0,0,0,0,,3,0,1,ready,5,2,1,25.106558566666667,54.21200366666667,0,0,0,0,Chinese,bike,22.0
O00168,C0577,R043,D090,Bengaluru,2026-08-12 18:50:00,,2026-08-12 19:15:03.881383,2026-08-12 20:04:23.421514,delivered,17.65,medium,rain,delivered,1,0.0,-2.96,delivered_on_time,2026-08-12T20:16:42.908794,D090,D090,,eta-v3.2,completed,3,0,0,1,0,0,1,PRIORITY_DISPATCH,3,0,0,,8,5,1,25.064689716666667,49.32566885000001,0,1,0,0,Burgers,bike,12.0
O00169,C0389,R055,D064,Bengaluru,2026-08-22 15:34:00,,2026-08-22 16:19:20.745210,2026-08-22 17:04:40.775814,delivered,8.2,high,rain,delivered,1,1.0,28.95,delivered_late,2026-08-22T17:02:41.391780,D064,D064,,eta-v3.1,completed,3,0,0,1,1,1,0,,4,1,0,,7,4,1,45.3457535,45.3338434,1,0,0,0,Burgers,bike,17.0
O00170,C0129,R015,D072,Bengaluru,2026-08-23 17:36:00,,2026-08-23 18:07:56.927664,2026-08-23 18:51:18.866664,delivered,15.65,medium,clear,delivered,1,1.0,4.64,delivered_late,2026-08-23T18:51:02.876878,D072,D072,,eta-v3.2,completed,0,0,0,0,0,0,0,,3,0,0,,5,2,1,31.9487944,43.365649999999995,0,0,0,0,Cafe,scooter,22.0
O00171,C0197,R008,D103,Bengaluru,2026-08-17 18:21:00,2026-08-17 19:46:24,2026-08-17 19:10:31.744691,2026-08-17 20:14:45.009468,delivered,18.0,severe,clear,delivered,1,1.0,28.35,delivered_late,2026-08-17T20:12:47.185557,D076,D103,2026-08-17T18:29:54.497561,eta-v3.1,completed,2,0,0,0,0,0,1,DRIVER_REASSIGNMENT,4,0,1,ready,7,4,1,49.52907818333333,64.22107961666667,0,1,0,0,Cafe,scooter,28.0
O00172,C0027,R012,D074,Bengaluru,2026-08-04 16:20:00,,2026-08-04 16:46:21.529411,2026-08-04 17:23:20.738324,delivered,14.48,low,clear,delivered,1,0.0,-2.06,delivered_on_time,2026-08-04T17:25:24.396622,D074,D074,,eta-v3.2,completed,1,0,0,0,0,0,1,DRIVER_REASSIGNMENT,3,0,0,,6,3,1,26.358823516666668,36.98681521666666,0,1,0,0,Biryani,bike,6.0
O00173,C0316,R009,D098,Bengaluru,2026-08-06 20:44:00,2026-08-06 22:09:24,2026-08-06 20:59:02.772135,,cancelled,18.0,severe,clear,cancelled,0,,,cancelled,2026-08-06T22:29:48.732822,D098,D098,,eta-v3.1,cancelled,2,0,0,1,0,0,0,,2,0,0,,1,0,0,15.04620225,,0,0,0,0,Burgers,scooter,7.0
O00174,C0797,R049,D056,Bengaluru,2026-08-21 18:59:00,,2026-08-21 19:43:26.579106,2026-08-21 20:18:20.245322,delivered,12.59,medium,clear,delivered,1,1.0,15.11,delivered_late,2026-08-21T20:12:22.381413,D056,D056,,eta-v3.2,completed,0,0,0,1,1,1,1,PRIORITY_DISPATCH,4,0,0,,7,4,1,44.4429851,34.89443693333333,1,1,0,0,Chinese,scooter,19.0
O00175,C0062,R005,D069,Bengaluru,2026-08-24 11:24:00,2026-08-24 12:39:36,2026-08-24 11:41:02.594801,2026-08-24 12:33:24.594820,delivered,18.0,medium,clear,delivered,1,0.0,-6.19,delivered_on_time,2026-08-24T12:43:43.049714,D069,D069,,eta-v3.2,completed,2,0,0,0,0,0,0,,3,0,0,,6,3,1,17.043246683333333,52.36666698333333,0,0,0,0,North Indian,scooter,16.0
O00176,C0045,R004,D005,Bengaluru,2026-08-10 11:16:00,,2026-08-10 11:47:24.681107,2026-08-10 12:34:38.828932,delivered,8.56,severe,clear,delivered,1,1.0,13.07,delivered_late,2026-08-10T12:39:34.354653,D005,D005,,eta-v3.1,completed,1,0,0,0,0,0,0,,4,0,0,,8,5,1,31.411351783333334,47.23579708333333,0,0,0,0,South Indian,bike,26.0
O00177,C0634,R023,D044,Bengaluru,2026-08-02 12:13:00,,2026-08-02 12:36:41.288315,2026-08-02 13:06:28.125718,delivered,4.47,severe,clear,delivered,1,0.0,-3.52,delivered_on_time,2026-08-02T13:27:59.404344,D044,D044,,eta-v3.1,completed,1,0,0,0,0,0,1,RESTAURANT_CONTACT,3,0,0,,8,5,1,23.688138583333334,29.78062338333333,0,1,0,0,Pizza,scooter,19.0
O00178,C0642,R023,D120,Bengaluru,2026-08-20 18:06:00,2026-08-20 19:18:48,2026-08-20 18:52:50.068068,2026-08-20 19:37:12.390120,delivered,18.0,low,clear,delivered,1,1.0,18.41,delivered_late,2026-08-20T19:18:48,D120,D120,,eta-v3.2,completed,0,0,0,0,0,0,0,,3,0,0,,8,5,1,46.8344678,44.3720342,0,0,0,0,Pizza,scooter,22.0
O00179,C0076,R060,D021,Bengaluru,2026-08-15 15:53:00,,2026-08-15 16:19:46.225712,2026-08-15 16:58:06.341578,delivered,10.18,medium,clear,delivered,1,1.0,5.94,delivered_late,2026-08-15T16:56:10.142586,D021,D021,,eta-v3.1,completed,0,0,0,0,0,0,0,,3,0,0,,8,5,1,26.770428533333334,38.335264433333336,0,0,0,0,Chinese,scooter,38.0
O00180,C0505,R041,D001,Bengaluru,2026-08-08 18:05:00,2026-08-08 19:23:06,2026-08-08 18:43:23.314022,2026-08-08 19:37:52.194153,delivered,18.0,medium,rain,delivered,1,1.0,14.77,delivered_late,2026-08-08T19:38:29.929898,D001,D001,,eta-v3.2,completed,0,0,0,2,1,1,0,,3,0,0,,6,3,1,38.38856703333333,54.48133551666667,1,0,0,0,Desserts,bike,31.0
O00181,C0107,R006,D096,Bengaluru,2026-08-14 12:43:00,,2026-08-14 13:08:26.991712,2026-08-14 14:04:55.731344,delivered,16.05,medium,heavy_rain,delivered,1,1.0,4.42,delivered_late,2026-08-14T14:16:30.808398,D096,D096,,eta-v3.1,completed,0,0,0,0,0,0,0,,3,0,1,handed_off,8,5,1,25.449861866666666,56.47899386666666,0,0,0,0,Pizza,bike,20.0
O00182,C0441,R055,D083,Bengaluru,2026-08-23 19:33:00,2026-08-23 20:52:48,2026-08-23 20:13:00.455578,2026-08-23 21:07:17.763162,delivered,18.0,high,clear,delivered,1,1.0,14.5,delivered_late,2026-08-23T21:09:14.342820,D083,D083,,eta-v3.1,completed,2,0,0,0,0,0,0,,3,0,1,ready,7,4,1,40.00759296666667,54.28845973333333,0,0,0,0,Burgers,bike,38.0
O00183,C0028,R041,D018,Bengaluru,2026-08-16 11:17:00,,2026-08-16 11:47:02.970571,2026-08-16 12:17:16.575773,delivered,10.14,medium,clear,delivered,1,1.0,1.19,delivered_late,2026-08-16T12:20:05.414444,D018,D018,,eta-v3.1,completed,0,0,0,0,0,0,0,,3,0,0,,7,4,1,30.049509516666667,30.226753366666667,0,0,0,0,Desserts,bike,16.0
O00184,C0213,R058,D016,Bengaluru,2026-08-09 21:54:00,2026-08-09 23:13:48,2026-08-09 22:15:21.472383,2026-08-09 23:11:22.059651,delivered,18.0,high,clear,delivered,1,0.0,-2.43,delivered_on_time,2026-08-09T23:24:29.497243,D016,D016,,eta-v3.2,completed,0,0,0,0,0,0,0,,3,0,0,,5,2,1,21.357873050000002,56.009787800000005,0,0,0,0,North Indian,scooter,46.0
O00185,C0136,R012,D106,Bengaluru,2026-08-27 17:31:00,2026-08-27 18:53:18,2026-08-27 17:46:55.450542,2026-08-27 18:45:35.259246,delivered,18.0,high,rain,delivered,1,0.0,-7.71,delivered_on_time,2026-08-27T19:08:18,D106,D106,,eta-v3.1,completed,0,0,0,0,0,0,1,DRIVER_REASSIGNMENT,4,1,0,,5,2,1,15.924175700000001,58.6634784,0,1,0,0,Biryani,bike,24.0
O00186,C0099,R029,D010,Bengaluru,2026-08-07 21:15:00,2026-08-07 22:27:48,2026-08-07 21:39:56.381458,2026-08-07 22:23:24.875304,delivered,18.0,low,clear,delivered,1,0.0,-4.39,delivered_on_time,2026-08-07T22:27:48,D010,D010,,eta-v3.1,completed,2,0,0,1,0,0,0,,4,0,1,handed_off,6,3,1,24.939690966666667,43.47489743333333,0,0,0,0,Burgers,ebike,7.0
O00187,C0488,R009,D027,Bengaluru,2026-08-28 18:35:00,2026-08-28 19:50:36,2026-08-28 18:48:13.151927,2026-08-28 19:33:07.522280,delivered,18.0,medium,clear,delivered,1,0.0,-17.47,delivered_on_time,2026-08-28T19:55:00.208066,D027,D027,,eta-v3.1,completed,0,0,0,1,0,0,0,,3,0,0,,6,3,1,13.219198783333333,44.906172549999994,0,0,0,0,Burgers,ebike,4.0
O00188,C0303,R009,D102,Bengaluru,2026-08-09 19:32:00,2026-08-09 20:47:18,2026-08-09 20:14:30.302194,2026-08-09 21:07:26.879602,delivered,18.0,low,rain,delivered,1,1.0,20.15,delivered_late,2026-08-09T20:52:18,D033,D102,2026-08-09T19:38:50.599129,eta-v3.2,completed,0,0,0,1,1,1,0,,3,0,1,ready,7,4,1,42.50503656666667,52.942956800000005,1,0,0,0,Burgers,scooter,16.0
O00189,C0150,R011,D001,Bengaluru,2026-08-15 16:33:00,,2026-08-15 17:06:55.662026,2026-08-15 17:42:57.478082,delivered,11.09,high,clear,delivered,1,1.0,4.67,delivered_late,2026-08-15T17:56:51.522279,D001,D001,,eta-v3.2,completed,0,0,0,0,0,0,0,,3,0,0,,5,2,1,33.927700433333335,36.0302676,0,0,0,0,Chinese,bike,31.0
O00190,C0859,R042,D017,Bengaluru,2026-08-09 19:55:00,2026-08-09 21:10:36,2026-08-09 20:17:53.630198,2026-08-09 21:04:16.824909,delivered,18.0,medium,clear,delivered,1,0.0,-6.32,delivered_on_time,2026-08-09T21:14:36,D017,D017,,eta-v3.1,completed,0,0,0,1,0,0,0,,3,0,0,,8,5,1,22.893836633333333,46.38657851666667,0,0,0,0,Chinese,bike,17.0
O00191,C0566,R004,D113,Bengaluru,2026-08-09 22:25:00,,2026-08-09 22:43:11.060858,2026-08-09 22:57:38.025265,delivered,1.88,medium,clear,delivered,1,0.0,-9.12,delivered_on_time,2026-08-09T23:11:34.802452,D113,D113,,eta-v3.2,completed,0,0,0,0,0,0,1,RESTAURANT_CONTACT,3,0,0,,7,4,1,18.184347633333335,14.449406783333334,0,1,0,0,South Indian,ebike,30.0
O00192,C0100,R003,D035,Bengaluru,2026-08-06 16:30:00,2026-08-06 17:42:48,2026-08-06 16:53:44.325684,2026-08-06 17:43:05.149196,delivered,18.0,low,clear,delivered,1,1.0,0.29,delivered_late,2026-08-06T17:42:48,D035,D035,,eta-v3.1,completed,0,0,0,0,0,0,0,,3,0,0,,6,3,1,23.738761399999998,49.34705853333333,0,0,0,0,Chinese,scooter,5.0
O00193,C0309,R034,D015,Bengaluru,2026-08-11 17:37:00,,2026-08-11 17:57:35.187769,2026-08-11 18:44:22.949084,delivered,12.91,medium,rain,delivered,1,0.0,-0.03,delivered_on_time,2026-08-11T18:54:22.997206,D015,D015,,eta-v3.1,completed,3,0,0,0,0,0,1,RESTAURANT_CONTACT,3,0,0,,8,5,1,20.586462816666664,46.79602191666667,0,1,0,0,Pizza,ebike,23.0
O00194,C0771,R020,D018,Bengaluru,2026-08-11 17:36:00,2026-08-11 19:01:48,2026-08-11 18:31:39.836812,2026-08-11 19:40:08.111510,delivered,18.0,high,heavy_rain,delivered,1,1.0,38.34,delivered_late,2026-08-11T19:35:28.802941,D018,D018,,eta-v3.2,completed,0,0,0,2,1,1,0,,3,0,0,,5,2,1,55.66394686666667,68.47124496666667,1,0,0,0,Burgers,bike,16.0
O00195,C0248,R033,D089,Bengaluru,2026-08-25 13:48:00,2026-08-25 15:03:18,2026-08-25 14:05:59.839412,2026-08-25 14:51:09.437606,delivered,18.0,low,rain,delivered,1,0.0,-12.14,delivered_on_time,2026-08-25T15:10:07.882203,D089,D089,,eta-v3.2,completed,0,0,0,0,0,0,0,,3,0,0,,5,2,1,17.997323533333333,45.1599699,0,0,0,0,Cafe,bike,19.0
O00196,C0604,R043,D017,Bengaluru,2026-08-01 21:48:00,,2026-08-01 22:13:32.237101,2026-08-01 22:58:24.258591,delivered,12.02,high,clear,delivered,1,1.0,3.17,delivered_late,2026-08-01T23:05:14.312387,D017,D017,,eta-v3.1,completed,0,0,0,0,0,0,0,,3,0,0,,7,4,1,25.537285016666665,44.86702483333333,0,0,0,0,Burgers,bike,17.0
O00197,C0020,R009,D062,Bengaluru,2026-08-24 18:33:00,,2026-08-24 18:53:02.892832,2026-08-24 19:46:59.770377,delivered,16.41,medium,rain,delivered,1,0.0,-0.76,delivered_on_time,2026-08-24T19:56:45.443018,D062,D062,,eta-v3.2,completed,2,0,0,0,0,0,1,DRIVER_REASSIGNMENT,3,0,1,handed_off,6,3,1,20.048213866666668,53.94795908333333,0,1,0,0,Burgers,bike,32.0
O00198,C0657,R016,D100,Bengaluru,2026-08-19 18:07:00,,2026-08-19 19:02:58.154574,2026-08-19 19:32:47.457048,delivered,6.07,medium,clear,delivered,1,1.0,35.23,delivered_late,2026-08-19T19:10:50.521428,D100,D100,,eta-v3.1,completed,0,0,0,1,1,1,1,RESTAURANT_CONTACT,3,0,0,,5,2,1,55.969242900000005,29.8217079,1,1,0,0,Biryani,scooter,7.0
O00199,C0657,R057,D109,Bengaluru,2026-08-15 17:35:00,,2026-08-15 17:46:51.846009,,cancelled,6.26,medium,clear,cancelled,0,,,cancelled,2026-08-15T18:31:06.786196,D109,D109,,eta-v3.1,cancelled,2,0,0,0,0,0,1,RESTAURANT_CONTACT,3,1,0,,1,0,0,11.86410015,,0,1,0,0,Cafe,bike,36.0
O00200,C0099,R002,D079,Bengaluru,2026-08-22 18:39:00,2026-08-22 19:54:36,2026-08-22 19:02:52.989888,2026-08-22 19:48:44.061281,delivered,18.0,medium,clear,delivered,1,0.0,-5.87,delivered_on_time,2026-08-22T19:59:03.240098,D079,D079,,eta-v3.1,completed,3,0,0,0,0,0,0,,4,0,1,handed_off,6,3,1,23.8831648,45.85118988333333,0,0,0,0,Burgers,scooter,22.0
O00201,C0236,R044,D018,Bengaluru,2026-08-12 19:18:00,2026-08-12 20:30:48,2026-08-12 19:36:31.160966,2026-08-12 20:26:04.092369,delivered,18.0,low,clear,delivered,1,0.0,-4.73,delivered_on_time,2026-08-12T20:30:48,D012,D018,2026-08-12T19:28:37.620704,eta-v3.2,completed,3,0,0,1,0,0,1,DRIVER_REASSIGNMENT,3,0,1,handed_off,5,2,1,18.519349433333332,49.54885671666667,0,1,0,0,Cafe,bike,16.0
O00202,C0028,R002,D004,Bengaluru,2026-08-24 12:16:00,2026-08-24 13:35:48,2026-08-24 12:41:50.019998,2026-08-24 13:37:33.955969,delivered,18.0,high,clear,delivered,1,1.0,1.77,delivered_late,2026-08-24T13:45:48,D004,D004,,eta-v3.2,completed,3,0,0,0,0,0,0,,3,0,0,,7,4,1,25.833666633333333,55.73226618333333,0,0,0,0,Burgers,bike,34.0
O00203,C0030,R039,D052,Bengaluru,2026-08-01 21:42:00,,2026-08-01 21:57:25.508600,2026-08-01 22:49:16.501866,delivered,15.85,high,clear,delivered,1,0.0,-8.01,delivered_on_time,2026-08-01T23:07:37.921516,D052,D052,,eta-v3.2,completed,0,0,0,0,0,0,1,DRIVER_REASSIGNMENT,3,0,0,,8,5,1,15.425143333333333,51.84988776666667,0,1,0,0,Biryani,bike,10.0
O00204,C0078,R005,D046,Bengaluru,2026-08-14 19:51:00,2026-08-14 21:03:48,2026-08-14 20:25:54.560652,2026-08-14 21:17:33.766221,delivered,18.0,low,clear,delivered,1,1.0,13.76,delivered_late,2026-08-14T21:03:48,D046,D046,,eta-v3.2,completed,0,0,0,0,0,0,1,DRIVER_REASSIGNMENT,4,1,0,,8,5,1,34.9093442,51.65342615,0,1,0,0,North Indian,bike,38.0
O00205,C0708,R023,D088,Bengaluru,2026-08-27 20:57:00,2026-08-27 22:12:18,2026-08-27 21:45:58.227850,2026-08-27 22:39:05.173478,delivered,18.0,low,rain,delivered,1,1.0,26.79,delivered_late,2026-08-27T22:22:48.191513,D088,D088,,eta-v3.1,completed,0,0,0,2,1,1,0,,3,0,0,,7,4,1,48.97046416666667,53.115760466666664,1,0,0,0,Pizza,scooter,28.0
O00206,C0691,R017,D109,Bengaluru,2026-08-24 15:22:00,,2026-08-24 16:20:42.508840,,delivered,9.53,high,clear,delivered,1,,,unknown,2026-08-24T16:42:51.538209,D109,D109,,eta-v3.2,completed,1,0,0,0,0,0,1,PRIORITY_DISPATCH,2,0,0,,6,3,1,58.70848066666667,,0,1,0,0,North Indian,bike,36.0
O00207,C0470,R060,D009,Bengaluru,2026-08-09 11:14:00,,2026-08-09 11:50:44.010529,2026-08-09 12:12:32.100911,delivered,4.46,high,clear,delivered,1,1.0,11.38,delivered_late,2026-08-09T12:06:12.088342,D009,D009,,eta-v3.2,completed,3,0,1,1,0,0,0,,3,0,0,,8,5,1,36.73350881666667,21.80150636666667,1,0,0,0,Chinese,ebike,15.0
O00208,C0066,R051,D103,Bengaluru,2026-08-27 12:38:00,2026-08-27 14:03:24,2026-08-27 13:10:47.635198,2026-08-27 14:19:47.904938,delivered,18.0,high,clear,delivered,1,1.0,16.4,delivered_late,2026-08-27T14:21:24,D103,D103,,eta-v3.1,completed,3,0,0,1,0,0,0,,3,0,0,,8,5,1,32.793919966666664,69.00449566666666,0,0,0,0,Cafe,scooter,28.0
O00209,C0711,R034,D067,Bengaluru,2026-08-15 12:48:00,,2026-08-15 13:14:51.234060,2026-08-15 13:54:31.073405,delivered,7.54,high,clear,delivered,1,1.0,8.68,delivered_late,2026-08-15T13:55:50.420206,D067,D067,,eta-v3.1,completed,2,0,0,0,0,0,1,PRIORITY_DISPATCH,3,0,0,,6,3,1,26.853901,39.663989083333334,0,1,0,0,Pizza,bike,9.0
O00210,C0457,R022,D113,Bengaluru,2026-08-14 12:39:00,,2026-08-14 13:14:16.633243,2026-08-14 13:56:28.663330,delivered,17.22,low,clear,delivered,1,1.0,6.31,delivered_late,2026-08-14T13:50:10.282018,D113,D113,,eta-v3.2,completed,0,0,0,1,1,1,0,,3,0,0,,5,2,1,35.27722071666667,42.200501450000004,1,0,0,0,South Indian,ebike,30.0
O00211,C0629,R016,D051,Bengaluru,2026-08-22 19:32:00,,2026-08-22 20:30:58.587689,2026-08-22 20:56:54.054420,delivered,8.34,low,clear,delivered,1,1.0,32.38,delivered_late,2026-08-22T20:25:29.700506,D051,D051,,eta-v3.1,completed,4,0,1,2,1,1,0,,3,0,0,,6,3,1,58.97646148333333,25.924445516666665,1,0,0,0,Biryani,bike,34.0
O00212,C0773,R037,D064,Bengaluru,2026-08-20 19:20:00,,2026-08-20 19:47:06.305371,2026-08-20 20:07:31.126142,delivered,5.21,medium,clear,delivered,1,0.0,-1.22,delivered_on_time,2026-08-20T20:12:44.328921,D064,D064,,eta-v3.2,completed,2,0,0,0,0,0,0,,3,0,1,ready,6,3,1,27.105089516666666,20.413679516666665,0,0,0,0,Cafe,bike,17.0
O00213,C0832,R058,D083,Bengaluru,2026-08-17 16:44:00,,2026-08-17 17:04:50.610309,2026-08-17 17:17:26.305252,delivered,0.59,medium,clear,delivered,1,0.0,-5.59,delivered_on_time,2026-08-17T17:27:01.795000,D083,D083,,eta-v3.2,completed,1,0,0,0,0,0,0,,3,0,0,,6,3,1,20.84350515,12.594915716666666,0,0,0,0,North Indian,bike,38.0
O00214,C0687,R052,D003,Bengaluru,2026-08-17 18:40:00,2026-08-17 19:55:36,2026-08-17 19:14:32.141352,2026-08-17 20:04:36.555241,delivered,18.0,medium,clear,delivered,1,1.0,9.01,delivered_late,2026-08-17T20:01:38.588677,D003,D003,,eta-v3.2,completed,3,0,0,0,0,0,0,,3,0,0,,8,5,1,34.5356892,50.07356481666667,0,0,0,0,Desserts,scooter,15.0
O00215,C0646,R030,D117,Bengaluru,2026-08-07 15:50:00,2026-08-07 17:02:48,2026-08-07 16:13:00.435235,2026-08-07 16:55:34.879004,delivered,18.0,low,clear,delivered,1,0.0,-7.22,delivered_on_time,2026-08-07T17:04:43.771778,D117,D117,,eta-v3.1,completed,3,0,0,0,0,0,0,,3,0,0,,8,5,1,23.007253916666667,42.57406281666667,0,0,0,0,South Indian,scooter,34.0
O00216,C0148,R009,D033,Bengaluru,2026-08-18 17:32:00,2026-08-18 18:54:18,2026-08-18 17:47:02.127090,2026-08-18 18:46:38.289296,delivered,18.0,high,rain,delivered,1,0.0,-7.66,delivered_on_time,2026-08-18T19:09:38.795998,D033,D033,,eta-v3.2,completed,0,0,0,0,0,0,0,,3,0,0,,5,2,1,15.035451499999999,59.60270343333333,0,0,0,0,Burgers,scooter,33.0
O00217,C0210,R039,D089,Bengaluru,2026-08-20 21:55:00,2026-08-20 23:17:18,2026-08-20 22:26:51.296982,2026-08-20 23:30:50.343756,delivered,18.0,high,rain,delivered,1,1.0,13.54,delivered_late,2026-08-20T23:32:18,D089,D089,,eta-v3.1,completed,0,0,0,0,0,0,0,,3,0,1,preparing,6,3,1,31.854949700000002,63.9841129,0,0,0,0,Biryani,bike,19.0
O00218,C0792,R058,D071,Bengaluru,2026-08-06 23:47:00,,2026-08-07 00:18:46.205586,2026-08-07 01:03:24.532067,delivered,13.49,medium,clear,delivered,1,1.0,10.29,delivered_late,2026-08-07T01:00:27.486769,D071,D071,,eta-v3.2,completed,2,0,0,1,1,1,1,RESTAURANT_CONTACT,3,0,1,preparing,6,3,1,31.7700931,44.63877468333333,1,1,0,0,North Indian,scooter,30.0
O00219,C0139,R011,D031,Bengaluru,2026-08-25 22:39:00,,2026-08-25 23:07:07.403085,2026-08-25 23:42:42.522840,delivered,7.78,high,clear,delivered,1,1.0,5.37,delivered_late,2026-08-25T23:51:25.409355,D031,D031,,eta-v3.1,completed,0,0,0,0,0,0,0,,3,0,0,,6,3,1,28.12338475,35.58532925,0,0,0,0,Chinese,ebike,17.0
O00220,C0242,R037,D054,Bengaluru,2026-08-08 21:42:00,,2026-08-08 21:56:57.150068,2026-08-08 22:39:22.717471,delivered,14.37,medium,clear,delivered,1,0.0,-10.59,delivered_on_time,2026-08-08T22:54:17.044861,D054,D054,,eta-v3.1,completed,0,0,0,0,0,0,1,PRIORITY_DISPATCH,3,0,1,handed_off,7,4,1,14.952501133333334,42.42612338333333,0,1,0,0,Cafe,bike,15.0
O00221,C0734,R003,D073,Bengaluru,2026-08-02 19:20:00,2026-08-02 20:38:06,2026-08-02 19:52:07.413338,,cancelled,18.0,medium,rain,cancelled,0,,,cancelled,2026-08-02T20:54:53.417397,D073,D073,,eta-v3.2,cancelled,1,0,0,0,0,0,0,,3,0,0,,1,0,0,32.12355563333333,,0,0,0,0,Chinese,bike,48.0
O00222,C0118,R017,D095,Bengaluru,2026-08-17 20:28:00,,2026-08-17 20:53:03.318779,2026-08-17 21:23:40.777654,delivered,10.41,medium,clear,delivered,1,0.0,-3.98,delivered_on_time,2026-08-17T21:34:12.374060,D095,D095,,eta-v3.1,completed,2,0,0,0,0,0,0,,3,0,0,,6,3,1,25.055312983333334,30.624314583333334,0,0,0,0,North Indian,bike,6.0
O00223,C0009,R048,D061,Bengaluru,2026-08-14 21:13:00,,2026-08-14 21:43:01.908501,2026-08-14 22:15:48.757674,delivered,11.81,medium,clear,delivered,1,1.0,0.21,delivered_late,2026-08-14T22:20:33.911114,D061,D061,,eta-v3.1,completed,3,0,0,0,0,0,1,DRIVER_REASSIGNMENT,3,0,1,preparing,7,4,1,30.03180835,32.780819550000004,0,1,0,0,South Indian,bike,32.0
O00224,C0843,R003,D047,Bengaluru,2026-08-03 18:14:00,2026-08-03 19:39:24,2026-08-03 18:27:41.400103,2026-08-03 19:33:55.006553,delivered,18.0,severe,clear,delivered,1,0.0,-5.48,delivered_on_time,2026-08-03T19:57:24,D047,D047,,eta-v3.1,completed,3,0,0,0,0,0,0,,3,0,1,preparing,5,2,1,13.690001716666666,66.22677416666667,0,0,0,0,Chinese,scooter,10.0
O00225,C0659,R030,D026,Bengaluru,2026-08-23 21:22:00,,2026-08-23 21:34:40.586784,2026-08-23 22:37:54.569290,delivered,15.4,severe,clear,delivered,1,0.0,-4.04,delivered_on_time,2026-08-23T22:59:56.858166,D026,D026,,eta-v3.2,completed,3,0,0,0,0,0,0,,3,0,0,,5,2,1,12.6764464,63.233041766666666,0,0,0,0,South Indian,scooter,19.0
O00226,C0147,R005,D007,Bengaluru,2026-08-05 20:50:00,,2026-08-05 21:12:48.675379,2026-08-05 21:55:44.667731,delivered,13.27,high,clear,delivered,1,0.0,-4.13,delivered_on_time,2026-08-05T22:09:52.178916,D007,D007,,eta-v3.2,completed,0,0,0,0,0,0,1,DRIVER_REASSIGNMENT,3,0,0,,5,2,1,22.811256316666668,42.93320586666667,0,1,0,0,North Indian,bike,26.0
O00227,C0765,R014,D092,Bengaluru,2026-08-04 11:36:00,2026-08-04 12:51:36,2026-08-04 11:56:24.808083,2026-08-04 12:39:49.635946,delivered,18.0,medium,clear,delivered,1,0.0,-11.77,delivered_on_time,2026-08-04T12:55:36,D092,D092,,eta-v3.2,completed,3,0,0,0,0,0,0,,3,0,1,ready,6,3,1,20.41346805,43.413797716666664,0,0,0,0,Biryani,scooter,7.0
O00228,C0863,R034,D038,Bengaluru,2026-08-07 12:42:00,2026-08-07 14:04:18,2026-08-07 12:54:25.997721,2026-08-07 13:54:30.909888,delivered,18.0,high,rain,delivered,1,0.0,-9.78,delivered_on_time,2026-08-07T14:19:18,D038,D038,,eta-v3.2,completed,3,0,0,0,0,0,1,RESTAURANT_CONTACT,3,0,1,handed_off,7,4,1,12.43329535,60.08186945,0,1,0,0,Pizza,bike,22.0
O00229,C0534,R014,D074,Bengaluru,2026-08-05 19:15:00,,2026-08-05 19:34:58.114221,2026-08-05 19:59:59.576166,delivered,5.32,low,clear,delivered,1,0.0,-1.17,delivered_on_time,2026-08-05T20:01:26.437871,D074,D074,,eta-v3.1,completed,3,0,0,1,0,0,0,,3,0,1,preparing,7,4,1,19.96857035,25.02436575,0,0,0,0,Biryani,bike,6.0
O00230,C0109,R021,D099,Bengaluru,2026-08-26 14:47:00,2026-08-26 16:06:48,2026-08-26 15:20:35.724645,2026-08-26 16:14:46.113824,delivered,18.0,high,clear,delivered,1,1.0,7.97,delivered_late,2026-08-26T16:16:48,D099,D099,,eta-v3.2,completed,0,0,0,0,0,0,0,,3,0,1,ready,5,2,1,33.59541075,54.17315298333333,0,0,0,0,Biryani,bike,6.0
O00231,C0761,R049,D028,Bengaluru,2026-08-27 15:52:00,2026-08-27 17:04:48,2026-08-27 16:14:21.027804,2026-08-27 16:57:15.411001,delivered,18.0,low,clear,delivered,1,0.0,-7.54,delivered_on_time,2026-08-27T17:04:48,D066,D028,2026-08-27T15:59:02.563599,eta-v3.2,completed,2,0,0,1,1,1,0,,3,0,0,,6,3,1,22.350463400000002,42.906386616666666,1,0,0,0,Chinese,bike,10.0
O00232,C0384,R041,D095,Bengaluru,2026-08-18 18:49:00,,2026-08-18 19:15:24.960281,2026-08-18 19:46:40.076059,delivered,12.05,low,clear,delivered,1,0.0,-2.63,delivered_on_time,2026-08-18T19:49:38.112814,D095,D095,,eta-v3.1,completed,1,0,0,0,0,0,0,,3,0,1,preparing,5,2,1,26.41600468333333,31.251929633333337,0,0,0,0,Desserts,bike,6.0
O00233,C0605,R016,D029,Bengaluru,2026-08-26 23:43:00,2026-08-27 00:55:48,2026-08-27 00:09:45.356652,2026-08-27 00:53:51.846104,delivered,18.0,low,clear,delivered,1,0.0,-1.94,delivered_on_time,2026-08-27T00:55:59.896073,D029,D029,,eta-v3.2,completed,3,0,0,0,0,0,0,,3,0,0,,5,2,1,26.7559442,44.10815753333333,0,0,0,0,Biryani,bike,19.0
O00234,C0669,R028,D116,Bengaluru,2026-08-03 15:14:00,2026-08-03 16:26:48,2026-08-03 15:34:32.833871,2026-08-03 16:22:45.539351,delivered,18.0,low,clear,delivered,1,0.0,-4.04,delivered_on_time,2026-08-03T16:26:48,D084,D116,2026-08-03T15:19:29.912228,eta-v3.2,completed,3,0,0,0,0,0,0,,3,0,1,handed_off,7,4,1,20.547231183333334,48.211758,0,0,0,0,Biryani,bike,15.0
O00235,C0200,R030,D029,Bengaluru,2026-08-19 19:53:00,,2026-08-19 20:32:35.796300,2026-08-19 20:58:07.392789,delivered,10.33,low,clear,delivered,1,1.0,8.44,delivered_late,2026-08-19T20:51:36.512183,D029,D029,,eta-v3.2,completed,2,0,1,0,0,0,0,,3,0,0,,5,2,1,39.596605,25.52660815,1,0,0,0,South Indian,bike,19.0
O00236,C0499,R041,D073,Bengaluru,2026-08-06 14:32:00,,2026-08-06 14:57:23.989880,2026-08-06 15:43:15.337316,delivered,14.45,high,clear,delivered,1,0.0,-1.09,delivered_on_time,2026-08-06T15:55:08.153402,D073,D073,,eta-v3.2,completed,0,0,0,0,0,0,0,,3,0,0,,8,5,1,25.399831333333335,45.8557906,0,0,0,0,Desserts,bike,48.0
O00237,C0586,R013,D073,Bengaluru,2026-08-08 11:36:00,,2026-08-08 11:58:58.236455,2026-08-08 12:23:28.548159,delivered,6.1,medium,clear,delivered,1,0.0,-3.13,delivered_on_time,2026-08-08T12:31:29.823238,D073,D073,,eta-v3.2,completed,1,0,0,0,0,0,0,,3,0,1,ready,5,2,1,22.970607583333333,24.505195066666666,0,0,0,0,Pizza,bike,48.0
O00238,C0138,R018,D097,Bengaluru,2026-08-27 16:05:00,,2026-08-27 16:29:29.912528,2026-08-27 16:41:13.945139,delivered,2.48,low,clear,delivered,1,0.0,-3.98,delivered_on_time,2026-08-27T16:46:18.210373,D097,D097,,eta-v3.1,completed,1,0,0,1,0,0,0,,4,0,1,handed_off,7,4,1,24.498542133333334,11.73387685,0,0,0,0,South Indian,ebike,19.0
O00239,C0519,R055,D113,Bengaluru,2026-08-03 14:24:00,,2026-08-03 14:47:11.880018,2026-08-03 15:35:54.815008,delivered,16.46,low,clear,delivered,1,1.0,2.34,delivered_late,2026-08-03T15:33:34.499795,D113,D113,,eta-v3.1,completed,1,0,0,0,0,0,0,,3,0,0,,5,2,1,23.1980003,48.71558316666667,0,0,0,0,Burgers,ebike,30.0
O00240,C0850,R028,D058,Bengaluru,2026-08-25 12:30:00,,2026-08-25 13:09:45.724465,2026-08-25 13:54:43.870567,delivered,11.99,high,rain,delivered,1,1.0,15.05,delivered_late,2026-08-25T13:54:40.727261,D058,D058,,eta-v3.1,completed,3,0,1,1,1,1,0,,4,0,0,,8,5,1,39.762074416666664,44.9691017,1,0,0,0,Biryani,scooter,15.0
O00241,C0765,R030,D059,Bengaluru,2026-08-24 22:53:00,,2026-08-24 23:30:43.463053,2026-08-25 00:24:07.293935,delivered,16.56,high,clear,delivered,1,1.0,14.35,delivered_late,2026-08-25T00:25:38.745886,D059,D059,,eta-v3.2,completed,0,0,0,0,0,0,1,RESTAURANT_CONTACT,4,0,0,,5,2,1,37.724384216666664,53.39718136666667,0,1,0,0,South Indian,bike,7.0
O00242,C0801,R025,D025,Bengaluru,2026-08-19 18:33:00,,2026-08-19 19:02:07.134998,2026-08-19 19:47:18.082571,delivered,15.98,low,clear,delivered,1,1.0,5.74,delivered_late,2026-08-19T19:41:57.691575,D025,D025,,eta-v3.2,completed,0,0,0,1,0,0,0,,3,0,0,,8,5,1,29.118916633333335,45.18245955,0,0,0,0,South Indian,bike,28.0
O00243,C0366,R051,D104,Bengaluru,2026-08-18 20:30:00,,2026-08-18 20:59:54.324407,2026-08-18 21:29:18.676372,delivered,8.62,low,clear,delivered,1,1.0,6.21,delivered_late,2026-08-18T21:23:06.113832,D104,D104,,eta-v3.1,completed,3,0,0,0,0,0,1,DRIVER_REASSIGNMENT,3,0,0,,5,2,1,29.905406783333333,29.405866083333333,0,1,0,0,Cafe,bike,30.0
O00244,C0864,R047,D108,Bengaluru,2026-08-23 22:06:00,,2026-08-23 22:26:46.606052,2026-08-23 22:56:12.575827,delivered,9.38,low,clear,delivered,1,0.0,-4.49,delivered_on_time,2026-08-23T23:01:37.226350,D108,D108,,eta-v3.1,completed,1,0,0,1,1,1,0,,3,0,0,,6,3,1,20.776767533333334,29.432829583333334,1,0,0,0,South Indian,scooter,5.0
O00245,C0516,R006,D069,Bengaluru,2026-08-09 14:05:00,2026-08-09 15:20:36,2026-08-09 14:26:32.065655,2026-08-09 15:17:12.754442,delivered,18.0,medium,clear,delivered,1,0.0,-3.39,delivered_on_time,2026-08-09T15:26:50.438380,D069,D069,,eta-v3.1,completed,2,0,0,0,0,0,0,,4,0,0,,6,3,1,21.534427583333336,50.67814645,0,0,0,0,Pizza,scooter,16.0
O00246,C0231,R048,D021,Bengaluru,2026-08-22 22:33:00,2026-08-22 23:48:36,2026-08-22 22:43:19.130186,2026-08-22 23:33:30.939288,delivered,18.0,medium,clear,delivered,1,0.0,-15.08,delivered_on_time,2026-08-22T23:52:36,D032,D021,2026-08-22T22:43:25.725476,eta-v3.1,completed,1,0,0,0,0,0,0,,3,0,0,,7,4,1,10.318836433333333,50.19681836666667,0,0,0,0,South Indian,scooter,38.0
O00247,C0247,R030,D120,Bengaluru,2026-08-17 11:45:00,,2026-08-17 12:04:15.974181,2026-08-17 12:36:16.480018,delivered,12.02,low,clear,delivered,1,0.0,-8.97,delivered_on_time,2026-08-17T12:45:14.956657,D120,D120,,eta-v3.2,completed,0,0,0,0,0,0,0,,3,0,1,preparing,6,3,1,19.26623635,32.008430616666665,0,0,0,0,South Indian,scooter,22.0
O00248,C0089,R058,D119,Bengaluru,2026-08-06 17:06:00,2026-08-06 18:21:36,2026-08-06 17:32:56.600700,2026-08-06 18:15:14.871854,delivered,18.0,medium,clear,delivered,1,0.0,-6.35,delivered_on_time,2026-08-06T18:27:20.521887,D119,D119,,eta-v3.2,completed,3,0,0,0,0,0,0,,4,0,1,ready,8,5,1,26.943345,42.30451923333333,0,0,0,0,North Indian,bike,15.0
O00249,C0135,R059,D066,Bengaluru,2026-08-15 21:55:00,,2026-08-15 22:32:17.195880,2026-08-15 22:57:58.772271,delivered,10.1,low,clear,delivered,1,1.0,6.77,delivered_late,2026-08-15T22:58:09.530765,D066,D066,,eta-v3.2,completed,3,0,0,0,0,0,0,,3,0,1,preparing,5,2,1,37.286598000000005,25.692939850000002,0,0,0,0,Burgers,scooter,21.0
O00250,C0610,R051,D007,Bengaluru,2026-08-10 12:43:00,2026-08-10 14:02:48,2026-08-10 13:07:46.912923,2026-08-10 14:04:06.770459,delivered,18.0,high,clear,delivered,1,1.0,1.31,delivered_late,2026-08-10T14:13:04.827531,D007,D007,,eta-v3.1,completed,0,0,0,1,0,0,0,,3,0,0,,6,3,1,24.78188205,56.330958933333335,0,0,0,0,Cafe,bike,26.0
O00251,C0521,R036,D091,Bengaluru,2026-08-28 15:14:00,2026-08-28 16:26:48,2026-08-28 15:35:59.517626,2026-08-28 16:22:11.264660,delivered,18.0,low,clear,delivered,1,0.0,-4.61,delivered_on_time,2026-08-28T16:26:48,D091,D091,,eta-v3.2,completed,0,0,0,1,1,1,1,RESTAURANT_CONTACT,3,0,0,,5,2,1,21.991960433333336,46.1957839,1,1,0,0,North Indian,bike,47.0
O00252,C0310,R025,D119,Bengaluru,2026-08-11 18:56:00,,2026-08-11 19:08:05.137962,2026-08-11 19:47:00.008093,delivered,7.41,high,rain,delivered,1,0.0,-9.06,delivered_on_time,2026-08-11T20:12:37.212377,D119,D119,,eta-v3.1,completed,2,0,0,0,0,0,0,,4,1,0,,8,5,1,12.0856327,38.91450218333333,0,0,0,0,South Indian,bike,15.0
O00253,C0153,R022,D008,Bengaluru,2026-08-06 18:07:00,,2026-08-06 18:45:28.815425,2026-08-06 19:21:01.734655,delivered,6.38,high,clear,delivered,1,1.0,18.64,delivered_late,2026-08-06T19:12:23.376338,D008,D008,,eta-v3.2,completed,2,0,0,1,0,0,0,,3,0,0,,7,4,1,38.48025708333333,35.54865383333333,0,0,0,0,South Indian,ebike,23.0
O00254,C0100,R002,D024,Bengaluru,2026-08-16 17:26:00,,2026-08-16 17:44:39.740270,2026-08-16 18:27:55.036836,delivered,11.3,high,clear,delivered,1,0.0,-3.82,delivered_on_time,2026-08-16T18:41:43.960799,D024,D024,,eta-v3.1,completed,2,0,0,0,0,0,0,,3,0,0,,7,4,1,18.662337833333332,43.254942766666666,0,0,0,0,Burgers,bike,32.0
O00255,C0087,R034,D072,Bengaluru,2026-08-26 23:09:00,,2026-08-26 23:34:38.487121,2026-08-27 00:20:49.932172,delivered,16.59,medium,clear,delivered,1,0.0,-0.8,delivered_on_time,2026-08-27T00:26:37.459036,D072,D072,,eta-v3.2,completed,0,0,0,0,0,0,0,,3,0,0,,7,4,1,25.641452016666666,46.19075085,0,0,0,0,Pizza,scooter,22.0
O00256,C0289,R008,D006,Bengaluru,2026-08-06 12:52:00,2026-08-06 14:10:06,2026-08-06 13:22:55.816674,2026-08-06 14:25:39.923296,delivered,18.0,medium,rain,delivered,1,1.0,15.57,delivered_late,2026-08-06T14:26:28.183322,D006,D006,,eta-v3.2,completed,4,0,1,1,1,1,0,,3,0,1,handed_off,5,2,1,30.9302779,62.73511036666666,1,0,0,0,Cafe,bike,12.0
O00257,C0324,R039,D018,Bengaluru,2026-08-20 14:36:00,2026-08-20 15:55:48,2026-08-20 15:06:02.989481,2026-08-20 15:59:58.073061,delivered,18.0,high,clear,delivered,1,1.0,4.17,delivered_late,2026-08-20T16:06:36.260630,D018,D018,,eta-v3.2,completed,1,0,0,0,0,0,1,RESTAURANT_CONTACT,3,0,0,,8,5,1,30.049824683333334,53.918059666666664,0,1,0,0,Biryani,bike,16.0
O00258,C0656,R006,D041,Bengaluru,2026-08-11 17:39:00,,2026-08-11 18:09:24.033904,2026-08-11 18:45:58.931227,delivered,8.47,medium,rain,delivered,1,1.0,8.89,delivered_late,2026-08-11T18:50:43.118774,D041,D041,,eta-v3.2,completed,1,0,0,0,0,0,0,,3,0,1,handed_off,8,5,1,30.400565066666665,36.58162205,0,0,0,0,Pizza,bike,83.0
O00259,C0285,R032,D014,Bengaluru,2026-08-06 13:01:00,2026-08-06 14:13:48,2026-08-06 13:30:47.934772,2026-08-06 14:14:59.886717,delivered,18.0,low,clear,delivered,1,1.0,1.2,delivered_late,2026-08-06T14:13:48,D014,D014,,eta-v3.1,completed,0,0,0,0,0,0,0,,3,0,1,handed_off,8,5,1,29.79891286666667,44.19919908333333,0,0,0,0,Pizza,bike,16.0
O00260,C0296,R028,D022,Bengaluru,2026-08-09 19:05:00,,2026-08-09 19:35:28.756223,2026-08-09 20:24:00.711509,delivered,11.75,high,rain,delivered,1,1.0,9.83,delivered_late,2026-08-09T20:29:11.024973,D022,D022,,eta-v3.1,completed,2,0,1,1,0,0,0,,4,0,1,preparing,7,4,1,30.479270383333336,48.5325881,1,0,0,0,Biryani,scooter,35.0
O00261,C0715,R051,D002,Bengaluru,2026-08-18 22:35:00,,2026-08-18 23:05:19.486790,2026-08-18 23:45:02.098682,delivered,10.65,medium,heavy_rain,delivered,1,1.0,3.87,delivered_late,2026-08-18T23:57:24.736093,D002,D002,,eta-v3.2,completed,2,0,0,0,0,0,1,DRIVER_REASSIGNMENT,3,0,1,ready,7,4,1,30.32477983333333,39.7101982,0,1,0,0,Cafe,scooter,8.0
O00262,C0263,R041,D093,Bengaluru,2026-08-10 17:16:00,2026-08-10 18:28:48,2026-08-10 17:36:52.143291,2026-08-10 18:20:11.031749,delivered,18.0,low,clear,delivered,1,0.0,-8.62,delivered_on_time,2026-08-10T18:28:48,D093,D093,,eta-v3.2,completed,2,0,0,0,0,0,0,,4,0,0,,8,5,1,20.86905485,43.31480763333333,0,0,0,0,Desserts,ebike,28.0
O00263,C0511,R032,D112,Bengaluru,2026-08-18 17:26:00,,2026-08-18 17:47:22.990397,2026-08-18 18:44:48.004054,delivered,15.82,high,clear,delivered,1,1.0,3.59,delivered_late,2026-08-18T18:53:02.489708,D112,D112,,eta-v3.1,completed,3,0,0,1,0,0,0,,3,0,0,,6,3,1,21.383173283333335,57.416894283333335,0,0,0,0,Pizza,bike,19.0
O00264,C0442,R037,D068,Bengaluru,2026-08-23 19:18:00,,2026-08-23 19:46:05.099974,2026-08-23 20:08:16.109566,delivered,1.62,high,clear,delivered,1,1.0,4.88,delivered_late,2026-08-23T20:16:44.772155,D068,D068,,eta-v3.2,completed,0,0,0,1,0,0,1,PRIORITY_DISPATCH,3,0,0,,7,4,1,28.084999566666667,22.1834932,0,1,0,0,Cafe,scooter,1.0
O00265,C0477,R018,D065,Bengaluru,2026-08-18 11:06:00,,2026-08-18 11:44:06.146841,,cancelled,11.33,medium,clear,cancelled,0,,,cancelled,2026-08-18T12:13:31.265328,D065,D065,,eta-v3.2,cancelled,1,0,0,0,0,0,0,,2,0,0,,1,0,0,38.102447350000006,,0,0,0,0,South Indian,bike,17.0
O00266,C0796,R058,D023,Bengaluru,2026-08-10 20:31:00,2026-08-10 21:56:24,2026-08-10 20:49:43.021037,2026-08-10 21:54:49.095897,delivered,18.0,severe,clear,delivered,1,0.0,-1.58,delivered_on_time,2026-08-10T22:16:36.143659,D101,D023,2026-08-10T20:39:54.148005,eta-v3.2,completed,2,0,0,1,1,1,1,PRIORITY_DISPATCH,3,0,1,ready,7,4,1,18.717017283333334,65.10124766666667,1,1,0,0,North Indian,ebike,27.0
O00267,C0891,R001,D116,Bengaluru,2026-08-08 17:28:00,2026-08-08 18:49:36,2026-08-08 17:52:17.197705,2026-08-08 18:58:29.175060,delivered,18.0,medium,heavy_rain,delivered,1,1.0,8.89,delivered_late,2026-08-08T19:05:36,D116,D116,,eta-v3.2,completed,1,0,0,0,0,0,1,DRIVER_REASSIGNMENT,3,0,0,,7,4,1,24.286628416666666,66.19962258333334,0,1,0,0,South Indian,bike,15.0
O00268,C0392,R042,D070,Bengaluru,2026-08-18 18:16:00,2026-08-18 19:31:36,2026-08-18 19:04:45.635105,2026-08-18 19:50:08.272395,delivered,18.0,medium,clear,delivered,1,1.0,18.54,delivered_late,2026-08-18T19:35:36,D070,D070,,eta-v3.1,completed,3,0,0,0,0,0,1,RESTAURANT_CONTACT,3,0,1,preparing,7,4,1,48.76058508333333,45.377288166666666,0,1,0,0,Chinese,bike,22.0
O00269,C0073,R046,D017,Bengaluru,2026-08-19 20:30:00,,2026-08-19 20:55:39.464242,2026-08-19 21:32:15.685345,delivered,8.68,high,clear,delivered,1,1.0,2.03,delivered_late,2026-08-19T21:40:14.067027,D017,D017,,eta-v3.1,completed,2,0,0,0,0,0,0,,3,0,0,,6,3,1,25.657737366666666,36.603685049999996,0,0,0,0,Chinese,bike,17.0
O00270,C0406,R023,D090,Bengaluru,2026-08-08 16:35:00,,2026-08-08 17:06:06.246062,2026-08-08 17:48:54.357852,delivered,8.78,high,clear,delivered,1,1.0,13.47,delivered_late,2026-08-08T17:46:58.414568,D090,D090,,eta-v3.1,completed,3,0,1,0,0,0,0,,3,0,0,,5,2,1,31.104101033333333,42.801863166666664,1,0,0,0,Pizza,bike,12.0
O00271,C0227,R044,D089,Bengaluru,2026-08-10 18:31:00,2026-08-10 19:07:03,2026-08-10 19:00:33.708939,2026-08-10 19:12:50.086181,delivered,0.5,low,clear,delivered,1,1.0,5.78,delivered_late,2026-08-10T19:09:03.296536,D089,D089,,eta-v3.1,completed,3,0,0,0,0,0,1,CUSTOMER_CREDIT,4,0,0,,6,3,1,29.561815650000003,12.272954033333333,0,1,0,0,Cafe,bike,19.0
O00272,C0073,R038,D022,Bengaluru,2026-08-15 11:40:00,,2026-08-15 12:12:12.819359,2026-08-15 12:56:13.079753,delivered,15.87,medium,clear,delivered,1,1.0,5.1,delivered_late,2026-08-15T12:55:07.234660,D022,D022,,eta-v3.1,completed,2,0,0,0,0,0,0,,4,0,1,ready,8,5,1,32.21365598333333,44.0043399,0,0,0,0,Pizza,scooter,35.0
O00273,C0627,R053,D107,Bengaluru,2026-08-14 19:07:00,2026-08-14 20:19:48,2026-08-14 19:43:13.662702,,cancelled,18.0,low,clear,cancelled,0,,,cancelled,2026-08-14T20:29:05.266589,D107,D107,,eta-v3.1,cancelled,1,0,0,0,0,0,0,,2,0,1,ready,1,0,0,36.2277117,,0,0,0,0,North Indian,bike,17.0
O00274,C0792,R007,D094,Bengaluru,2026-08-04 11:41:00,2026-08-04 13:00:48,2026-08-04 11:50:04.120318,2026-08-04 12:51:27.414687,delivered,18.0,high,clear,delivered,1,0.0,-9.34,delivered_on_time,2026-08-04T13:10:54.840360,D094,D094,,eta-v3.1,completed,0,0,0,0,0,0,0,,3,0,0,,6,3,1,9.068671966666667,61.38823948333334,0,0,0,0,North Indian,bike,24.0
O00275,C0731,R029,D082,Bengaluru,2026-08-15 20:03:00,2026-08-15 21:18:36,2026-08-15 20:29:43.272580,2026-08-15 21:16:46.009723,delivered,18.0,medium,clear,delivered,1,0.0,-1.83,delivered_on_time,2026-08-15T21:24:44.344362,D082,D082,,eta-v3.1,completed,2,0,0,0,0,0,0,,4,1,0,,7,4,1,26.721209666666667,47.04561905,0,0,0,0,Burgers,scooter,44.0
O00276,C0754,R057,D017,Bengaluru,2026-08-08 18:12:00,,2026-08-08 18:41:49.927610,2026-08-08 19:00:24.003233,delivered,3.6,low,clear,delivered,1,1.0,5.83,delivered_late,2026-08-08T18:56:35.066588,D017,D017,,eta-v3.2,completed,2,0,0,1,0,0,0,,4,0,0,,8,5,1,29.832126833333334,18.567927049999998,0,0,0,0,Cafe,bike,17.0
O00277,C0105,R053,D092,Bengaluru,2026-08-06 18:38:00,2026-08-06 19:53:36,2026-08-06 18:55:30.744066,2026-08-06 19:48:20.028067,delivered,18.0,medium,clear,delivered,1,0.0,-5.27,delivered_on_time,2026-08-06T19:57:36,D092,D092,,eta-v3.2,completed,3,0,0,0,0,0,1,RESTAURANT_CONTACT,3,0,0,,7,4,1,17.512401099999998,52.821400016666665,0,1,0,0,North Indian,scooter,7.0
O00278,C0183,R033,D096,Bengaluru,2026-08-24 15:28:00,2026-08-24 16:43:36,2026-08-24 15:55:21.486457,2026-08-24 16:44:03.642516,delivered,18.0,medium,clear,delivered,1,1.0,0.46,delivered_late,2026-08-24T16:50:52.781961,D096,D096,,eta-v3.2,completed,2,0,0,0,0,0,1,PRIORITY_DISPATCH,3,0,1,handed_off,6,3,1,27.358107616666665,48.70260098333333,0,1,0,0,Cafe,bike,20.0
O00279,C0648,R039,D108,Bengaluru,2026-08-23 20:58:00,,2026-08-23 21:20:41.566801,,cancelled,7.72,medium,clear,cancelled,0,,,cancelled,2026-08-23T21:56:00.142269,D108,D108,,eta-v3.1,cancelled,3,0,0,1,0,0,0,,2,0,0,,1,0,0,22.692780016666667,,0,0,0,0,Biryani,scooter,5.0
O00280,C0343,R015,D050,Bengaluru,2026-08-09 17:37:00,,2026-08-09 18:07:20.012310,2026-08-09 18:47:13.505917,delivered,13.01,medium,clear,delivered,1,1.0,5.1,delivered_late,2026-08-09T18:47:14.250779,D050,D050,,eta-v3.2,completed,2,0,0,1,1,1,1,DRIVER_REASSIGNMENT,3,0,1,preparing,6,3,1,30.3335385,39.89156011666667,1,1,0,0,Cafe,bike,59.0
O00281,C0608,R015,D116,Bengaluru,2026-08-27 22:38:00,,2026-08-27 23:01:04.623515,2026-08-27 23:44:10.732761,delivered,12.36,high,clear,delivered,1,0.0,-1.78,delivered_on_time,2026-08-27T23:56:48.242438,D116,D116,,eta-v3.2,completed,0,0,0,0,0,0,1,DRIVER_REASSIGNMENT,3,0,0,,5,2,1,23.077058583333333,43.10182076666667,0,1,0,0,Cafe,bike,15.0
O00282,C0367,R015,D098,Bengaluru,2026-08-21 21:59:00,2026-08-21 23:11:48,2026-08-21 22:25:52.836811,,cancelled,18.0,low,clear,cancelled,0,,,cancelled,2026-08-21T23:14:50.185634,D098,D098,,eta-v3.1,cancelled,2,0,0,0,0,0,0,,2,0,1,handed_off,1,0,0,26.880613516666664,,0,0,0,0,Cafe,scooter,7.0
O00283,C0094,R052,D113,Bengaluru,2026-08-11 18:14:00,,2026-08-11 18:29:04.753850,2026-08-11 19:01:47.091394,delivered,10.67,low,clear,delivered,1,0.0,-9.63,delivered_on_time,2026-08-11T19:11:24.812183,D113,D113,,eta-v3.2,completed,3,0,0,0,0,0,0,,3,0,0,,8,5,1,15.079230833333334,32.705625733333335,0,0,0,0,Desserts,ebike,30.0
O00284,C0331,R060,D091,Bengaluru,2026-08-09 12:32:00,,2026-08-09 12:57:08.585107,2026-08-09 13:17:11.445942,delivered,3.72,medium,clear,delivered,1,0.0,-0.43,delivered_on_time,2026-08-09T13:22:17.692578,D091,D091,,eta-v3.1,completed,0,0,0,0,0,0,0,,3,0,0,,7,4,1,25.14308511666667,20.04768058333333,0,0,0,0,Chinese,bike,47.0
O00285,C0378,R037,D095,Bengaluru,2026-08-22 17:23:00,,2026-08-22 17:51:09.129424,2026-08-22 18:41:51.915946,delivered,17.91,medium,clear,delivered,1,1.0,3.46,delivered_late,2026-08-22T18:42:24.175521,D095,D095,,eta-v3.2,completed,0,0,0,1,0,0,0,,3,0,0,,8,5,1,28.152157066666668,50.7131087,0,0,0,0,Cafe,bike,6.0
O00286,C0714,R001,D102,Bengaluru,2026-08-28 12:47:00,,2026-08-28 13:05:31.182691,,delivered,10.53,low,rain,delivered,1,,,unknown,2026-08-28T13:51:37.008959,D102,D102,,eta-v3.1,completed,2,0,0,1,0,0,0,,2,0,0,,8,5,1,18.519711516666668,,0,0,0,0,South Indian,scooter,16.0
O00287,C0201,R039,D068,Bengaluru,2026-08-09 18:39:00,,2026-08-09 19:18:49.059800,2026-08-09 19:58:06.401473,delivered,9.83,high,clear,delivered,1,1.0,16.46,delivered_late,2026-08-09T19:51:39.048514,D068,D068,,eta-v3.2,completed,0,0,0,1,0,0,1,RESTAURANT_CONTACT,3,0,0,,7,4,1,39.817663333333336,39.28902788333333,0,1,0,0,Biryani,scooter,1.0
O00288,C0760,R050,D090,Bengaluru,2026-08-09 19:58:00,2026-08-09 21:20:18,2026-08-09 20:38:09.682298,2026-08-09 21:39:23.200153,delivered,18.0,high,rain,delivered,1,1.0,19.09,delivered_late,2026-08-09T21:43:22.139042,D090,D090,,eta-v3.1,completed,4,0,1,2,1,1,1,RESTAURANT_CONTACT,3,0,0,,8,5,1,40.16137163333334,61.22529758333334,1,1,0,0,Cafe,bike,12.0
O00289,C0796,R035,D070,Bengaluru,2026-08-23 11:15:00,2026-08-23 12:40:24,2026-08-23 11:40:04.608917,,cancelled,18.0,severe,clear,cancelled,0,,,cancelled,2026-08-23T12:59:59.026573,D070,D070,,eta-v3.2,cancelled,3,0,0,0,0,0,0,,2,0,0,,1,0,0,25.076815283333335,,0,0,0,0,North Indian,bike,22.0
O00290,C0500,R048,D050,Bengaluru,2026-08-21 16:32:00,,2026-08-21 16:57:55.403525,2026-08-21 17:34:23.549810,delivered,11.17,medium,clear,delivered,1,1.0,1.15,delivered_late,2026-08-21T17:38:25.041044,D050,D050,,eta-v3.2,completed,0,0,0,0,0,0,0,,4,0,1,ready,7,4,1,25.923392083333333,36.46910475,0,0,0,0,South Indian,bike,59.0
O00291,C0875,R018,D051,Bengaluru,2026-08-22 19:40:00,,2026-08-22 20:00:35.334397,2026-08-22 20:42:22.373562,delivered,10.84,high,clear,delivered,1,0.0,-2.4,delivered_on_time,2026-08-22T20:55:24.659668,D051,D051,,eta-v3.1,completed,3,0,0,0,0,0,0,,3,0,0,,6,3,1,20.58890661666667,41.78398608333334,0,0,0,0,South Indian,bike,34.0
O00292,C0735,R048,D083,Bengaluru,2026-08-05 16:45:00,,2026-08-05 17:12:17.506734,2026-08-05 18:08:15.442834,delivered,14.05,high,rain,delivered,1,1.0,9.25,delivered_late,2026-08-05T18:14:00.716564,D083,D083,,eta-v3.1,completed,4,0,1,0,0,0,1,PRIORITY_DISPATCH,3,0,0,,5,2,1,27.2917789,55.965601666666664,1,1,0,0,South Indian,bike,38.0
O00293,C0425,R033,D024,Bengaluru,2026-08-05 20:48:00,2026-08-05 22:09:36,2026-08-05 21:13:35.349867,2026-08-05 22:14:56.306129,delivered,18.0,medium,heavy_rain,delivered,1,1.0,5.34,delivered_late,2026-08-05T22:25:36,D024,D024,,eta-v3.2,completed,0,0,0,0,0,0,0,,3,0,0,,6,3,1,25.58916445,61.34927103333334,0,0,0,0,Cafe,bike,32.0
O00294,C0761,R059,D100,Bengaluru,2026-08-20 19:38:00,2026-08-20 20:53:36,2026-08-20 20:01:53.647350,2026-08-20 20:50:41.502789,delivered,18.0,medium,clear,delivered,1,0.0,-2.91,delivered_on_time,2026-08-20T20:58:33.897090,D100,D100,,eta-v3.2,completed,2,0,0,0,0,0,0,,3,0,0,,7,4,1,23.894122499999998,48.79759065,0,0,0,0,Burgers,scooter,7.0
O00295,C0322,R027,D090,Bengaluru,2026-08-08 11:48:00,2026-08-08 13:15:54,2026-08-08 12:27:33.592157,2026-08-08 13:37:09.251713,delivered,18.0,severe,rain,delivered,1,1.0,21.25,delivered_late,2026-08-08T13:39:30.365811,D090,D090,,eta-v3.1,completed,0,0,0,2,1,1,0,,3,0,0,,8,5,1,39.559869283333335,69.59432593333332,1,0,0,0,Biryani,bike,12.0
O00296,C0704,R040,D042,Bengaluru,2026-08-13 20:38:00,2026-08-13 21:57:48,2026-08-13 21:04:29.187057,2026-08-13 22:01:13.834192,delivered,18.0,high,clear,delivered,1,1.0,3.43,delivered_late,2026-08-13T22:09:44.946692,D042,D042,,eta-v3.1,completed,0,0,0,0,0,0,1,DRIVER_REASSIGNMENT,3,0,1,handed_off,8,5,1,26.486450950000002,56.74411891666667,0,1,0,0,Desserts,bike,33.0
O00297,C0303,R017,D040,Bengaluru,2026-08-24 11:24:00,,2026-08-24 12:00:31.515909,2026-08-24 12:47:10.827183,delivered,16.95,medium,clear,delivered,1,1.0,9.78,delivered_late,2026-08-24T12:46:13.863151,D040,D040,,eta-v3.2,completed,3,0,0,0,0,0,0,,3,0,0,,5,2,1,36.52526515,46.6551879,0,0,0,0,North Indian,bike,27.0
O00298,C0287,R052,D064,Bengaluru,2026-08-15 20:28:00,,2026-08-15 20:47:55.535139,2026-08-15 21:23:05.997016,delivered,12.67,low,clear,delivered,1,0.0,-6.51,delivered_on_time,2026-08-15T21:29:36.748678,D064,D064,,eta-v3.2,completed,1,0,0,0,0,0,1,DRIVER_REASSIGNMENT,4,0,0,,6,3,1,19.925585650000002,35.17436461666667,0,1,0,0,Desserts,bike,17.0
O00299,C0531,R017,D032,Bengaluru,2026-08-15 12:20:00,2026-08-15 13:42:18,2026-08-15 12:40:14.931931,2026-08-15 13:41:58.302211,delivered,18.0,high,rain,delivered,1,0.0,-0.33,delivered_on_time,2026-08-15T13:57:18,D032,D032,,eta-v3.2,completed,0,0,0,0,0,0,0,,4,1,0,,8,5,1,20.24886551666667,61.722838,0,0,0,0,North Indian,ebike,5.0
O00300,C0331,R037,D090,Bengaluru,2026-08-02 20:58:00,,2026-08-02 21:16:11.755388,2026-08-02 22:03:46.840978,delivered,14.94,medium,rain,delivered,1,0.0,-5.9,delivered_on_time,2026-08-02T22:18:40.636372,D040,D090,2026-08-02T21:15:11.308518,eta-v3.2,completed,1,0,0,0,0,0,0,,3,0,0,,6,3,1,18.195923133333334,47.58475983333334,0,0,0,0,Cafe,bike,12.0
O00301,C0440,R059,D053,Bengaluru,2026-08-20 20:00:00,2026-08-20 21:18:06,2026-08-20 20:45:28.977122,2026-08-20 21:33:53.109909,delivered,45.0,medium,rain,delivered,1,1.0,15.79,delivered_late,2026-08-20T21:27:07.461794,D053,D053,,eta-v3.2,completed,0,0,0,1,1,1,1,CUSTOMER_CREDIT,4,0,0,,5,2,1,45.482952033333326,48.402213116666665,1,1,0,0,Burgers,bike,22.0
O00302,C0800,R019,D063,Bengaluru,2026-08-20 19:52:00,2026-08-20 21:11:48,2026-08-20 20:42:14.783326,2026-08-20 21:38:07.176647,delivered,45.0,high,clear,delivered,1,1.0,26.32,delivered_late,2026-08-20T21:28:39.501031,D063,D063,,eta-v3.1,completed,4,1,1,1,1,1,1,PRIORITY_DISPATCH,3,0,1,handed_off,8,5,1,50.24638876666667,55.873222016666666,1,1,0,0,Cafe,scooter,50.0
O00303,C0411,R039,D038,Bengaluru,2026-08-19 20:11:00,,2026-08-19 21:00:38.818166,2026-08-19 22:06:43.654438,delivered,45.0,severe,clear,delivered,1,1.0,33.16,delivered_late,2026-08-19T21:53:48.596403,D038,D038,,eta-v3.2,completed,3,0,0,1,1,1,0,,3,0,0,,5,2,1,49.64696943333333,66.08060453333333,1,0,0,0,Biryani,bike,22.0
O00304,C0531,R052,D050,Bengaluru,2026-08-23 21:21:00,2026-08-23 22:36:36,2026-08-23 21:42:03.681952,2026-08-23 22:30:24.419630,delivered,18.0,medium,clear,delivered,1,0.0,-6.19,delivered_on_time,2026-08-23T22:40:36,D050,D050,,eta-v3.1,completed,2,0,0,0,0,0,0,,4,1,1,handed_off,7,4,1,21.061365866666666,48.34562796666667,0,0,0,0,Desserts,bike,59.0
O00305,C0385,R030,D110,Bengaluru,2026-08-20 17:08:00,,2026-08-20 17:34:44.066387,2026-08-20 18:27:45.687998,delivered,17.86,high,clear,delivered,1,1.0,0.25,delivered_late,2026-08-20T18:38:56.769451,D110,D110,,eta-v3.2,completed,0,0,0,0,0,0,0,,3,0,1,preparing,5,2,1,26.734439783333336,53.02702685,0,0,0,0,South Indian,bike,5.0
O00306,C0032,R014,D057,Bengaluru,2026-08-26 12:54:00,2026-08-26 14:06:48,2026-08-26 13:27:42.072743,2026-08-26 14:13:33.863579,delivered,18.0,low,clear,delivered,1,1.0,6.76,delivered_late,2026-08-26T14:06:48,D057,D057,,eta-v3.2,completed,1,0,0,0,0,0,0,,3,0,0,,5,2,1,33.701212383333335,45.8631806,0,0,0,0,Biryani,scooter,7.0
O00307,C0161,R010,D044,Bengaluru,2026-08-11 20:07:00,2026-08-11 21:26:48,2026-08-11 20:30:43.830328,,cancelled,18.0,high,clear,cancelled,0,,,cancelled,2026-08-11T21:37:33.966600,D044,D044,,eta-v3.2,cancelled,0,0,0,0,0,0,0,,3,0,0,,1,0,0,23.730505466666667,,0,0,0,0,North Indian,scooter,19.0
O00308,C0049,R029,D017,Bengaluru,2026-08-27 16:43:00,,2026-08-27 17:15:15.153714,2026-08-27 17:57:33.839883,delivered,14.85,medium,clear,delivered,1,1.0,5.59,delivered_late,2026-08-27T17:59:56.210074,D017,D017,,eta-v3.2,completed,0,0,0,0,0,0,0,,3,0,0,,8,5,1,32.2525619,42.31143615,0,0,0,0,Burgers,bike,17.0
O00309,C0257,R055,D032,Bengaluru,2026-08-18 18:13:00,,2026-08-18 18:31:14.682527,2026-08-18 19:17:32.988197,delivered,16.08,medium,clear,delivered,1,0.0,-7.02,delivered_on_time,2026-08-18T19:30:53.915629,D032,D032,,eta-v3.2,completed,1,0,0,1,0,0,0,,3,0,0,,6,3,1,18.244708783333333,46.3050945,0,0,0,0,Burgers,ebike,5.0
O00310,C0356,R006,D010,Bengaluru,2026-08-28 20:19:00,,2026-08-28 20:50:09.314799,2026-08-28 21:24:21.391755,delivered,8.36,high,clear,delivered,1,1.0,5.79,delivered_late,2026-08-28T21:34:04.819778,D010,D010,,eta-v3.1,completed,3,0,0,0,0,0,0,,4,0,1,preparing,6,3,1,31.15524665,34.2012826,0,0,0,0,Pizza,ebike,7.0
O00311,C0212,R054,D054,Bengaluru,2026-08-03 18:01:00,2026-08-03 19:23:18,2026-08-03 18:28:07.996297,2026-08-03 19:35:03.569984,delivered,18.0,high,rain,delivered,1,1.0,11.76,delivered_late,2026-08-03T19:38:18,D054,D054,,eta-v3.2,completed,3,0,0,0,0,0,0,,3,0,0,,5,2,1,27.133271616666665,66.92622811666666,0,0,0,0,South Indian,bike,15.0
O00312,C0056,R055,D041,Bengaluru,2026-08-22 23:13:00,,2026-08-22 23:37:24.530725,,cancelled,5.25,high,clear,cancelled,0,,,cancelled,2026-08-23T00:16:01.172658,D041,D041,,eta-v3.1,cancelled,1,0,0,1,0,0,0,,2,0,0,,1,0,0,24.40884541666667,,0,0,0,0,Burgers,bike,83.0
O00313,C0767,R001,D070,Bengaluru,2026-08-11 18:02:00,2026-08-11 19:14:48,2026-08-11 18:41:55.323810,2026-08-11 19:27:46.494195,delivered,18.0,low,clear,delivered,1,1.0,12.97,delivered_late,2026-08-11T19:15:15.687470,D070,D070,,eta-v3.2,completed,4,0,1,0,0,0,0,,3,0,0,,7,4,1,39.9220635,45.85283975,1,0,0,0,South Indian,bike,22.0
O00314,C0182,R059,D062,Bengaluru,2026-08-04 11:39:00,,2026-08-04 11:54:59.260084,2026-08-04 12:35:12.883567,delivered,14.18,medium,clear,delivered,1,0.0,-11.36,delivered_on_time,2026-08-04T12:52:10.883344,D062,D062,,eta-v3.1,completed,3,0,0,1,0,0,0,,3,0,1,ready,7,4,1,15.987668066666666,40.22705805,0,0,0,0,Burgers,bike,32.0
O00315,C0141,R011,D095,Bengaluru,2026-08-16 22:03:00,,2026-08-16 22:17:16.329046,2026-08-16 22:36:13.722274,delivered,6.3,low,clear,delivered,1,0.0,-15.01,delivered_on_time,2026-08-16T22:51:36.737062,D095,D095,,eta-v3.2,completed,3,0,0,0,0,0,0,,3,0,0,,7,4,1,14.272150766666666,18.9565538,0,0,0,0,Chinese,bike,6.0
O00316,C0557,R057,D031,Bengaluru,2026-08-03 23:48:00,,2026-08-04 00:25:01.239441,2026-08-04 00:41:08.358449,delivered,1.48,high,clear,delivered,1,1.0,8.03,delivered_late,2026-08-04T00:50:48.314588,D031,D031,,eta-v3.2,completed,0,0,0,0,0,0,0,,3,0,0,,6,3,1,37.02065735,16.118650133333333,0,0,0,0,Cafe,ebike,17.0
O00317,C0054,R056,D009,Bengaluru,2026-08-12 17:44:00,2026-08-12 19:09:24,2026-08-12 18:03:37.236364,2026-08-12 19:06:26.431046,delivered,18.0,severe,clear,delivered,1,0.0,-2.96,delivered_on_time,2026-08-12T19:27:24,D009,D009,,eta-v3.2,completed,1,0,0,0,0,0,1,DRIVER_REASSIGNMENT,4,0,0,,6,3,1,19.620606066666667,62.819911366666666,0,1,0,0,Biryani,ebike,15.0
O00318,C0413,R046,D017,Bengaluru,2026-08-17 12:52:00,2026-08-17 14:11:48,2026-08-17 13:27:57.043764,2026-08-17 14:24:36.997551,delivered,18.0,high,clear,delivered,1,1.0,12.82,delivered_late,2026-08-17T14:22:05.382023,D017,D017,,eta-v3.1,completed,0,0,0,0,0,0,0,,3,0,1,handed_off,8,5,1,35.9507294,56.66589645,0,0,0,0,Chinese,bike,17.0
O00319,C0318,R007,D082,Bengaluru,2026-08-14 18:21:00,2026-08-14 19:36:36,2026-08-14 19:12:10.363848,2026-08-14 20:00:44.129361,delivered,18.0,medium,clear,delivered,1,1.0,24.14,delivered_late,2026-08-14T19:43:06.707178,D082,D082,,eta-v3.2,completed,2,0,0,0,0,0,0,,3,0,0,,5,2,1,51.1727308,48.56275855,0,0,0,0,North Indian,scooter,44.0
O00320,C0379,R018,D033,Bengaluru,2026-08-13 12:06:00,,2026-08-13 12:20:09.876998,2026-08-13 13:01:48.473552,delivered,12.53,high,clear,delivered,1,0.0,-12.51,delivered_on_time,2026-08-13T13:24:18.956685,D033,D033,,eta-v3.1,completed,1,0,0,1,1,1,1,PRIORITY_DISPATCH,3,0,0,,5,2,1,14.164616633333333,41.643275900000006,1,1,0,0,South Indian,scooter,33.0
O00321,C0533,R050,D017,Bengaluru,2026-08-15 18:24:00,,2026-08-15 18:36:00.140455,2026-08-15 19:21:30.240887,delivered,12.87,high,clear,delivered,1,0.0,-11.52,delivered_on_time,2026-08-15T19:43:01.397181,D017,D017,,eta-v3.2,completed,0,0,0,0,0,0,0,,3,0,0,,7,4,1,12.002340916666666,45.50167386666667,0,0,0,0,Cafe,bike,17.0
O00322,C0357,R052,D076,Bengaluru,2026-08-28 13:18:00,2026-08-28 14:33:18,2026-08-28 14:04:39.367541,2026-08-28 14:55:30.304349,delivered,18.0,low,rain,delivered,1,1.0,22.21,delivered_late,2026-08-28T14:38:18,D076,D076,,eta-v3.1,completed,4,0,1,0,0,0,0,,3,0,1,preparing,8,5,1,46.656125683333336,50.8489468,1,0,0,0,Desserts,bike,9.0
O00323,C0496,R028,D058,Bengaluru,2026-08-06 18:12:00,,2026-08-06 18:28:34.628352,2026-08-06 19:19:08.468302,delivered,15.84,medium,rain,delivered,1,0.0,-6.43,delivered_on_time,2026-08-06T19:34:34.259282,D058,D058,,eta-v3.1,completed,3,0,0,0,0,0,0,,3,0,0,,5,2,1,16.577139199999998,50.56399916666667,0,0,0,0,Biryani,scooter,15.0
O00324,C0161,R020,D017,Bengaluru,2026-08-22 18:08:00,,2026-08-22 18:25:38.578468,2026-08-22 18:52:49.576995,delivered,8.55,low,clear,delivered,1,0.0,-8.12,delivered_on_time,2026-08-22T19:00:56.818878,D017,D017,,eta-v3.1,completed,0,0,0,0,0,0,1,CUSTOMER_CREDIT,3,0,1,handed_off,8,5,1,17.642974466666665,27.183308783333334,0,1,0,0,Burgers,bike,17.0
O00325,C0013,R005,D068,Bengaluru,2026-08-19 18:46:00,,2026-08-19 19:09:09.791464,2026-08-19 19:56:49.826012,delivered,16.6,medium,clear,delivered,1,0.0,-1.83,delivered_on_time,2026-08-19T20:04:45.780356,D068,D068,,eta-v3.2,completed,0,0,0,1,0,0,0,,4,0,1,handed_off,8,5,1,23.163191066666666,47.66724246666667,0,0,0,0,North Indian,scooter,1.0
O00326,C0636,R036,D037,Bengaluru,2026-08-25 20:29:00,2026-08-25 21:44:36,2026-08-25 21:04:21.204453,2026-08-25 21:49:43.512376,delivered,18.0,medium,clear,delivered,1,1.0,5.13,delivered_late,2026-08-25T21:50:29.461545,D037,D037,,eta-v3.2,completed,0,0,0,0,0,0,0,,3,0,0,,7,4,1,35.35340755,45.37179871666667,0,0,0,0,North Indian,scooter,10.0
O00327,C0081,R021,D001,Bengaluru,2026-08-19 20:26:00,2026-08-19 21:47:36,2026-08-19 20:50:44.724434,2026-08-19 21:50:57.630966,delivered,18.0,medium,heavy_rain,delivered,1,1.0,3.36,delivered_late,2026-08-19T22:03:36,D001,D001,,eta-v3.2,completed,2,0,0,0,0,0,0,,3,0,1,handed_off,8,5,1,24.74540723333333,60.21510886666667,0,0,0,0,Biryani,bike,31.0
O00328,C0488,R030,D109,Bengaluru,2026-08-01 16:05:00,2026-08-01 17:17:48,2026-08-01 16:27:51.282392,2026-08-01 17:10:24.095574,delivered,18.0,low,clear,delivered,1,0.0,-7.4,delivered_on_time,2026-08-01T17:17:48,D109,D109,,eta-v3.1,completed,1,0,0,0,0,0,0,,3,0,0,,6,3,1,22.854706533333335,42.54688636666666,0,0,0,0,South Indian,bike,36.0
O00329,C0696,R044,D016,Bengaluru,2026-08-26 19:31:00,2026-08-26 20:43:48,2026-08-26 20:20:50.763861,2026-08-26 21:04:31.001842,delivered,18.0,low,clear,delivered,1,1.0,20.72,delivered_late,2026-08-26T20:54:24.247163,D016,D016,,eta-v3.2,completed,2,0,1,1,0,0,0,,3,0,0,,6,3,1,49.84606435,43.67063301666667,1,0,0,0,Cafe,scooter,46.0
O00330,C0609,R015,D054,Bengaluru,2026-08-19 20:22:00,,2026-08-19 20:47:39.420763,2026-08-19 21:12:42.624005,delivered,6.11,low,clear,delivered,1,1.0,2.87,delivered_late,2026-08-19T21:09:50.313623,D054,D054,,eta-v3.1,completed,2,0,0,0,0,0,0,,3,0,0,,8,5,1,25.657012716666667,25.053387366666666,0,0,0,0,Cafe,bike,15.0
O00331,C0369,R006,D032,Bengaluru,2026-08-15 17:20:00,,2026-08-15 18:02:06.194305,2026-08-15 18:53:57.358916,delivered,11.61,severe,clear,delivered,1,1.0,21.98,delivered_late,2026-08-15T18:58:18.658018,D032,D032,,eta-v3.2,completed,0,0,0,2,1,1,0,,3,0,0,,7,4,1,42.10323841666666,51.85274351666667,1,0,0,0,Pizza,ebike,5.0
O00332,C0624,R055,D094,Bengaluru,2026-08-22 20:46:00,,2026-08-22 21:03:06.859842,2026-08-22 22:01:08.472938,delivered,17.42,high,clear,delivered,1,0.0,-3.44,delivered_on_time,2026-08-22T22:14:35.142048,D002,D094,2026-08-22T20:54:01.354063,eta-v3.1,completed,0,0,0,0,0,0,0,,4,0,1,preparing,5,2,1,17.1143307,58.026884933333335,0,0,0,0,Burgers,bike,24.0
O00333,C0671,R033,D027,Bengaluru,2026-08-24 16:12:00,2026-08-24 17:24:48,2026-08-24 16:45:10.913093,2026-08-24 17:30:23.742830,delivered,18.0,low,clear,delivered,1,1.0,5.6,delivered_late,2026-08-24T17:31:19.630564,D027,D027,,eta-v3.1,completed,0,0,0,1,1,1,0,,4,0,1,ready,6,3,1,33.18188488333333,45.21382895,1,0,0,0,Cafe,ebike,4.0
O00334,C0696,R030,D047,Bengaluru,2026-08-26 23:57:00,,2026-08-27 00:18:52.271358,2026-08-27 00:47:37.871156,delivered,9.95,low,clear,delivered,1,0.0,-5.27,delivered_on_time,2026-08-27T00:53:24.457862,D047,D047,,eta-v3.2,completed,1,0,0,0,0,0,0,,3,0,1,preparing,7,4,1,21.8711893,28.759996633333333,0,0,0,0,South Indian,scooter,10.0
O00335,C0639,R021,D006,Bengaluru,2026-08-13 16:03:00,2026-08-13 17:21:06,2026-08-13 16:44:18.311732,2026-08-13 17:42:05.613011,delivered,18.0,medium,rain,delivered,1,1.0,20.99,delivered_late,2026-08-13T17:30:06,D006,D006,,eta-v3.1,completed,3,0,0,0,0,0,1,PRIORITY_DISPATCH,3,0,0,,8,5,1,41.30519553333333,57.788354649999995,0,1,0,0,Biryani,bike,12.0
O00336,C0503,R015,D073,Bengaluru,2026-08-03 12:46:00,,2026-08-03 13:10:05.894716,2026-08-03 13:42:42.794076,delivered,8.97,medium,clear,delivered,1,1.0,0.09,delivered_late,2026-08-03T13:46:37.672955,D073,D073,,eta-v3.2,completed,0,0,0,0,0,0,0,,3,0,1,handed_off,7,4,1,24.098245266666666,32.614989333333334,0,0,0,0,Cafe,bike,48.0
O00337,C0864,R024,D005,Bengaluru,2026-08-16 18:25:00,2026-08-16 19:47:18,2026-08-16 18:48:42.005698,,cancelled,18.0,high,rain,cancelled,0,,,cancelled,2026-08-16T20:02:18,D005,D005,,eta-v3.2,cancelled,3,0,0,0,0,0,0,,2,0,0,,1,0,0,23.700094966666665,,0,0,0,0,South Indian,bike,26.0
O00338,C0331,R018,D031,Bengaluru,2026-08-04 18:59:00,,2026-08-04 19:42:45.398764,2026-08-04 20:27:05.860421,delivered,9.92,severe,clear,delivered,1,1.0,19.66,delivered_late,2026-08-04T20:25:26.348596,D031,D031,,eta-v3.2,completed,3,0,0,0,0,0,1,RESTAURANT_CONTACT,3,0,1,preparing,8,5,1,43.75664606666667,44.341027616666665,0,1,0,0,South Indian,ebike,17.0
O00339,C0367,R038,D080,Bengaluru,2026-08-22 13:44:00,2026-08-22 14:59:36,2026-08-22 14:07:38.997695,2026-08-22 14:59:03.530059,delivered,18.0,medium,clear,delivered,1,0.0,-0.54,delivered_on_time,2026-08-22T15:04:43.038798,D080,D080,,eta-v3.1,completed,1,0,0,0,0,0,0,,3,0,0,,6,3,1,23.649961583333333,51.40887273333333,0,0,0,0,Pizza,bike,12.0
O00340,C0266,R055,D007,Bengaluru,2026-08-10 18:53:00,2026-08-10 20:18:48,2026-08-10 19:32:49.800549,2026-08-10 20:41:49.445594,delivered,18.0,high,heavy_rain,delivered,1,1.0,23.02,delivered_late,2026-08-10T20:45:53.999796,D007,D007,,eta-v3.2,completed,3,0,0,0,0,0,0,,4,1,0,,6,3,1,39.83000915,68.99408408333333,0,0,0,0,Burgers,bike,26.0
O00341,C0302,R035,D052,Bengaluru,2026-08-24 13:41:00,2026-08-24 14:56:18,2026-08-24 14:02:59.669982,,delivered,18.0,low,rain,delivered,1,,,unknown,2026-08-24T15:01:33.326186,D052,D052,,eta-v3.2,completed,2,0,0,1,0,0,1,RESTAURANT_CONTACT,2,0,0,,5,2,1,21.9944997,,0,1,0,0,North Indian,bike,10.0
O00342,C0047,R024,D067,Bengaluru,2026-08-19 12:52:00,2026-08-19 14:04:48,2026-08-19 13:18:19.110517,2026-08-19 14:05:58.984450,delivered,18.0,low,clear,delivered,1,1.0,1.18,delivered_late,2026-08-19T14:04:48,D067,D067,,eta-v3.2,completed,0,0,0,1,0,0,0,,3,0,1,ready,6,3,1,26.31850861666667,47.66456555,0,0,0,0,South Indian,bike,9.0
O00343,C0674,R038,D063,Bengaluru,2026-08-02 19:21:00,2026-08-02 20:33:48,2026-08-02 19:56:53.359370,2026-08-02 20:39:51.698929,delivered,18.0,low,clear,delivered,1,1.0,6.06,delivered_late,2026-08-02T20:33:48,D063,D063,,eta-v3.1,completed,2,0,0,0,0,0,0,,4,0,0,,8,5,1,35.88932283333334,42.972325983333334,0,0,0,0,Pizza,scooter,50.0
O00344,C0851,R033,D020,Bengaluru,2026-08-03 19:37:00,2026-08-03 20:56:48,2026-08-03 19:52:50.568117,2026-08-03 20:50:06.391097,delivered,18.0,high,clear,delivered,1,0.0,-6.69,delivered_on_time,2026-08-03T21:06:48,D020,D020,,eta-v3.2,completed,2,0,0,0,0,0,0,,3,0,1,handed_off,6,3,1,15.84280195,57.263716333333335,0,0,0,0,Cafe,bike,10.0
O00345,C0190,R046,D022,Bengaluru,2026-08-16 19:05:00,,2026-08-16 19:39:53.069929,2026-08-16 20:36:49.818387,delivered,17.37,high,rain,delivered,1,1.0,10.85,delivered_late,2026-08-16T20:40:58.837917,D022,D022,,eta-v3.2,completed,3,0,1,1,0,0,0,,4,0,1,preparing,6,3,1,34.884498816666664,56.94580763333333,1,0,0,0,Chinese,scooter,35.0
O00346,C0897,R012,D029,Bengaluru,2026-08-02 13:50:00,,2026-08-02 14:08:21.516421,2026-08-02 14:54:43.522053,delivered,14.53,low,rain,delivered,1,0.0,-3.29,delivered_on_time,2026-08-02T15:03:01.091506,D048,D029,2026-08-02T13:58:17.719457,eta-v3.2,completed,1,0,0,0,0,0,0,,3,0,1,ready,8,5,1,18.358607016666667,46.366760533333334,0,0,0,0,Biryani,bike,19.0
O00347,C0398,R002,D024,Bengaluru,2026-08-16 18:04:00,2026-08-16 19:23:48,2026-08-16 18:23:52.342556,2026-08-16 19:18:39.792906,delivered,18.0,high,clear,delivered,1,0.0,-5.14,delivered_on_time,2026-08-16T19:35:00.257502,D024,D024,,eta-v3.1,completed,1,0,0,0,0,0,0,,3,0,1,handed_off,5,2,1,19.872375933333334,54.790839166666665,0,0,0,0,Burgers,bike,32.0
O00348,C0599,R050,D073,Bengaluru,2026-08-07 17:14:00,,2026-08-07 17:58:27.684576,2026-08-07 18:34:03.056448,delivered,11.4,low,clear,delivered,1,1.0,21.11,delivered_late,2026-08-07T18:19:39.594293,D073,D073,,eta-v3.2,completed,2,0,0,1,1,1,0,,3,0,0,,7,4,1,44.4614096,35.5895312,1,0,0,0,Cafe,bike,48.0
O00349,C0523,R057,D094,Bengaluru,2026-08-02 15:07:00,,2026-08-02 15:36:55.065279,2026-08-02 16:17:46.573484,delivered,9.8,high,clear,delivered,1,1.0,8.2,delivered_late,2026-08-02T16:19:34.555807,D094,D094,,eta-v3.1,completed,3,0,0,1,0,0,0,,3,0,0,,6,3,1,29.91775465,40.85847008333334,0,0,0,0,Cafe,bike,24.0
O00350,C0524,R048,D044,Bengaluru,2026-08-07 19:53:00,,2026-08-07 20:09:15.242894,2026-08-07 20:50:25.990790,delivered,13.61,medium,clear,delivered,1,0.0,-8.96,delivered_on_time,2026-08-07T21:03:23.366458,D044,D044,,eta-v3.1,completed,0,0,0,0,0,0,1,DRIVER_REASSIGNMENT,3,0,0,,5,2,1,16.254048233333332,41.1791316,0,1,0,0,South Indian,scooter,19.0
O00351,C0643,R028,D015,Bengaluru,2026-08-16 20:32:00,2026-08-16 21:44:48,2026-08-16 21:00:40.289073,2026-08-16 21:50:09.729065,delivered,18.0,low,clear,delivered,1,1.0,5.36,delivered_late,2026-08-16T21:46:39.800013,D015,D015,,eta-v3.1,completed,1,0,0,1,0,0,1,RESTAURANT_CONTACT,4,0,0,,8,5,1,28.67148455,49.49066653333333,0,1,0,0,Biryani,ebike,23.0
O00352,C0772,R013,D015,Bengaluru,2026-08-16 19:10:00,,2026-08-16 19:54:00.821798,2026-08-16 20:52:52.901477,delivered,17.61,high,rain,delivered,1,1.0,21.41,delivered_late,2026-08-16T20:47:20.181762,D015,D015,,eta-v3.2,completed,0,0,0,1,0,0,0,,4,1,1,ready,5,2,1,44.01369663333333,58.86799465,0,0,0,0,Pizza,ebike,23.0
O00353,C0059,R040,D082,Bengaluru,2026-08-23 16:02:00,2026-08-23 17:17:36,2026-08-23 16:29:05.535612,2026-08-23 17:15:03.310079,delivered,18.0,medium,clear,delivered,1,0.0,-2.54,delivered_on_time,2026-08-23T17:22:06.190029,D082,D082,,eta-v3.2,completed,1,0,0,0,0,0,0,,4,0,1,ready,5,2,1,27.0922602,45.962907783333335,0,0,0,0,Desserts,scooter,44.0
O00354,C0859,R056,D034,Bengaluru,2026-08-12 21:07:00,2026-08-12 22:22:36,2026-08-12 21:34:24.381053,2026-08-12 22:25:46.080603,delivered,18.0,medium,clear,delivered,1,1.0,3.17,delivered_late,2026-08-12T22:31:51.121487,D034,D034,,eta-v3.1,completed,2,0,0,0,0,0,0,,4,0,0,,6,3,1,27.406350883333335,51.36165916666666,0,0,0,0,Biryani,scooter,32.0
O00355,C0056,R059,D113,Bengaluru,2026-08-25 19:44:00,,2026-08-25 20:14:48.229896,2026-08-25 20:48:45.398257,delivered,12.09,low,clear,delivered,1,1.0,4.36,delivered_late,2026-08-25T20:45:20.124107,D113,D113,,eta-v3.1,completed,0,0,0,1,0,0,0,,4,0,0,,8,5,1,30.803831600000002,33.95280601666666,0,0,0,0,Burgers,ebike,30.0
O00356,C0101,R046,D074,Bengaluru,2026-08-18 21:28:00,,2026-08-18 21:53:05.327226,2026-08-18 22:29:46.405078,delivered,6.27,high,rain,delivered,1,1.0,4.1,delivered_late,2026-08-18T22:40:40.505807,D074,D074,,eta-v3.2,completed,0,0,0,0,0,0,0,,3,0,0,,8,5,1,25.0887871,36.684630866666666,0,0,0,0,Chinese,bike,6.0
O00357,C0853,R043,D003,Bengaluru,2026-08-23 13:09:00,,2026-08-23 13:33:54.394112,2026-08-23 14:01:29.257915,delivered,7.26,high,clear,delivered,1,0.0,-4.76,delivered_on_time,2026-08-23T14:16:15.000676,D003,D003,,eta-v3.2,completed,1,0,0,0,0,0,0,,3,0,1,handed_off,5,2,1,24.90656853333333,27.581063383333333,0,0,0,0,Burgers,scooter,15.0
O00358,C0207,R045,D086,Bengaluru,2026-08-28 20:53:00,,2026-08-28 21:25:44.733578,2026-08-28 22:21:08.692875,delivered,16.14,severe,clear,delivered,1,1.0,6.66,delivered_late,2026-08-28T22:33:03.419363,D086,D086,,eta-v3.2,completed,2,0,0,0,0,0,1,RESTAURANT_CONTACT,3,0,0,,6,3,1,32.745559633333336,55.39932161666666,0,1,0,0,Cafe,bike,28.0
O00359,C0536,R019,D024,Bengaluru,2026-08-08 18:18:00,2026-08-08 19:37:48,2026-08-08 18:52:01.594456,2026-08-08 19:52:10.109482,delivered,18.0,high,clear,delivered,1,1.0,14.37,delivered_late,2026-08-08T19:49:35.159653,D024,D024,,eta-v3.2,completed,2,0,1,1,1,1,0,,3,0,1,ready,6,3,1,34.026574266666664,60.1419171,1,0,0,0,Cafe,bike,32.0
O00360,C0682,R028,D115,Bengaluru,2026-08-05 13:07:00,,2026-08-05 13:36:07.262652,2026-08-05 14:14:36.129525,delivered,10.94,low,clear,delivered,1,1.0,9.63,delivered_late,2026-08-05T14:10:01.384259,D115,D115,,eta-v3.2,completed,2,0,0,1,0,0,1,RESTAURANT_CONTACT,3,0,0,,8,5,1,29.121044199999996,38.48111455,0,1,0,0,Biryani,bike,20.0
O00361,C0696,R012,D038,Bengaluru,2026-08-16 20:29:00,,2026-08-16 20:51:50.456544,2026-08-16 21:31:40.293468,delivered,7.37,severe,clear,delivered,1,0.0,-0.4,delivered_on_time,2026-08-16T21:50:04.512977,D038,D038,,eta-v3.2,completed,0,0,0,0,0,0,0,,3,0,0,,6,3,1,22.8409424,39.830615400000006,0,0,0,0,Biryani,bike,22.0
O00362,C0395,R054,D049,Bengaluru,2026-08-11 19:46:00,2026-08-11 21:01:36,2026-08-11 20:05:41.493161,,cancelled,18.0,medium,clear,cancelled,0,,,cancelled,2026-08-11T21:05:36,D049,D049,,eta-v3.1,cancelled,3,0,0,1,0,0,0,,3,0,0,,1,0,0,19.691552683333335,,0,0,0,0,South Indian,bike,17.0
O00363,C0345,R051,D032,Bengaluru,2026-08-15 17:20:00,,2026-08-15 17:28:21.700020,2026-08-15 17:54:21.366296,delivered,8.53,low,clear,delivered,1,0.0,-18.55,delivered_on_time,2026-08-15T18:12:54.543911,D070,D032,2026-08-15T17:32:37.351601,eta-v3.1,completed,3,0,0,0,0,0,0,,3,0,0,,8,5,1,8.361667,25.994437933333334,0,0,0,0,Cafe,ebike,5.0
O00364,C0394,R011,D085,Bengaluru,2026-08-12 17:45:00,,2026-08-12 18:18:14.197763,2026-08-12 18:57:44.158657,delivered,10.57,high,clear,delivered,1,1.0,8.54,delivered_late,2026-08-12T19:01:49.540006,D085,D085,,eta-v3.1,completed,2,0,1,0,0,0,0,,3,0,0,,8,5,1,33.23662938333333,39.49934823333333,1,0,0,0,Chinese,bike,26.0
O00365,C0501,R018,D074,Bengaluru,2026-08-14 20:26:00,2026-08-14 21:38:48,2026-08-14 21:04:25.341143,2026-08-14 21:50:07.724515,delivered,18.0,low,clear,delivered,1,1.0,11.33,delivered_late,2026-08-14T21:46:59.328905,D074,D074,,eta-v3.2,completed,0,0,0,0,0,0,0,,3,0,0,,8,5,1,38.42235238333333,45.70638953333333,0,0,0,0,South Indian,bike,6.0
O00366,C0217,R037,D082,Bengaluru,2026-08-05 14:53:00,,2026-08-05 15:35:52.058284,2026-08-05 15:48:06.842914,delivered,2.4,medium,clear,delivered,1,1.0,12.28,delivered_late,2026-08-05T15:47:39.618678,D082,D082,,eta-v3.1,completed,2,0,0,0,0,0,0,,3,0,0,,6,3,1,42.86763806666667,12.2464105,0,0,0,0,Cafe,scooter,44.0
O00367,C0404,R059,D025,Bengaluru,2026-08-16 12:42:00,,2026-08-16 13:02:35.163684,2026-08-16 13:41:30.839347,delivered,11.97,high,clear,delivered,1,0.0,-7.63,delivered_on_time,2026-08-16T13:59:20.025363,D025,D025,,eta-v3.1,completed,3,0,0,0,0,0,0,,4,1,0,,7,4,1,20.586061400000002,38.927927716666666,0,0,0,0,Burgers,bike,28.0
O00368,C0345,R003,D063,Bengaluru,2026-08-16 23:52:00,2026-08-17 01:04:48,2026-08-17 00:20:48.059677,2026-08-17 01:05:57.795524,delivered,18.0,low,clear,delivered,1,1.0,1.16,delivered_late,2026-08-17T01:04:48,D063,D063,,eta-v3.1,completed,3,0,0,1,0,0,1,DRIVER_REASSIGNMENT,4,1,1,preparing,5,2,1,28.800994616666667,45.16226411666666,0,1,0,0,Chinese,scooter,50.0
O00369,C0752,R009,D025,Bengaluru,2026-08-12 11:18:00,2026-08-12 12:36:06,2026-08-12 11:49:39.189589,2026-08-12 12:40:10.926714,delivered,18.0,medium,rain,delivered,1,1.0,4.08,delivered_late,2026-08-12T12:45:06,D025,D025,,eta-v3.2,completed,0,0,0,0,0,0,0,,3,0,0,,7,4,1,31.65315981666667,50.52895208333334,0,0,0,0,Burgers,bike,28.0
O00370,C0844,R016,D100,Bengaluru,2026-08-12 20:00:00,,2026-08-12 20:29:08.557201,2026-08-12 21:02:20.863369,delivered,13.17,low,clear,delivered,1,0.0,-0.31,delivered_on_time,2026-08-12T21:05:12.652649,D100,D100,,eta-v3.1,completed,0,0,0,1,0,0,0,,3,0,0,,5,2,1,29.14262001666667,33.2051028,0,0,0,0,Biryani,scooter,7.0
O00371,C0215,R007,D010,Bengaluru,2026-08-04 20:59:00,2026-08-04 22:11:48,2026-08-04 21:32:19.080236,2026-08-04 22:13:52.159366,delivered,18.0,low,clear,delivered,1,1.0,2.07,delivered_late,2026-08-04T22:14:23.613693,D010,D010,,eta-v3.2,completed,1,0,0,0,0,0,1,DRIVER_REASSIGNMENT,3,0,1,preparing,7,4,1,33.31800393333334,41.55131883333333,0,1,0,0,North Indian,ebike,7.0
O00372,C0240,R007,D116,Bengaluru,2026-08-05 19:19:00,2026-08-05 20:31:48,2026-08-05 19:50:49.397797,2026-08-05 20:33:09.521921,delivered,18.0,low,clear,delivered,1,1.0,1.36,delivered_late,2026-08-05T20:38:52.114894,D116,D116,,eta-v3.1,completed,1,0,0,0,0,0,0,,3,0,0,,5,2,1,31.823296616666667,42.33540206666667,0,0,0,0,North Indian,bike,15.0
O00373,C0349,R056,D023,Bengaluru,2026-08-02 18:58:00,2026-08-02 20:13:36,2026-08-02 19:17:32.288314,2026-08-02 20:09:38.146404,delivered,18.0,medium,clear,delivered,1,0.0,-3.96,delivered_on_time,2026-08-02T20:17:36,D023,D023,,eta-v3.1,completed,1,0,0,0,0,0,0,,3,0,0,,7,4,1,19.538138566666664,52.09763483333334,0,0,0,0,Biryani,ebike,27.0
O00374,C0843,R036,D001,Bengaluru,2026-08-19 17:10:00,,2026-08-19 17:34:20.116953,2026-08-19 18:31:14.298709,delivered,14.51,high,rain,delivered,1,1.0,6.27,delivered_late,2026-08-19T18:39:58.125026,D001,D001,,eta-v3.1,completed,0,0,0,0,0,0,0,,3,0,0,,7,4,1,24.33528255,56.903029266666664,0,0,0,0,North Indian,bike,31.0
O00375,C0707,R044,D085,Bengaluru,2026-08-07 22:54:00,2026-08-08 00:13:48,2026-08-07 23:14:11.858204,2026-08-08 00:10:32.483413,delivered,18.0,high,clear,delivered,1,0.0,-3.26,delivered_on_time,2026-08-08T00:23:59.919033,D085,D085,,eta-v3.2,completed,3,0,0,1,0,0,0,,4,0,1,ready,6,3,1,20.197636733333333,56.34375348333333,0,0,0,0,Cafe,bike,26.0
O00376,C0276,R048,D110,Bengaluru,2026-08-15 12:08:00,,2026-08-15 12:34:27.705834,2026-08-15 12:50:42.324350,delivered,3.46,medium,clear,delivered,1,0.0,-2.37,delivered_on_time,2026-08-15T12:58:36.809318,D110,D110,,eta-v3.2,completed,2,0,0,0,0,0,0,,3,0,0,,7,4,1,26.4617639,16.243641933333333,0,0,0,0,South Indian,bike,5.0
O00377,C0260,R020,D053,Bengaluru,2026-08-28 17:54:00,,2026-08-28 18:18:11.811990,2026-08-28 18:53:13.696174,delivered,10.09,low,rain,delivered,1,1.0,0.53,delivered_late,2026-08-28T18:57:41.615973,D053,D053,,eta-v3.1,completed,0,0,0,1,0,0,0,,3,0,1,ready,5,2,1,24.1968665,35.03140306666667,0,0,0,0,Burgers,bike,22.0
O00378,C0087,R041,D011,Bengaluru,2026-08-23 19:06:00,2026-08-23 20:28:18,2026-08-23 19:32:45.361566,2026-08-23 20:36:56.288888,delivered,18.0,high,rain,delivered,1,1.0,8.64,delivered_late,2026-08-23T20:44:12.912603,D011,D011,,eta-v3.2,completed,2,0,0,1,0,0,0,,3,0,0,,8,5,1,26.7560261,64.18212203333333,0,0,0,0,Desserts,scooter,18.0
O00379,C0582,R042,D098,Bengaluru,2026-08-26 20:25:00,,2026-08-26 20:37:02.211297,2026-08-26 21:08:17.367164,delivered,9.37,medium,clear,delivered,1,0.0,-14.2,delivered_on_time,2026-08-26T21:26:29.238692,D098,D098,,eta-v3.1,completed,2,0,0,1,0,0,0,,3,0,0,,8,5,1,12.036854949999999,31.252597783333332,0,0,0,0,Chinese,scooter,7.0
O00380,C0536,R017,D005,Bengaluru,2026-08-16 19:11:00,,2026-08-16 19:25:02.611520,2026-08-16 20:01:53.244407,delivered,11.98,medium,clear,delivered,1,0.0,-12.07,delivered_on_time,2026-08-16T20:17:57.495432,D005,D005,,eta-v3.2,completed,3,0,0,0,0,0,0,,3,0,0,,6,3,1,14.043525333333333,36.843881450000005,0,0,0,0,North Indian,bike,26.0
O00381,C0282,R055,D080,Bengaluru,2026-08-18 17:55:00,2026-08-18 19:10:36,2026-08-18 18:20:57.058759,2026-08-18 19:08:39.382818,delivered,18.0,medium,clear,delivered,1,0.0,-1.94,delivered_on_time,2026-08-18T19:14:36,D080,D080,,eta-v3.2,completed,0,0,0,0,0,0,0,,4,0,1,preparing,5,2,1,25.95097931666667,47.705400983333334,0,0,0,0,Burgers,bike,12.0
O00382,C0573,R004,D082,Bengaluru,2026-08-28 20:56:00,,2026-08-28 21:39:20.716819,2026-08-28 22:12:02.937686,delivered,7.72,high,clear,delivered,1,1.0,17.83,delivered_late,2026-08-28T22:12:48.127039,D082,D082,,eta-v3.2,completed,3,0,1,0,0,0,0,,4,1,0,,6,3,1,43.34528031666667,32.703681116666665,1,0,0,0,South Indian,scooter,44.0
O00383,C0557,R050,D100,Bengaluru,2026-08-13 19:22:00,,2026-08-13 20:09:01.449265,2026-08-13 20:44:09.791917,delivered,8.71,high,clear,delivered,1,1.0,21.86,delivered_late,2026-08-13T20:39:04.499065,D100,D100,,eta-v3.2,completed,2,0,1,0,0,0,0,,4,1,0,,8,5,1,47.02415441666667,35.139044199999994,1,0,0,0,Cafe,scooter,7.0
O00384,C0012,R060,D110,Bengaluru,2026-08-21 16:05:00,,2026-08-21 16:32:11.702845,,cancelled,8.98,severe,clear,cancelled,0,,,cancelled,2026-08-21T17:31:26.315406,D110,D110,,eta-v3.2,cancelled,0,0,0,1,0,0,0,,2,0,0,,1,0,0,27.195047416666668,,0,0,0,0,Chinese,bike,5.0
O00385,C0667,R018,D065,Bengaluru,2026-08-22 21:36:00,,2026-08-22 22:26:04.337203,2026-08-22 23:01:01.308053,delivered,11.77,medium,clear,delivered,1,1.0,22.5,delivered_late,2026-08-22T22:48:20.971073,D065,D065,,eta-v3.2,completed,4,1,0,1,1,1,1,RESTAURANT_CONTACT,3,0,0,,6,3,1,50.07228671666667,34.94951416666667,1,1,0,0,South Indian,bike,17.0
O00386,C0101,R043,D072,Bengaluru,2026-08-11 13:19:00,,2026-08-11 13:43:10.825241,2026-08-11 14:01:21.008075,delivered,4.49,medium,clear,delivered,1,0.0,-4.89,delivered_on_time,2026-08-11T14:12:23.968831,D072,D072,,eta-v3.2,completed,1,0,0,0,0,0,1,CUSTOMER_CREDIT,3,0,0,,7,4,1,24.180420683333335,18.169713899999998,0,1,0,0,Burgers,scooter,22.0
O00387,C0457,R057,D070,Bengaluru,2026-08-03 19:37:00,,2026-08-03 20:21:29.972443,2026-08-03 20:53:23.748909,delivered,11.03,low,clear,delivered,1,1.0,18.23,delivered_late,2026-08-03T20:44:32.479100,D070,D070,,eta-v3.2,completed,2,0,0,0,0,0,0,,3,0,0,,7,4,1,44.499540716666665,31.896274433333335,0,0,0,0,Cafe,bike,22.0
O00388,C0181,R033,D063,Bengaluru,2026-08-20 18:42:00,2026-08-20 20:01:48,2026-08-20 19:20:01.461152,2026-08-20 20:12:32.475488,delivered,18.0,high,clear,delivered,1,1.0,10.74,delivered_late,2026-08-20T20:21:25.963195,D063,D063,,eta-v3.2,completed,2,0,0,0,0,0,0,,3,0,0,,8,5,1,38.02435253333333,52.5169056,0,0,0,0,Cafe,scooter,50.0
O00389,C0608,R045,D073,Bengaluru,2026-08-08 13:43:00,,2026-08-08 14:13:48.970442,2026-08-08 15:02:50.349868,delivered,12.92,high,rain,delivered,1,1.0,8.2,delivered_late,2026-08-08T15:09:38.461031,D073,D073,,eta-v3.2,completed,0,0,0,0,0,0,1,DRIVER_REASSIGNMENT,3,0,0,,6,3,1,30.816174033333333,49.022990433333334,0,1,0,0,Cafe,bike,48.0
O00390,C0666,R017,D009,Bengaluru,2026-08-04 13:01:00,,2026-08-04 13:14:57.572546,2026-08-04 13:51:42.914025,delivered,9.55,medium,rain,delivered,1,0.0,-9.64,delivered_on_time,2026-08-04T14:10:21.052216,D022,D009,2026-08-04T13:06:26.559079,eta-v3.1,completed,0,0,0,0,0,0,0,,3,0,0,,7,4,1,13.959542433333333,36.75569131666667,0,0,0,0,North Indian,ebike,15.0
O00391,C0024,R035,D007,Bengaluru,2026-08-16 20:03:00,,2026-08-16 20:40:29.052534,2026-08-16 21:36:10.361588,delivered,17.65,high,clear,delivered,1,1.0,14.11,delivered_late,2026-08-16T21:34:45.637908,D007,D007,,eta-v3.1,completed,1,0,0,1,1,1,0,,3,0,1,handed_off,6,3,1,37.4842089,55.688484233333334,1,0,0,0,North Indian,bike,26.0
O00392,C0372,R003,D113,Bengaluru,2026-08-04 18:53:00,2026-08-04 20:08:36,2026-08-04 19:25:11.487414,2026-08-04 20:12:56.928491,delivered,18.0,medium,clear,delivered,1,1.0,4.35,delivered_late,2026-08-04T20:12:36,D113,D113,,eta-v3.2,completed,2,0,0,0,0,0,0,,3,0,0,,8,5,1,32.1914569,47.757351283333335,0,0,0,0,Chinese,ebike,30.0
O00393,C0512,R054,D109,Bengaluru,2026-08-07 23:28:00,2026-08-08 00:46:06,2026-08-08 00:12:22.791458,2026-08-08 01:10:59.732094,delivered,18.0,medium,rain,delivered,1,1.0,24.9,delivered_late,2026-08-08T01:01:32.034525,D109,D109,,eta-v3.1,completed,3,1,0,2,1,1,0,,3,0,0,,6,3,1,44.37985763333334,58.615677266666665,1,0,0,0,South Indian,bike,36.0
O00394,C0062,R048,D067,Bengaluru,2026-08-01 19:57:00,,2026-08-01 20:26:47.410789,2026-08-01 21:13:09.877796,delivered,17.86,medium,rain,delivered,1,0.0,-1.65,delivered_on_time,2026-08-01T21:24:48.263766,D067,D067,,eta-v3.2,completed,1,0,0,0,0,0,0,,3,0,0,,7,4,1,29.79017981666667,46.37445011666667,0,0,0,0,South Indian,bike,9.0
O00395,C0060,R040,D059,Bengaluru,2026-08-15 17:58:00,2026-08-15 19:25:54,2026-08-15 18:20:44.580725,2026-08-15 19:30:28.678239,delivered,18.0,severe,rain,delivered,1,1.0,4.58,delivered_late,2026-08-15T19:48:54,D059,D059,,eta-v3.1,completed,2,0,0,0,0,0,0,,4,0,1,handed_off,7,4,1,22.743012083333333,69.73495856666666,0,0,0,0,Desserts,bike,7.0
O00396,C0775,R055,D012,Bengaluru,2026-08-28 12:49:00,2026-08-28 14:14:24,2026-08-28 13:09:42.864711,2026-08-28 14:13:24.650787,delivered,18.0,severe,clear,delivered,1,0.0,-0.99,delivered_on_time,2026-08-28T14:33:59.055959,D012,D012,,eta-v3.1,completed,0,0,0,0,0,0,0,,3,0,0,,5,2,1,20.714411849999998,63.696434599999996,0,0,0,0,Burgers,bike,10.0
O00397,C0747,R005,D038,Bengaluru,2026-08-27 18:20:00,,2026-08-27 19:02:28.708725,2026-08-27 19:46:41.191047,delivered,16.02,medium,clear,delivered,1,1.0,15.25,delivered_late,2026-08-27T19:42:13.991333,D038,D038,,eta-v3.2,completed,0,0,0,0,0,0,0,,3,0,0,,5,2,1,42.47847875,44.208038699999996,0,0,0,0,North Indian,bike,22.0
O00398,C0225,R050,D076,Bengaluru,2026-08-23 23:53:00,,2026-08-24 00:21:08.275161,2026-08-24 01:07:49.200891,delivered,13.8,high,clear,delivered,1,1.0,3.84,delivered_late,2026-08-24T01:13:58.563290,D076,D076,,eta-v3.1,completed,2,0,0,1,0,0,0,,3,0,0,,7,4,1,28.13791935,46.682095499999996,0,0,0,0,Cafe,bike,9.0
O00399,C0530,R001,D036,Bengaluru,2026-08-13 22:56:00,,2026-08-13 23:38:16.479414,2026-08-14 00:25:09.809597,delivered,17.63,medium,clear,delivered,1,1.0,14.34,delivered_late,2026-08-14T00:21:09.151439,D036,D036,,eta-v3.2,completed,0,0,0,0,0,0,1,PRIORITY_DISPATCH,4,0,0,,6,3,1,42.2746569,46.888836383333334,0,1,0,0,South Indian,bike,20.0
O00400,C0851,R004,D035,Bengaluru,2026-08-05 12:23:00,,2026-08-05 13:04:02.481272,2026-08-05 13:14:08.233667,delivered,1.25,low,clear,delivered,1,1.0,13.52,delivered_late,2026-08-05T13:06:45.901527,D035,D035,,eta-v3.1,completed,3,0,0,0,0,0,0,,3,0,0,,6,3,1,41.04135453333333,10.09587325,0,0,0,0,South Indian,scooter,5.0
O00401,C0842,,D046,Bengaluru,2026-08-24 18:08:00,2026-08-24 19:23:36,2026-08-24 18:43:49.644278,2026-08-24 19:32:35.926083,delivered,18.0,medium,clear,delivered,1,1.0,9.0,delivered_late,2026-08-24T19:27:36,D046,D046,,eta-v3.1,completed,3,0,0,0,0,0,0,,3,0,0,,7,4,1,35.82740463333334,48.77136341666667,0,0,0,0,,bike,38.0
O00402,C0662,,D107,Bengaluru,2026-08-21 18:00:00,,2026-08-21 18:21:13.418765,2026-08-21 18:47:25.022309,delivered,5.96,medium,rain,delivered,1,0.0,-5.4,delivered_on_time,2026-08-21T19:01:49.033044,D107,D107,,eta-v3.2,completed,1,0,0,0,0,0,0,,3,0,0,,5,2,1,21.223646083333332,26.1933924,0,0,0,0,,bike,17.0
O00403,C0240,,D099,Bengaluru,2026-08-16 22:38:00,2026-08-17 00:09:24,2026-08-16 23:10:17.272665,2026-08-17 00:26:52.711811,delivered,18.0,severe,heavy_rain,delivered,1,1.0,17.48,delivered_late,2026-08-17T00:39:24,D099,D099,,eta-v3.2,completed,4,0,1,0,0,0,1,DRIVER_REASSIGNMENT,3,0,0,,7,4,1,32.28787775,76.59065243333333,1,1,0,0,,bike,6.0
O00404,C0715,R010,,Bengaluru,2026-08-06 18:59:00,,2026-08-06 19:44:41.534794,2026-08-06 20:14:58.336586,delivered,9.07,medium,clear,delivered,1,1.0,19.13,delivered_late,2026-08-06T20:08:46.767722,D064,D064,,eta-v3.2,completed,4,0,1,0,0,0,0,,3,0,0,,7,4,1,45.69224656666667,30.280029866666666,1,0,0,0,North Indian,,
O00405,C0809,R035,,Bengaluru,2026-08-20 20:59:00,,2026-08-20 21:10:48.826622,2026-08-20 21:58:43.608157,delivered,16.29,medium,clear,delivered,1,0.0,-12.27,delivered_on_time,2026-08-20T22:14:59.969242,D094,D094,,eta-v3.2,completed,1,0,0,0,0,0,0,,3,0,1,preparing,6,3,1,11.813777033333334,47.91302558333334,0,0,0,0,North Indian,,
O00406,C0746,R048,,Bengaluru,2026-08-06 19:27:00,2026-08-06 20:42:18,2026-08-06 19:43:30.498697,2026-08-06 20:29:35.614643,delivered,18.0,low,rain,delivered,1,0.0,-12.71,delivered_on_time,2026-08-06T20:47:28.611390,D020,D020,,eta-v3.1,completed,3,0,0,0,0,0,0,,4,0,0,,6,3,1,16.508311616666667,46.085265766666666,0,0,0,0,South Indian,,
O00407,C0522,R005,D089,Bengaluru,2026-08-06 21:47:00,2026-08-06 23:02:36,2026-08-06 22:11:11.408483,2026-08-06 22:52:25.575684,delivered,18.0,medium,clear,delivered,1,0.0,-10.17,delivered_on_time,2026-08-06T23:06:36,D089,D089,,eta-v3.1,completed,0,0,0,0,0,0,0,,3,0,0,,5,2,1,24.190141383333334,41.23612001666667,0,0,0,0,North Indian,bike,19.0
O00408,C0801,R042,D105,Bengaluru,2026-08-04 21:01:00,2026-08-04 22:22:36,2026-08-04 21:37:07.720823,2026-08-04 22:40:13.132647,delivered,18.0,medium,heavy_rain,delivered,1,1.0,17.62,delivered_late,2026-08-04T22:43:57.882774,D059,D105,2026-08-04T21:11:46.544843,eta-v3.2,completed,0,0,0,1,0,0,1,PRIORITY_DISPATCH,3,0,0,,7,4,1,36.12868038333333,63.09019706666666,0,1,0,0,Chinese,bike,18.0
O00409,C0833,R018,D047,Bengaluru,2026-08-15 16:46:00,2026-08-15 18:13:54,2026-08-15 17:33:56.083111,2026-08-15 18:41:17.365236,delivered,18.0,severe,rain,delivered,1,1.0,27.39,delivered_late,2026-08-15T18:40:04.880063,D047,D047,,eta-v3.1,completed,3,0,0,0,0,0,1,DRIVER_REASSIGNMENT,3,0,0,,8,5,1,47.93471851666666,67.35470208333334,0,1,0,0,South Indian,scooter,10.0
O00410,C0240,R057,D038,Bengaluru,2026-08-01 21:10:00,2026-08-01 22:25:36,2026-08-01 21:28:28.765037,2026-08-01 22:17:16.393051,delivered,18.0,medium,clear,delivered,1,0.0,-8.33,delivered_on_time,2026-08-01T22:29:36,D038,D038,,eta-v3.2,completed,3,0,0,1,0,0,0,,3,0,0,,6,3,1,18.47941728333333,48.79380023333333,0,0,0,0,Cafe,bike,22.0
O00411,C0227,R017,D087,Bengaluru,2026-08-07 18:56:00,2026-08-07 20:11:36,2026-08-07 19:29:13.619671,2026-08-07 20:20:35.202056,delivered,18.0,medium,clear,delivered,1,1.0,8.99,delivered_late,2026-08-07T20:15:50.427709,D087,D087,,eta-v3.1,completed,4,0,1,0,0,0,0,,3,0,0,,7,4,1,33.226994516666664,51.35970641666667,1,0,0,0,North Indian,bike,62.0
O00412,C0504,R008,D003,Bengaluru,2026-08-16 18:41:00,2026-08-16 19:56:36,2026-08-16 19:07:10.882552,2026-08-16 19:55:09.085320,delivered,18.0,medium,clear,delivered,1,0.0,-1.45,delivered_on_time,2026-08-16T20:00:36,D003,D003,,eta-v3.2,completed,2,0,0,0,0,0,1,PRIORITY_DISPATCH,3,0,0,,8,5,1,26.181375866666666,47.970046133333334,0,1,0,0,Cafe,scooter,15.0
O00413,C0463,R017,D044,Bengaluru,2026-08-14 17:29:00,2026-08-14 18:48:48,2026-08-14 18:05:07.858144,2026-08-14 18:59:53.343732,delivered,18.0,high,clear,delivered,1,1.0,11.09,delivered_late,2026-08-14T18:59:22.121465,D044,D044,,eta-v3.2,completed,2,0,0,1,0,0,0,,3,0,1,preparing,6,3,1,36.130969066666665,54.75809313333333,0,0,0,0,North Indian,scooter,19.0
O00414,C0794,R045,D077,Bengaluru,2026-08-23 16:37:00,,2026-08-23 17:01:32.420393,2026-08-23 17:35:10.727789,delivered,8.23,high,clear,delivered,1,0.0,-1.1,delivered_on_time,2026-08-23T17:46:19.153095,D077,D077,,eta-v3.1,completed,0,0,0,0,0,0,0,,4,0,0,,7,4,1,24.540339883333335,33.6384566,0,0,0,0,Cafe,bike,4.0
O00415,C0339,R040,D072,Bengaluru,2026-08-04 11:41:00,2026-08-04 12:56:36,2026-08-04 12:05:41.256716,2026-08-04 13:02:04.576882,delivered,18.0,medium,clear,delivered,1,1.0,5.48,delivered_late,2026-08-04T13:00:42.900570,D072,D072,,eta-v3.2,completed,2,0,0,1,0,0,0,,3,0,0,,8,5,1,24.687611933333336,56.388669433333334,0,0,0,0,Desserts,scooter,22.0
O00416,C0662,R020,D056,Bengaluru,2026-08-23 23:54:00,,2026-08-24 00:38:00.030492,2026-08-24 01:02:02.845479,delivered,7.36,low,clear,delivered,1,1.0,17.6,delivered_late,2026-08-24T00:49:00.270114,D056,D056,,eta-v3.2,completed,1,0,0,1,0,0,1,RESTAURANT_CONTACT,4,0,0,,8,5,1,44.0005082,24.04691645,0,1,0,0,Burgers,scooter,19.0
O00417,C0302,R022,D035,Bengaluru,2026-08-16 11:28:00,2026-08-16 12:43:36,2026-08-16 11:51:05.315081,,delivered,18.0,medium,clear,delivered,1,,,unknown,2026-08-16T12:47:36,D035,D035,,eta-v3.2,completed,0,0,0,1,0,0,1,RESTAURANT_CONTACT,3,1,0,,8,5,1,23.088584683333334,,0,1,0,0,South Indian,scooter,5.0
O00418,C0476,R057,D032,Bengaluru,2026-08-16 18:46:00,,2026-08-16 19:04:58.710867,2026-08-16 19:41:01.155907,delivered,10.37,high,clear,delivered,1,0.0,-8.76,delivered_on_time,2026-08-16T19:59:46.772563,D032,D032,,eta-v3.2,completed,1,0,0,0,0,0,0,,3,0,0,,7,4,1,18.97851445,36.04075066666667,0,0,0,0,Cafe,ebike,5.0
O00419,C0729,R032,D046,Bengaluru,2026-08-21 17:44:00,2026-08-21 18:59:36,2026-08-21 18:08:48.212238,2026-08-21 18:52:37.016518,delivered,18.0,medium,clear,delivered,1,0.0,-6.98,delivered_on_time,2026-08-21T19:05:06.199624,D046,D046,,eta-v3.2,completed,3,0,0,0,0,0,0,,3,0,1,ready,8,5,1,24.803537300000002,43.81340466666666,0,0,0,0,Pizza,bike,38.0
O00420,C0696,R010,D072,Bengaluru,2026-08-22 19:23:00,,2026-08-22 19:35:15.327557,2026-08-22 20:12:57.582167,delivered,8.75,high,rain,delivered,1,0.0,-12.91,delivered_on_time,2026-08-22T20:40:52.048553,D072,D072,,eta-v3.1,completed,1,0,0,0,0,0,0,,3,0,0,,6,3,1,12.255459283333332,37.7042435,0,0,0,0,North Indian,scooter,22.0
O00421,C0246,R045,D049,Bengaluru,2026-08-16 16:13:00,,2026-08-16 16:27:24.562471,2026-08-16 17:22:02.337957,delivered,15.97,medium,heavy_rain,delivered,1,0.0,-8.29,delivered_on_time,2026-08-16T17:46:19.761307,D049,D049,,eta-v3.1,completed,0,0,0,0,0,0,0,,3,0,0,,7,4,1,14.409374516666666,54.62959143333333,0,0,0,0,Cafe,bike,17.0
O00422,C0193,R024,D068,Bengaluru,2026-08-09 23:50:00,2026-08-10 01:05:36,2026-08-10 00:21:17.685063,2026-08-10 01:11:13.941923,delivered,18.0,medium,clear,delivered,1,1.0,5.63,delivered_late,2026-08-10T01:11:27.300580,D068,D068,,eta-v3.1,completed,0,0,0,0,0,0,0,,3,0,0,,8,5,1,31.29475105,49.937614333333336,0,0,0,0,South Indian,scooter,1.0
O00423,C0757,R054,D046,Bengaluru,2026-08-20 20:06:00,,2026-08-20 20:38:45.082177,2026-08-20 21:24:09.603263,delivered,12.76,high,clear,delivered,1,1.0,9.36,delivered_late,2026-08-20T21:31:45.521531,D046,D046,,eta-v3.2,completed,2,0,1,0,0,0,0,,3,0,1,ready,8,5,1,32.751369616666665,45.40868476666667,1,0,0,0,South Indian,bike,38.0
O00424,C0205,R036,D072,Bengaluru,2026-08-28 14:26:00,,2026-08-28 14:42:25.733641,2026-08-28 15:36:54.841762,delivered,16.4,high,clear,delivered,1,0.0,-5.52,delivered_on_time,2026-08-28T15:52:26.121250,D072,D072,,eta-v3.2,completed,2,0,0,1,1,1,0,,3,0,0,,6,3,1,16.428894016666668,54.48513535,1,0,0,0,North Indian,scooter,22.0
O00425,C0173,R027,D074,Bengaluru,2026-08-08 13:27:00,,2026-08-08 13:54:11.889666,2026-08-08 14:28:50.303810,delivered,12.96,medium,clear,delivered,1,0.0,-3.18,delivered_on_time,2026-08-08T14:36:01.304358,D019,D074,2026-08-08T13:37:08.738146,eta-v3.1,completed,3,0,0,0,0,0,0,,3,0,0,,7,4,1,27.1981611,34.640235733333334,0,0,0,0,Biryani,bike,6.0
O00426,C0023,R034,D120,Bengaluru,2026-08-02 19:41:00,2026-08-02 20:53:48,2026-08-02 20:00:38.300571,2026-08-02 20:44:23.948590,delivered,18.0,low,clear,delivered,1,0.0,-9.4,delivered_on_time,2026-08-02T20:53:48,D120,D120,,eta-v3.2,completed,0,0,0,0,0,0,0,,3,0,0,,7,4,1,19.63834285,43.76080031666667,0,0,0,0,Pizza,scooter,22.0
O00427,C0894,R015,D024,Bengaluru,2026-08-17 19:09:00,,2026-08-17 19:20:28.637551,2026-08-17 19:50:24.964047,delivered,7.97,high,clear,delivered,1,0.0,-17.32,delivered_on_time,2026-08-17T20:17:43.943480,D024,D024,,eta-v3.2,completed,0,0,0,1,0,0,0,,3,0,1,handed_off,7,4,1,11.477292516666667,29.93877493333333,0,0,0,0,Cafe,bike,32.0
O00428,C0882,R007,D040,Bengaluru,2026-08-05 18:34:00,2026-08-05 19:49:36,2026-08-05 19:08:12.922426,2026-08-05 19:58:06.809822,delivered,18.0,medium,clear,delivered,1,1.0,8.51,delivered_late,2026-08-05T19:53:36,D103,D040,2026-08-05T18:46:37.154766,eta-v3.2,completed,0,0,0,1,1,1,1,DRIVER_REASSIGNMENT,3,0,0,,7,4,1,34.215373766666666,49.898123266666666,1,1,0,0,North Indian,bike,27.0
O00429,C0002,R044,D003,Bengaluru,2026-08-12 15:32:00,2026-08-12 16:47:36,2026-08-12 15:44:29.195931,2026-08-12 16:37:40.219550,delivered,18.0,medium,clear,delivered,1,0.0,-9.93,delivered_on_time,2026-08-12T16:51:36,D003,D003,,eta-v3.1,completed,1,0,0,0,0,0,1,DRIVER_REASSIGNMENT,3,0,0,,6,3,1,12.48659885,53.18372698333334,0,1,0,0,Cafe,scooter,15.0
O00430,C0202,R030,D012,Bengaluru,2026-08-23 18:08:00,,2026-08-23 18:38:58.898892,2026-08-23 19:08:20.075743,delivered,4.32,high,clear,delivered,1,1.0,9.26,delivered_late,2026-08-23T19:09:04.338422,D012,D012,,eta-v3.1,completed,1,0,0,1,1,1,1,RESTAURANT_CONTACT,3,0,1,handed_off,8,5,1,30.9816482,29.352947516666667,1,1,0,0,South Indian,bike,10.0
O00431,C0502,R029,D002,Bengaluru,2026-08-15 12:43:00,,2026-08-15 13:24:20.674411,2026-08-15 14:09:44.999580,delivered,16.48,medium,clear,delivered,1,1.0,14.34,delivered_late,2026-08-15T14:01:08.704687,D002,D002,,eta-v3.2,completed,3,0,0,0,0,0,1,PRIORITY_DISPATCH,3,0,0,,8,5,1,41.344573516666664,45.40541948333334,0,1,0,0,Burgers,scooter,8.0
O00432,C0381,R008,D030,Bengaluru,2026-08-15 13:45:00,,2026-08-15 14:08:34.836005,,cancelled,12.16,medium,clear,cancelled,0,,,cancelled,2026-08-15T14:52:20.523075,D030,D030,,eta-v3.2,cancelled,0,0,0,1,0,0,1,PRIORITY_DISPATCH,2,0,1,handed_off,1,0,0,23.58060008333333,,0,1,0,0,Cafe,scooter,19.0
O00433,C0336,R050,D051,Bengaluru,2026-08-04 19:26:00,2026-08-04 20:38:48,2026-08-04 20:01:46.731336,2026-08-04 20:48:09.272928,delivered,18.0,low,clear,delivered,1,1.0,9.35,delivered_late,2026-08-04T20:39:19.128844,D051,D051,,eta-v3.2,completed,0,0,0,1,0,0,0,,4,0,0,,6,3,1,35.7788556,46.3756932,0,0,0,0,Cafe,bike,34.0
O00434,C0101,R060,D102,Bengaluru,2026-08-10 21:13:00,,2026-08-10 21:47:32.917101,2026-08-10 22:21:41.776640,delivered,12.57,low,clear,delivered,1,1.0,7.3,delivered_late,2026-08-10T22:20:39.746994,D102,D102,,eta-v3.2,completed,1,0,0,0,0,0,0,,3,0,1,preparing,8,5,1,34.54861835,34.147658983333336,0,0,0,0,Chinese,scooter,16.0
O00435,C0132,R024,D039,Bengaluru,2026-08-25 18:28:00,2026-08-25 19:40:48,2026-08-25 19:06:12.364806,2026-08-25 19:46:59.243904,delivered,18.0,low,clear,delivered,1,1.0,6.19,delivered_late,2026-08-25T19:47:29.922865,D039,D039,,eta-v3.1,completed,0,0,0,0,0,0,0,,3,0,0,,8,5,1,38.2060801,40.781318299999995,0,0,0,0,South Indian,scooter,13.0
O00436,C0841,R020,D023,Bengaluru,2026-08-26 20:19:00,,2026-08-26 20:43:39.141619,2026-08-26 21:07:50.694054,delivered,4.97,medium,clear,delivered,1,1.0,0.6,delivered_late,2026-08-26T21:11:44.342965,D074,D023,2026-08-26T20:29:45.737399,eta-v3.2,completed,2,0,0,0,0,0,1,CUSTOMER_CREDIT,3,0,0,,5,2,1,24.652360316666666,24.192540583333333,0,1,0,0,Burgers,ebike,27.0
O00437,C0685,R008,D057,Bengaluru,2026-08-06 23:17:00,,2026-08-06 23:43:31.993973,2026-08-07 00:09:45.053104,delivered,2.21,high,clear,delivered,1,1.0,6.12,delivered_late,2026-08-07T00:16:22.839692,D057,D057,,eta-v3.2,completed,2,0,0,1,1,1,0,,3,0,0,,8,5,1,26.533232883333334,26.217652183333332,1,0,0,0,Cafe,scooter,7.0
O00438,C0376,R022,D111,Bengaluru,2026-08-11 17:05:00,,2026-08-11 17:25:56.515880,2026-08-11 18:04:08.838969,delivered,14.85,low,clear,delivered,1,0.0,-7.03,delivered_on_time,2026-08-11T18:11:10.630939,D111,D111,,eta-v3.2,completed,3,0,0,0,0,0,0,,3,0,1,preparing,5,2,1,20.941931333333333,38.205384816666665,0,0,0,0,South Indian,bike,30.0
O00439,C0642,R053,D037,Bengaluru,2026-08-01 19:19:00,,2026-08-01 19:35:45.766686,2026-08-01 20:07:49.250300,delivered,9.36,medium,clear,delivered,1,0.0,-8.63,delivered_on_time,2026-08-01T20:20:27.122711,D037,D037,,eta-v3.1,completed,2,0,0,0,0,0,0,,4,0,0,,6,3,1,16.762778100000002,32.058060233333336,0,0,0,0,North Indian,scooter,10.0
O00440,C0531,R017,D061,Bengaluru,2026-08-04 15:20:00,2026-08-04 16:35:36,2026-08-04 15:41:19.457322,2026-08-04 16:34:17.163086,delivered,18.0,medium,clear,delivered,1,0.0,-1.31,delivered_on_time,2026-08-04T16:40:04.346874,D061,D061,,eta-v3.1,completed,1,0,0,0,0,0,0,,3,0,0,,6,3,1,21.3242887,52.96176273333333,0,0,0,0,North Indian,bike,32.0
O00441,C0294,R016,D005,Bengaluru,2026-08-21 18:50:00,,2026-08-21 19:11:05.536493,2026-08-21 20:13:54.660469,delivered,17.28,severe,clear,delivered,1,1.0,0.02,delivered_late,2026-08-21T20:31:53.409808,D005,D005,,eta-v3.2,completed,0,0,0,0,0,0,0,,3,0,0,,8,5,1,21.092274883333335,62.81873293333333,0,0,0,0,Biryani,bike,26.0
O00442,C0758,R058,D012,Bengaluru,2026-08-16 15:16:00,2026-08-16 16:35:48,2026-08-16 15:45:58.484206,2026-08-16 16:41:19.586539,delivered,18.0,high,clear,delivered,1,1.0,5.53,delivered_late,2026-08-16T16:46:37.428825,D096,D012,2026-08-16T15:25:02.257885,eta-v3.1,completed,0,0,0,1,1,1,0,,3,0,0,,8,5,1,29.97473676666667,55.35170555,1,0,0,0,North Indian,bike,10.0
O00443,C0495,R053,D120,Bengaluru,2026-08-07 19:51:00,,2026-08-07 20:18:36.734225,2026-08-07 20:39:53.336758,delivered,5.18,medium,clear,delivered,1,1.0,0.21,delivered_late,2026-08-07T20:43:40.493123,D120,D120,,eta-v3.2,completed,2,0,0,0,0,0,0,,3,0,1,ready,8,5,1,27.612237083333333,21.276708883333335,0,0,0,0,North Indian,scooter,22.0
O00444,C0307,R026,D081,Bengaluru,2026-08-20 18:57:00,2026-08-20 20:09:48,2026-08-20 19:28:04.430931,2026-08-20 20:13:22.809956,delivered,18.0,low,clear,delivered,1,1.0,3.58,delivered_late,2026-08-20T20:11:31.685382,D081,D081,,eta-v3.1,completed,3,0,0,0,0,0,0,,3,0,0,,8,5,1,31.07384885,45.30631708333333,0,0,0,0,Desserts,scooter,15.0
O00445,C0741,R060,D074,Bengaluru,2026-08-06 21:51:00,,2026-08-06 22:14:43.060868,2026-08-06 22:55:45.658926,delivered,9.44,high,clear,delivered,1,1.0,2.93,delivered_late,2026-08-06T23:03:23.470565,D036,D074,2026-08-06T22:01:24.706779,eta-v3.2,completed,1,0,0,0,0,0,1,CUSTOMER_CREDIT,3,0,0,,7,4,1,23.717681133333333,41.04330096666667,0,1,0,0,Chinese,bike,6.0
O00446,C0780,R045,D081,Bengaluru,2026-08-02 15:57:00,2026-08-02 17:16:48,2026-08-02 16:42:19.366626,2026-08-02 17:37:54.470187,delivered,18.0,high,clear,delivered,1,1.0,21.11,delivered_late,2026-08-02T17:36:22.639767,D081,D081,,eta-v3.1,completed,2,0,1,1,0,0,0,,3,0,1,ready,6,3,1,45.3227771,55.58505935,1,0,0,0,Cafe,scooter,15.0
O00447,C0725,R048,D036,Bengaluru,2026-08-09 22:54:00,,2026-08-09 23:14:55.686606,2026-08-09 23:56:36.830649,delivered,14.22,medium,clear,delivered,1,0.0,-5.06,delivered_on_time,2026-08-10T00:06:54.695683,D036,D036,,eta-v3.2,completed,3,0,0,0,0,0,0,,3,0,0,,8,5,1,20.9281101,41.68573404999999,0,0,0,0,South Indian,bike,20.0
O00448,C0284,R026,D028,Bengaluru,2026-08-11 17:26:00,2026-08-11 18:41:36,2026-08-11 17:35:39.744301,2026-08-11 18:28:35.108836,delivered,18.0,medium,clear,delivered,1,0.0,-13.01,delivered_on_time,2026-08-11T18:45:36,D028,D028,,eta-v3.2,completed,1,0,0,0,0,0,0,,3,0,1,preparing,8,5,1,9.662405016666666,52.922742250000006,0,0,0,0,Desserts,bike,10.0
O00449,C0070,R035,D008,Bengaluru,2026-08-24 14:44:00,2026-08-24 15:59:36,2026-08-24 15:16:58.800082,2026-08-24 16:03:31.310257,delivered,18.0,medium,clear,delivered,1,1.0,3.92,delivered_late,2026-08-24T16:03:36,D008,D008,,eta-v3.2,completed,1,0,0,0,0,0,0,,3,0,0,,5,2,1,32.98000136666666,46.541836249999996,0,0,0,0,North Indian,ebike,23.0
O00450,C0202,R007,D094,Bengaluru,2026-08-11 21:15:00,2026-08-11 22:27:48,2026-08-11 21:43:23.756324,2026-08-11 22:28:04.340517,delivered,18.0,low,clear,delivered,1,1.0,0.27,delivered_late,2026-08-11T22:27:57.838526,D094,D094,,eta-v3.2,completed,0,0,0,0,0,0,0,,3,0,1,ready,8,5,1,28.39593873333333,44.67640321666667,0,0,0,0,North Indian,bike,24.0
O00451,C0549,R018,D088,Bengaluru,2026-08-28 19:50:00,2026-08-28 21:05:18,2026-08-28 20:06:53.045584,2026-08-28 20:50:59.561341,delivered,18.0,low,rain,delivered,1,0.0,-14.31,delivered_on_time,2026-08-28T21:11:53.594998,D088,D088,,eta-v3.1,completed,1,0,0,1,0,0,0,,3,0,0,,8,5,1,16.884093066666665,44.10859595,0,0,0,0,South Indian,scooter,28.0
O00452,C0020,R057,D106,Bengaluru,2026-08-20 11:24:00,2026-08-20 12:39:36,2026-08-20 11:44:42.156314,2026-08-20 12:29:57.824096,delivered,18.0,medium,clear,delivered,1,0.0,-9.64,delivered_on_time,2026-08-20T12:43:36,D067,D106,2026-08-20T11:34:41.165577,eta-v3.1,completed,0,0,0,0,0,0,1,PRIORITY_DISPATCH,4,0,0,,5,2,1,20.702605233333333,45.2611297,0,1,0,0,Cafe,bike,24.0
O00453,C0546,R057,D095,Bengaluru,2026-08-26 21:57:00,,2026-08-26 22:14:23.713907,2026-08-26 22:49:09.630432,delivered,10.52,medium,clear,delivered,1,0.0,-7.74,delivered_on_time,2026-08-26T23:00:53.748975,D095,D095,,eta-v3.1,completed,2,0,0,1,0,0,0,,3,0,0,,7,4,1,17.395231783333333,34.76527541666667,0,0,0,0,Cafe,bike,6.0
O00454,C0179,R036,D027,Bengaluru,2026-08-19 21:49:00,,2026-08-19 22:20:59.619685,2026-08-19 22:50:24.317720,delivered,13.09,low,clear,delivered,1,0.0,-1.08,delivered_on_time,2026-08-19T22:52:15.107231,D027,D027,,eta-v3.1,completed,2,0,0,0,0,0,1,PRIORITY_DISPATCH,3,0,1,handed_off,5,2,1,31.993661416666665,29.411633916666666,0,1,0,0,North Indian,ebike,4.0
O00455,C0202,R024,D003,Bengaluru,2026-08-07 19:12:00,2026-08-07 20:31:48,2026-08-07 19:29:38.924040,2026-08-07 20:23:57.360990,delivered,18.0,high,clear,delivered,1,0.0,-7.84,delivered_on_time,2026-08-07T20:41:59.908331,D003,D003,,eta-v3.2,completed,0,0,0,0,0,0,0,,3,0,1,preparing,8,5,1,17.648734,54.3072825,0,0,0,0,South Indian,scooter,15.0
O00456,C0746,R009,D053,Bengaluru,2026-08-01 19:44:00,2026-08-01 20:59:36,2026-08-01 20:02:34.501796,2026-08-01 20:50:35.703316,delivered,18.0,medium,clear,delivered,1,0.0,-9.0,delivered_on_time,2026-08-01T21:03:36,D053,D053,,eta-v3.1,completed,2,0,0,0,0,0,0,,3,0,0,,5,2,1,18.575029933333333,48.02002533333334,0,0,0,0,Burgers,bike,22.0
O00457,C0168,R037,D035,Bengaluru,2026-08-01 18:09:00,,2026-08-01 18:28:52.499454,,cancelled,17.25,medium,clear,cancelled,0,,,cancelled,2026-08-01T19:28:13.682174,D026,D035,2026-08-01T18:13:04.985814,eta-v3.1,cancelled,0,0,0,0,0,0,0,,2,0,1,preparing,1,0,0,19.8749909,,0,0,0,0,Cafe,scooter,5.0
O00458,C0438,R012,D032,Bengaluru,2026-08-09 20:21:00,2026-08-09 21:40:48,2026-08-09 20:48:52.500807,2026-08-09 21:46:14.169158,delivered,18.0,high,clear,delivered,1,1.0,5.44,delivered_late,2026-08-09T21:50:48,D032,D032,,eta-v3.1,completed,0,0,0,0,0,0,0,,3,0,0,,5,2,1,27.875013449999997,57.36113918333333,0,0,0,0,Biryani,ebike,5.0
O00459,C0468,R041,D002,Bengaluru,2026-08-15 15:51:00,2026-08-15 17:06:36,2026-08-15 16:19:29.867757,2026-08-15 17:10:33.050292,delivered,18.0,medium,clear,delivered,1,1.0,3.95,delivered_late,2026-08-15T17:10:36,D002,D002,,eta-v3.1,completed,1,0,0,0,0,0,1,RESTAURANT_CONTACT,3,0,1,preparing,6,3,1,28.49779595,51.05304225,0,1,0,0,Desserts,scooter,8.0
O00460,C0087,R026,D104,Bengaluru,2026-08-12 16:27:00,2026-08-12 17:52:24,2026-08-12 17:21:45.188189,2026-08-12 18:29:16.970368,delivered,18.0,severe,clear,delivered,1,1.0,36.88,delivered_late,2026-08-12T18:18:24.182486,D104,D104,,eta-v3.1,completed,3,0,0,0,0,0,0,,3,0,0,,7,4,1,54.753136483333336,67.52970298333334,0,0,0,0,Desserts,bike,30.0
O00461,C0106,R051,D094,Bengaluru,2026-08-07 20:50:00,,2026-08-07 21:24:54.520288,2026-08-07 22:11:51.984216,delivered,15.57,medium,clear,delivered,1,1.0,11.38,delivered_late,2026-08-07T22:10:51.327114,D094,D094,,eta-v3.2,completed,2,0,0,0,0,0,0,,3,0,0,,7,4,1,34.90867146666667,46.95773213333334,0,0,0,0,Cafe,bike,24.0
O00462,C0013,R014,D008,Bengaluru,2026-08-19 17:58:00,,2026-08-19 18:22:08.015036,2026-08-19 19:15:36.063975,delivered,17.55,high,clear,delivered,1,0.0,-1.25,delivered_on_time,2026-08-19T19:26:51.095938,D008,D008,,eta-v3.2,completed,3,0,0,1,1,1,0,,3,0,1,preparing,6,3,1,24.133583933333334,53.46748231666666,1,0,0,0,Biryani,ebike,23.0
O00463,C0046,R043,D094,Bengaluru,2026-08-05 20:18:00,,2026-08-05 20:38:40.569574,2026-08-05 20:59:25.548003,delivered,6.44,medium,clear,delivered,1,0.0,-9.91,delivered_on_time,2026-08-05T21:13:20.034501,D094,D094,,eta-v3.2,completed,1,0,0,0,0,0,0,,4,0,1,handed_off,8,5,1,20.67615956666667,20.749640483333334,0,0,0,0,Burgers,bike,24.0
O00464,C0113,R006,D053,Bengaluru,2026-08-12 22:18:00,,2026-08-12 22:38:43.935647,2026-08-12 23:20:52.276320,delivered,9.18,high,clear,delivered,1,1.0,1.6,delivered_late,2026-08-12T23:29:54.309603,D053,D053,,eta-v3.1,completed,1,0,0,1,0,0,1,DRIVER_REASSIGNMENT,3,0,0,,7,4,1,20.732260783333334,42.13901121666667,0,1,0,0,Pizza,bike,22.0
O00465,C0061,R038,D112,Bengaluru,2026-08-22 21:12:00,2026-08-22 22:37:48,2026-08-22 21:37:56.960467,2026-08-22 22:44:22.405513,delivered,18.0,high,heavy_rain,delivered,1,1.0,6.57,delivered_late,2026-08-22T23:02:08.819836,D039,D112,2026-08-22T21:19:59.918914,eta-v3.2,completed,2,0,0,0,0,0,0,,4,0,0,,8,5,1,25.94934111666667,66.4240841,0,0,0,0,Pizza,bike,19.0
O00466,C0746,R007,D088,Bengaluru,2026-08-25 22:55:00,2026-08-26 00:10:36,2026-08-25 23:09:57.216011,2026-08-25 23:54:10.521612,delivered,18.0,medium,clear,delivered,1,0.0,-16.42,delivered_on_time,2026-08-26T00:14:36,D088,D088,,eta-v3.2,completed,0,0,0,0,0,0,1,PRIORITY_DISPATCH,3,0,0,,5,2,1,14.953600183333332,44.221760016666664,0,1,0,0,North Indian,scooter,28.0
O00467,C0778,R006,D016,Bengaluru,2026-08-25 22:26:00,,2026-08-25 22:39:36.250437,2026-08-25 22:57:16.469139,delivered,4.01,low,clear,delivered,1,0.0,-12.16,delivered_on_time,2026-08-25T23:10:13.605762,D016,D016,,eta-v3.1,completed,0,0,0,0,0,0,0,,3,0,0,,7,4,1,13.60417395,17.6703117,0,0,0,0,Pizza,scooter,46.0
O00468,C0736,R004,D003,Bengaluru,2026-08-25 19:19:00,,2026-08-25 19:45:10.926338,2026-08-25 20:26:28.040733,delivered,15.01,medium,clear,delivered,1,0.0,-1.85,delivered_on_time,2026-08-25T20:33:21.959132,D003,D003,,eta-v3.2,completed,2,0,0,0,0,0,1,RESTAURANT_CONTACT,3,0,0,,6,3,1,26.182105633333332,41.28523991666667,0,1,0,0,South Indian,scooter,15.0
O00469,C0266,R041,D005,Bengaluru,2026-08-16 12:36:00,2026-08-16 14:01:24,2026-08-16 12:50:02.914224,2026-08-16 13:57:01.320777,delivered,18.0,severe,clear,delivered,1,0.0,-4.38,delivered_on_time,2026-08-16T14:19:24,D005,D005,,eta-v3.2,completed,1,0,0,0,0,0,0,,4,0,0,,6,3,1,14.0485704,66.97344255,0,0,0,0,Desserts,bike,26.0
O00470,C0897,R030,D083,Bengaluru,2026-08-08 16:33:00,,2026-08-08 17:01:51.082439,2026-08-08 17:21:49.192249,delivered,6.21,low,clear,delivered,1,1.0,0.79,delivered_late,2026-08-08T17:21:35.302793,D083,D083,,eta-v3.1,completed,2,0,0,0,0,0,0,,3,0,0,,8,5,1,28.851373983333335,19.968496833333333,0,0,0,0,South Indian,bike,38.0
O00471,C0099,R010,D007,Bengaluru,2026-08-07 16:52:00,,2026-08-07 17:20:12.632435,2026-08-07 18:12:27.727545,delivered,14.78,high,clear,delivered,1,1.0,7.43,delivered_late,2026-08-07T18:18:11.105001,D007,D007,,eta-v3.2,completed,2,0,0,1,1,1,0,,3,0,0,,6,3,1,28.210540583333334,52.25158516666667,1,0,0,0,North Indian,bike,26.0
O00472,C0448,R056,D109,Bengaluru,2026-08-08 18:58:00,2026-08-08 20:13:36,2026-08-08 19:33:38.617887,2026-08-08 20:27:50.690781,delivered,18.0,medium,clear,delivered,1,1.0,14.24,delivered_late,2026-08-08T20:17:36,D109,D109,,eta-v3.2,completed,4,0,1,2,1,1,0,,4,0,1,handed_off,6,3,1,35.64363145,54.2012149,1,0,0,0,Biryani,bike,36.0
O00473,C0719,R002,D064,Bengaluru,2026-08-14 18:58:00,2026-08-14 20:17:48,2026-08-14 20:05:22.631148,2026-08-14 21:04:00.769224,delivered,18.0,high,clear,delivered,1,1.0,46.21,delivered_late,2026-08-14T20:36:39.431172,D064,D064,,eta-v3.1,completed,0,0,0,0,0,0,1,CUSTOMER_CREDIT,3,0,0,,6,3,1,67.37718579999999,58.6356346,0,1,0,0,Burgers,bike,17.0
O00474,C0127,R021,D050,Bengaluru,2026-08-04 23:04:00,2026-08-05 00:23:48,2026-08-04 23:19:24.678164,2026-08-05 00:17:35.652368,delivered,18.0,high,clear,delivered,1,0.0,-6.21,delivered_on_time,2026-08-05T00:34:08.801579,D004,D050,2026-08-04T23:12:07.213147,eta-v3.2,completed,1,0,0,1,0,0,0,,3,0,0,,8,5,1,15.411302733333335,58.1829034,0,0,0,0,Biryani,bike,59.0
O00475,C0883,R056,D058,Bengaluru,2026-08-11 19:29:00,2026-08-11 20:44:36,2026-08-11 19:45:41.208149,2026-08-11 20:37:47.131885,delivered,18.0,medium,clear,delivered,1,0.0,-6.81,delivered_on_time,2026-08-11T20:48:36,D058,D058,,eta-v3.1,completed,0,0,0,1,0,0,1,DRIVER_REASSIGNMENT,3,0,0,,5,2,1,16.686802483333334,52.098728933333334,0,1,0,0,Biryani,scooter,15.0
O00476,C0889,R054,D117,Bengaluru,2026-08-04 18:25:00,2026-08-04 19:37:48,2026-08-04 19:08:28.451241,2026-08-04 19:51:57.232492,delivered,18.0,low,clear,delivered,1,1.0,14.15,delivered_late,2026-08-04T19:43:07.353102,D117,D117,,eta-v3.1,completed,2,0,0,0,0,0,1,DRIVER_REASSIGNMENT,3,0,0,,5,2,1,43.47418735,43.479687516666665,0,1,0,0,South Indian,scooter,34.0
O00477,C0117,R007,D011,Bengaluru,2026-08-21 19:42:00,2026-08-21 21:01:48,2026-08-21 20:14:32.816157,2026-08-21 21:10:10.485830,delivered,18.0,high,clear,delivered,1,1.0,8.37,delivered_late,2026-08-21T21:12:10.355646,D011,D011,,eta-v3.2,completed,3,0,1,0,0,0,0,,3,0,0,,6,3,1,32.54693595,55.62782788333333,1,0,0,0,North Indian,scooter,18.0
O00478,C0264,R045,D096,Bengaluru,2026-08-11 20:43:00,,2026-08-11 20:58:20.684682,2026-08-11 21:41:14.596300,delivered,10.61,high,clear,delivered,1,0.0,-6.04,delivered_on_time,2026-08-11T21:57:16.786315,D096,D096,,eta-v3.2,completed,1,0,0,0,0,0,1,RESTAURANT_CONTACT,3,0,0,,7,4,1,15.3447447,42.898526966666665,0,1,0,0,Cafe,bike,20.0
O00479,C0477,R038,D023,Bengaluru,2026-08-13 22:07:00,2026-08-13 23:22:36,2026-08-13 22:37:57.674973,,cancelled,18.0,medium,clear,cancelled,0,,,cancelled,2026-08-13T23:27:43.126136,D023,D023,,eta-v3.1,cancelled,2,0,0,0,0,0,1,DRIVER_REASSIGNMENT,3,0,1,ready,1,0,0,30.961249549999998,,0,1,0,0,Pizza,ebike,27.0
O00480,C0718,R045,D119,Bengaluru,2026-08-03 19:17:00,,2026-08-03 20:01:17.339837,2026-08-03 20:24:59.005306,delivered,5.01,high,clear,delivered,1,1.0,15.47,delivered_late,2026-08-03T20:25:12.541475,D119,D119,,eta-v3.1,completed,4,0,1,0,0,0,1,PRIORITY_DISPATCH,3,0,0,,5,2,1,44.28899728333333,23.694424483333332,1,1,0,0,Cafe,bike,15.0
O00481,C0811,R014,D036,Bengaluru,2026-08-23 17:59:00,2026-08-23 19:24:24,2026-08-23 18:28:42.877804,2026-08-23 19:28:49.624756,delivered,18.0,severe,clear,delivered,1,1.0,4.43,delivered_late,2026-08-23T19:42:24.570064,D036,D036,,eta-v3.2,completed,1,0,0,0,0,0,0,,3,0,1,handed_off,5,2,1,29.714630066666665,60.1124492,0,0,0,0,Biryani,bike,20.0
O00482,C0093,R043,D073,Bengaluru,2026-08-13 18:47:00,,2026-08-13 19:05:44.137111,2026-08-13 19:27:34.860111,delivered,4.23,medium,clear,delivered,1,0.0,-6.11,delivered_on_time,2026-08-13T19:37:41.196323,D073,D073,,eta-v3.2,completed,2,0,0,0,0,0,0,,3,0,0,,5,2,1,18.735618516666666,21.845383333333334,0,0,0,0,Burgers,bike,48.0
O00483,C0670,R004,D079,Bengaluru,2026-08-10 14:24:00,,2026-08-10 14:48:51.887736,2026-08-10 15:12:37.375389,delivered,8.34,low,clear,delivered,1,0.0,-3.89,delivered_on_time,2026-08-10T15:16:30.689606,D079,D079,,eta-v3.2,completed,2,0,0,0,0,0,1,RESTAURANT_CONTACT,3,0,0,,5,2,1,24.864795599999997,23.758127549999998,0,1,0,0,South Indian,scooter,22.0
O00484,C0028,R057,D065,Bengaluru,2026-08-21 20:48:00,,2026-08-21 21:12:39.799380,2026-08-21 21:34:51.865762,delivered,4.23,low,rain,delivered,1,1.0,0.48,delivered_late,2026-08-21T21:39:23.305353,D065,D065,,eta-v3.1,completed,1,0,0,0,0,0,0,,4,0,0,,6,3,1,24.663323,22.201106366666668,0,0,0,0,Cafe,bike,17.0
O00485,C0864,R026,D005,Bengaluru,2026-08-15 19:04:00,,2026-08-15 19:32:08.015329,2026-08-15 20:15:21.486824,delivered,13.42,high,clear,delivered,1,1.0,1.18,delivered_late,2026-08-15T20:26:08.569609,D005,D005,,eta-v3.1,completed,3,0,0,1,0,0,0,,3,0,0,,5,2,1,28.133588816666666,43.22452491666666,0,0,0,0,Desserts,bike,26.0
O00486,C0464,R043,D073,Bengaluru,2026-08-06 20:15:00,,2026-08-06 20:44:25.019780,2026-08-06 21:06:08.388424,delivered,5.29,medium,clear,delivered,1,1.0,2.23,delivered_late,2026-08-06T21:07:54.308146,D073,D073,,eta-v3.2,completed,3,0,0,0,0,0,0,,4,0,1,ready,7,4,1,29.416996333333334,21.722810733333333,0,0,0,0,Burgers,bike,48.0
O00487,C0894,R041,D024,Bengaluru,2026-08-24 17:09:00,2026-08-24 18:31:18,2026-08-24 17:41:15.588153,2026-08-24 18:42:38.911522,delivered,18.0,high,rain,delivered,1,1.0,11.35,delivered_late,2026-08-24T18:51:51.870586,D024,D024,,eta-v3.1,completed,2,0,0,0,0,0,0,,3,0,1,handed_off,6,3,1,32.259802549999996,61.38872281666667,0,0,0,0,Desserts,bike,32.0
O00488,C0774,R018,D055,Bengaluru,2026-08-13 18:30:00,,2026-08-13 19:05:41.399010,,delivered,2.95,low,clear,delivered,1,,,unknown,2026-08-13T19:11:51.691166,D055,D055,,eta-v3.2,completed,0,0,0,0,0,0,1,PRIORITY_DISPATCH,2,0,0,,8,5,1,35.689983500000004,,0,1,0,0,South Indian,bike,14.0
O00489,C0344,R017,D083,Bengaluru,2026-08-19 12:56:00,,2026-08-19 13:22:11.946224,2026-08-19 14:10:45.484437,delivered,15.59,low,rain,delivered,1,1.0,4.51,delivered_late,2026-08-19T14:11:14.792264,D083,D083,,eta-v3.2,completed,2,0,0,1,0,0,1,DRIVER_REASSIGNMENT,3,0,0,,8,5,1,26.199103733333335,48.558970216666665,0,1,0,0,North Indian,bike,38.0
O00490,C0579,R016,D018,Bengaluru,2026-08-08 15:02:00,2026-08-08 16:27:24,2026-08-08 15:31:51.592269,2026-08-08 16:33:39.027665,delivered,18.0,severe,clear,delivered,1,1.0,6.25,delivered_late,2026-08-08T16:45:30.512497,D018,D018,,eta-v3.1,completed,3,0,0,1,0,0,0,,3,0,1,ready,6,3,1,29.85987115,61.79058993333333,0,0,0,0,Biryani,bike,16.0
O00491,C0003,R045,D010,Bengaluru,2026-08-13 17:37:00,,2026-08-13 18:14:28.409589,2026-08-13 18:47:18.156455,delivered,3.98,severe,clear,delivered,1,1.0,14.34,delivered_late,2026-08-13T18:50:57.974230,D010,D010,,eta-v3.2,completed,0,0,0,1,1,1,0,,3,0,1,preparing,8,5,1,37.473493149999996,32.82911443333333,1,0,0,0,Cafe,ebike,7.0
O00492,C0015,R023,D101,Bengaluru,2026-08-26 17:09:00,,2026-08-26 17:34:44.467541,,cancelled,12.3,medium,clear,cancelled,0,,,cancelled,2026-08-26T18:16:37.192858,D101,D101,,eta-v3.2,cancelled,0,0,0,0,0,0,1,DRIVER_REASSIGNMENT,2,0,0,,1,0,0,25.741125683333333,,0,1,0,0,Pizza,scooter,19.0
O00493,C0243,R026,D032,Bengaluru,2026-08-01 12:49:00,2026-08-01 14:08:48,2026-08-01 13:06:55.188378,2026-08-01 14:05:02.111690,delivered,18.0,high,clear,delivered,1,0.0,-3.76,delivered_on_time,2026-08-01T14:18:48,D032,D032,,eta-v3.1,completed,3,0,0,1,0,0,1,DRIVER_REASSIGNMENT,3,0,0,,5,2,1,17.9198063,58.11538853333333,0,1,0,0,Desserts,ebike,5.0
O00494,C0055,R048,D119,Bengaluru,2026-08-06 14:47:00,,2026-08-06 15:11:13.290322,2026-08-06 15:26:09.157721,delivered,5.18,low,clear,delivered,1,0.0,-6.73,delivered_on_time,2026-08-06T15:32:52.726833,D119,D119,,eta-v3.1,completed,3,0,0,0,0,0,0,,4,0,1,handed_off,5,2,1,24.22150536666667,14.931123316666666,0,0,0,0,South Indian,bike,15.0
O00495,C0209,R031,D062,Bengaluru,2026-08-11 11:15:00,2026-08-11 12:30:36,2026-08-11 11:47:59.729444,,cancelled,18.0,medium,clear,cancelled,0,,,cancelled,2026-08-11T12:38:08.514973,D062,D062,,eta-v3.1,cancelled,1,0,0,0,0,0,0,,2,0,0,,1,0,0,32.995490733333334,,0,0,0,0,Chinese,bike,32.0
O00496,C0033,R028,D001,Bengaluru,2026-08-04 14:50:00,2026-08-04 16:02:48,2026-08-04 14:59:12.709125,2026-08-04 15:48:57.375761,delivered,18.0,low,clear,delivered,1,0.0,-13.84,delivered_on_time,2026-08-04T16:02:48,D001,D001,,eta-v3.2,completed,3,0,0,0,0,0,1,DRIVER_REASSIGNMENT,3,0,0,,7,4,1,9.211818749999999,49.74444393333333,0,1,0,0,Biryani,bike,31.0
O00497,C0482,R032,D075,Bengaluru,2026-08-13 19:22:00,2026-08-13 20:44:18,2026-08-13 20:14:53.614453,2026-08-13 21:16:04.765594,delivered,18.0,high,rain,delivered,1,1.0,31.78,delivered_late,2026-08-13T21:10:10.365235,D016,D075,2026-08-13T19:35:43.824946,eta-v3.2,completed,0,0,0,1,1,1,1,PRIORITY_DISPATCH,3,0,0,,6,3,1,52.89357421666667,61.18585235,1,1,0,0,Pizza,bike,22.0
O00498,C0888,R033,D119,Bengaluru,2026-08-16 18:42:00,2026-08-16 20:00:48,2026-08-16 19:01:54.646696,,cancelled,18.0,low,heavy_rain,cancelled,0,,,cancelled,2026-08-16T20:12:48,D119,D119,,eta-v3.1,cancelled,0,0,0,0,0,0,0,,2,0,0,,1,0,0,19.910778266666668,,0,0,0,0,Cafe,bike,15.0
O00499,C0277,R002,D104,Bengaluru,2026-08-26 20:43:00,2026-08-26 21:58:36,2026-08-26 21:14:02.441452,2026-08-26 22:05:43.231907,delivered,18.0,medium,clear,delivered,1,1.0,7.12,delivered_late,2026-08-26T22:06:08.692283,D104,D104,,eta-v3.2,completed,2,0,0,1,0,0,0,,3,0,0,,5,2,1,31.04069086666667,51.67984091666666,0,0,0,0,Burgers,bike,30.0
O00500,C0822,R056,D007,Bengaluru,2026-08-07 19:55:00,2026-08-07 21:10:36,2026-08-07 20:09:07.662397,2026-08-07 20:59:18.080821,delivered,18.0,medium,clear,delivered,1,0.0,-11.3,delivered_on_time,2026-08-07T21:14:59.624027,D007,D007,,eta-v3.2,completed,3,0,0,0,0,0,0,,3,0,0,,8,5,1,14.127706616666668,50.1736404,0,0,0,0,Biryani,bike,26.0
O00501,C0509,R033,D087,Bengaluru,2026-08-22 19:06:00,2026-08-22 20:21:36,2026-08-22 19:33:24.991506,2026-08-22 20:22:22.012259,delivered,18.0,medium,clear,delivered,1,1.0,0.77,delivered_late,2026-08-22T20:25:36,D087,D087,,eta-v3.2,completed,0,0,0,1,0,0,0,,3,0,0,,5,2,1,27.4165251,48.95034588333333,0,0,0,0,Cafe,bike,62.0
O00502,C0148,R051,D098,Bengaluru,2026-08-21 20:05:00,,2026-08-21 20:28:17.555642,2026-08-21 20:59:16.781520,delivered,5.61,high,clear,delivered,1,1.0,0.49,delivered_late,2026-08-21T21:08:47.101348,D098,D098,,eta-v3.2,completed,1,0,0,1,0,0,1,RESTAURANT_CONTACT,3,0,0,,8,5,1,23.292594033333334,30.987097966666667,0,1,0,0,Cafe,scooter,7.0
O00503,C0881,R020,D088,Bengaluru,2026-08-24 19:12:00,2026-08-24 20:31:48,2026-08-24 19:40:06.518413,2026-08-24 20:31:00.878093,delivered,18.0,high,clear,delivered,1,0.0,-0.79,delivered_on_time,2026-08-24T20:41:48,D008,D088,2026-08-24T19:18:32.175108,eta-v3.1,completed,0,0,0,0,0,0,0,,3,0,0,,8,5,1,28.108640216666668,50.905994666666665,0,0,0,0,Burgers,scooter,28.0
O00504,C0716,R039,D023,Bengaluru,2026-08-20 19:06:00,,2026-08-20 19:37:47.238817,2026-08-20 20:22:24.409143,delivered,14.49,medium,clear,delivered,1,1.0,8.18,delivered_late,2026-08-20T20:19:36.124449,D023,D023,,eta-v3.2,completed,2,0,0,1,0,0,0,,3,0,0,,7,4,1,31.787313616666665,44.61950543333333,0,0,0,0,Biryani,ebike,27.0
O00505,C0479,R012,D081,Bengaluru,2026-08-20 16:32:00,,2026-08-20 16:59:35.581676,2026-08-20 17:52:48.639434,delivered,13.78,severe,clear,delivered,1,1.0,4.26,delivered_late,2026-08-20T18:07:58.977465,D081,D081,,eta-v3.2,completed,1,0,0,0,0,0,0,,3,0,1,ready,7,4,1,27.593027933333335,53.2176293,0,0,0,0,Biryani,scooter,15.0
O00506,C0274,R013,D105,Bengaluru,2026-08-08 19:03:00,,2026-08-08 19:19:30.312766,2026-08-08 20:00:32.805129,delivered,8.23,severe,clear,delivered,1,0.0,-7.33,delivered_on_time,2026-08-08T20:25:52.391855,D105,D105,,eta-v3.1,completed,2,0,0,0,0,0,1,CUSTOMER_CREDIT,3,0,0,,8,5,1,16.505212766666666,41.04153938333333,0,1,0,0,Pizza,bike,18.0
O00507,C0399,R050,D059,Bengaluru,2026-08-17 20:18:00,,2026-08-17 20:40:18.973164,2026-08-17 21:25:25.528884,delivered,12.56,high,clear,delivered,1,0.0,-0.95,delivered_on_time,2026-08-17T21:36:22.799209,D059,D059,,eta-v3.1,completed,0,0,0,0,0,0,1,PRIORITY_DISPATCH,3,0,1,ready,7,4,1,22.3162194,45.109261999999994,0,1,0,0,Cafe,bike,7.0
O00508,C0499,R033,D051,Bengaluru,2026-08-10 21:13:00,2026-08-10 22:25:48,2026-08-10 21:53:24.611482,2026-08-10 22:37:41.070276,delivered,18.0,low,clear,delivered,1,1.0,11.88,delivered_late,2026-08-10T22:26:00.126163,D051,D051,,eta-v3.1,completed,0,0,0,1,1,1,0,,3,0,1,preparing,8,5,1,40.410191366666666,44.27431323333334,1,0,0,0,Cafe,bike,34.0
O00509,C0519,R030,D052,Bengaluru,2026-08-02 12:32:00,2026-08-02 13:51:48,2026-08-02 12:51:46.364440,2026-08-02 13:43:14.227492,delivered,18.0,high,clear,delivered,1,0.0,-8.56,delivered_on_time,2026-08-02T14:01:48,D052,D052,,eta-v3.2,completed,2,0,0,0,0,0,0,,3,0,0,,6,3,1,19.772740666666667,51.464384200000005,0,0,0,0,South Indian,bike,10.0
O00510,C0797,R029,D065,Bengaluru,2026-08-26 19:05:00,,2026-08-26 19:29:57.992323,2026-08-26 20:30:54.899123,delivered,17.23,high,rain,delivered,1,1.0,5.23,delivered_late,2026-08-26T20:42:12.728467,D065,D065,,eta-v3.1,completed,0,0,0,0,0,0,1,DRIVER_REASSIGNMENT,3,0,1,preparing,6,3,1,24.966538716666665,60.94844666666667,0,1,0,0,Burgers,bike,17.0
O00511,C0064,R038,D015,Bengaluru,2026-08-09 19:06:00,2026-08-09 20:25:48,2026-08-09 19:26:39.457940,2026-08-09 20:24:14.113395,delivered,18.0,high,clear,delivered,1,0.0,-1.56,delivered_on_time,2026-08-09T20:35:48,D015,D015,,eta-v3.1,completed,1,0,0,1,0,0,0,,3,0,1,handed_off,6,3,1,20.657632333333332,57.577590916666665,0,0,0,0,Pizza,ebike,23.0
O00512,C0190,R012,D062,Bengaluru,2026-08-27 18:51:00,2026-08-27 20:06:36,2026-08-27 19:16:59.110922,2026-08-27 20:03:15.140941,delivered,18.0,medium,clear,delivered,1,0.0,-3.35,delivered_on_time,2026-08-27T20:11:45.391382,D062,D062,,eta-v3.1,completed,2,0,0,1,0,0,0,,3,0,0,,5,2,1,25.985182033333334,46.26716698333333,0,0,0,0,Biryani,bike,32.0
O00513,C0109,R024,D078,Bengaluru,2026-08-06 11:28:00,2026-08-06 12:47:48,2026-08-06 12:13:16.032656,2026-08-06 13:10:37.271716,delivered,18.0,high,clear,delivered,1,1.0,22.82,delivered_late,2026-08-06T13:02:09.293246,D016,D078,2026-08-06T11:33:35.390030,eta-v3.2,completed,4,1,1,1,1,1,0,,3,0,1,preparing,6,3,1,45.26721093333333,57.35398433333333,1,0,0,0,South Indian,bike,18.0
O00514,C0419,R053,D014,Bengaluru,2026-08-10 11:33:00,2026-08-10 12:52:48,2026-08-10 11:56:41.364381,2026-08-10 12:52:29.021367,delivered,18.0,high,clear,delivered,1,0.0,-0.32,delivered_on_time,2026-08-10T13:05:20.896320,D014,D014,,eta-v3.2,completed,0,0,0,1,0,0,1,DRIVER_REASSIGNMENT,3,0,0,,6,3,1,23.689406350000002,55.7942831,0,1,0,0,North Indian,bike,16.0
O00515,C0672,R025,D033,Bengaluru,2026-08-02 13:19:00,,2026-08-02 13:49:46.710718,2026-08-02 14:28:28.839181,delivered,9.93,high,clear,delivered,1,1.0,6.63,delivered_late,2026-08-02T14:38:21.534538,D033,D033,,eta-v3.2,completed,1,0,0,0,0,0,0,,4,0,1,ready,6,3,1,30.778511966666667,38.70214105,0,0,0,0,South Indian,scooter,33.0
O00516,C0001,R011,D119,Bengaluru,2026-08-14 22:09:00,,2026-08-14 22:24:35.856083,2026-08-14 22:52:14.077541,delivered,6.94,medium,clear,delivered,1,0.0,-9.13,delivered_on_time,2026-08-14T23:05:21.831360,D119,D119,,eta-v3.1,completed,3,0,0,0,0,0,0,,3,0,1,ready,6,3,1,15.597601383333334,27.6370243,0,0,0,0,Chinese,bike,15.0
O00517,C0328,R035,D076,Bengaluru,2026-08-20 15:17:00,2026-08-20 16:29:48,2026-08-20 15:46:52.677476,2026-08-20 16:34:46.946537,delivered,18.0,low,clear,delivered,1,1.0,4.98,delivered_late,2026-08-20T16:29:48,D076,D076,,eta-v3.1,completed,1,0,0,0,0,0,1,RESTAURANT_CONTACT,3,0,1,handed_off,5,2,1,29.877957933333334,47.90448435,0,1,0,0,North Indian,bike,9.0
O00518,C0493,R041,D102,Bengaluru,2026-08-13 22:50:00,2026-08-14 00:15:24,2026-08-13 23:08:58.139851,2026-08-14 00:13:54.923342,delivered,18.0,severe,clear,delivered,1,0.0,-1.48,delivered_on_time,2026-08-14T00:33:24,D102,D102,,eta-v3.2,completed,0,0,0,0,0,0,0,,3,0,1,ready,5,2,1,18.968997516666665,64.94639151666667,0,0,0,0,Desserts,scooter,16.0
O00519,C0864,R011,D083,Bengaluru,2026-08-25 17:22:00,,2026-08-25 17:51:51.099458,2026-08-25 18:26:03.977828,delivered,8.09,high,clear,delivered,1,1.0,5.08,delivered_late,2026-08-25T18:31:55.138513,D083,D083,,eta-v3.2,completed,2,0,0,0,0,0,0,,4,0,0,,6,3,1,29.851657633333332,34.2146395,0,0,0,0,Chinese,bike,38.0
O00520,C0489,R050,D089,Bengaluru,2026-08-09 11:46:00,2026-08-09 13:05:48,2026-08-09 12:14:11.608672,2026-08-09 13:08:00.653735,delivered,18.0,high,clear,delivered,1,1.0,2.21,delivered_late,2026-08-09T13:15:48,D089,D089,,eta-v3.2,completed,3,0,0,0,0,0,0,,3,0,0,,7,4,1,28.19347786666667,53.81741771666667,0,0,0,0,Cafe,bike,19.0
O00521,C0854,R026,D038,Bengaluru,2026-08-27 14:40:00,,2026-08-27 14:58:13.980566,2026-08-27 15:54:11.349727,delivered,14.66,high,rain,delivered,1,0.0,-1.1,delivered_on_time,2026-08-27T16:11:32.419223,D038,D038,,eta-v3.1,completed,1,0,0,0,0,0,0,,3,0,0,,5,2,1,18.233009433333333,55.956152683333336,0,0,0,0,Desserts,bike,22.0
O00522,C0748,R027,D015,Bengaluru,2026-08-16 20:00:00,2026-08-16 21:25:24,2026-08-16 20:22:48.526265,2026-08-16 21:29:40.702440,delivered,18.0,severe,clear,delivered,1,1.0,4.28,delivered_late,2026-08-16T21:43:24,D015,D015,,eta-v3.1,completed,1,0,0,0,0,0,0,,3,0,0,,6,3,1,22.808771083333333,66.86960291666666,0,0,0,0,Biryani,ebike,23.0
O00523,C0865,R056,D039,Bengaluru,2026-08-23 18:22:00,2026-08-23 19:37:36,2026-08-23 18:55:41.930569,2026-08-23 19:47:53.336916,delivered,18.0,medium,clear,delivered,1,1.0,10.29,delivered_late,2026-08-23T19:43:46.624899,D039,D039,,eta-v3.2,completed,1,0,0,0,0,0,0,,3,0,0,,6,3,1,33.69884281666667,52.19010578333334,0,0,0,0,Biryani,scooter,13.0
O00524,C0611,R042,D015,Bengaluru,2026-08-12 22:27:00,,2026-08-12 22:51:29.102072,2026-08-12 23:27:58.269309,delivered,10.61,medium,clear,delivered,1,1.0,0.9,delivered_late,2026-08-12T23:31:04.414916,D015,D015,,eta-v3.1,completed,0,0,0,0,0,0,0,,3,0,0,,8,5,1,24.48503453333333,36.48612061666667,0,0,0,0,Chinese,ebike,23.0
O00525,C0280,R022,D107,Bengaluru,2026-08-10 22:41:00,,2026-08-10 23:07:35.282202,2026-08-10 23:52:57.894133,delivered,11.8,medium,rain,delivered,1,1.0,6.9,delivered_late,2026-08-10T23:57:00.204179,D059,D107,2026-08-10T22:47:32.071375,eta-v3.2,completed,1,0,0,1,1,1,0,,3,0,0,,7,4,1,26.5880367,45.37686551666666,1,0,0,0,South Indian,bike,17.0
O00526,C0833,R006,D100,Bengaluru,2026-08-16 14:33:00,2026-08-16 15:48:36,2026-08-16 15:17:53.581660,2026-08-16 16:11:11.602959,delivered,18.0,medium,clear,delivered,1,1.0,22.59,delivered_late,2026-08-16T16:02:56.271387,D100,D100,,eta-v3.2,completed,0,0,0,1,0,0,1,PRIORITY_DISPATCH,3,0,0,,6,3,1,44.89302766666666,53.300354983333335,0,1,0,0,Pizza,scooter,7.0
O00527,C0480,R020,D050,Bengaluru,2026-08-22 21:10:00,,2026-08-22 21:55:49.639157,2026-08-22 22:21:18.666861,delivered,9.26,low,clear,delivered,1,1.0,16.88,delivered_late,2026-08-22T22:12:35.028098,D050,D050,,eta-v3.2,completed,3,0,0,0,0,0,0,,4,0,0,,5,2,1,45.82731928333333,25.48379506666667,0,0,0,0,Burgers,bike,59.0
O00528,C0367,R043,D020,Bengaluru,2026-08-16 23:17:00,2026-08-17 00:29:48,2026-08-16 23:31:38.263244,2026-08-17 00:15:52.556292,delivered,18.0,low,clear,delivered,1,0.0,-13.92,delivered_on_time,2026-08-17T00:30:34.673740,D020,D020,,eta-v3.2,completed,3,0,0,0,0,0,0,,4,0,0,,8,5,1,14.637720733333333,44.23821746666667,0,0,0,0,Burgers,bike,10.0
O00529,C0828,R041,D089,Bengaluru,2026-08-01 20:15:00,2026-08-01 21:30:18,2026-08-01 20:26:07.771825,,cancelled,18.0,low,rain,cancelled,0,,,cancelled,2026-08-01T21:35:18,D089,D089,,eta-v3.2,cancelled,3,0,0,0,0,0,0,,3,0,0,,1,0,0,11.129530416666666,,0,0,0,0,Desserts,bike,19.0
O00530,C0634,R010,D010,Bengaluru,2026-08-16 12:27:00,,2026-08-16 12:45:47.645194,2026-08-16 13:01:57.626904,delivered,3.14,medium,clear,delivered,1,0.0,-9.44,delivered_on_time,2026-08-16T13:15:23.957324,D010,D010,,eta-v3.1,completed,2,0,0,0,0,0,1,PRIORITY_DISPATCH,4,0,0,,8,5,1,18.794086566666667,16.166361833333333,0,1,0,0,North Indian,ebike,7.0
O00531,C0586,R026,D081,Bengaluru,2026-08-06 13:54:00,2026-08-06 15:09:36,2026-08-06 14:25:27.840160,,cancelled,18.0,medium,clear,cancelled,0,,,cancelled,2026-08-06T15:13:36,D081,D081,,eta-v3.1,cancelled,2,0,0,1,0,0,0,,3,0,0,,1,0,0,31.464002666666666,,0,0,0,0,Desserts,scooter,15.0
O00532,C0381,R043,D007,Bengaluru,2026-08-14 11:12:00,,2026-08-14 11:34:31.657150,2026-08-14 11:56:02.760445,delivered,5.84,low,clear,delivered,1,0.0,-3.23,delivered_on_time,2026-08-14T12:01:23.194633,D007,D007,,eta-v3.2,completed,3,0,0,0,0,0,0,,3,0,1,ready,8,5,1,22.527619166666668,21.518388249999997,0,0,0,0,Burgers,bike,26.0
O00533,C0095,R040,D072,Bengaluru,2026-08-14 15:57:00,,2026-08-14 16:37:12.401763,2026-08-14 17:11:33.220021,delivered,12.95,low,clear,delivered,1,1.0,12.37,delivered_late,2026-08-14T17:06:33.367183,D072,D072,,eta-v3.1,completed,3,0,1,1,1,1,0,,3,0,1,preparing,8,5,1,40.20669605,34.34697096666666,1,0,0,0,Desserts,scooter,22.0
O00534,C0320,R051,D111,Bengaluru,2026-08-28 13:23:00,2026-08-28 14:42:48,2026-08-28 13:49:37.407434,2026-08-28 14:44:49.614480,delivered,18.0,high,clear,delivered,1,1.0,2.03,delivered_late,2026-08-28T14:54:16.656827,D111,D111,,eta-v3.2,completed,0,0,0,0,0,0,0,,3,0,0,,5,2,1,26.623457233333333,55.20345076666667,0,0,0,0,Cafe,bike,30.0
O00535,C0299,R046,D010,Bengaluru,2026-08-04 11:58:00,,2026-08-04 12:29:53.051296,2026-08-04 13:17:42.377460,delivered,13.51,high,rain,delivered,1,1.0,6.83,delivered_late,2026-08-04T13:25:57.718210,D010,D010,,eta-v3.2,completed,3,0,0,0,0,0,0,,4,0,0,,6,3,1,31.88418826666667,47.82210273333333,0,0,0,0,Chinese,ebike,7.0
O00536,C0056,R044,D030,Bengaluru,2026-08-14 18:16:00,,2026-08-14 18:36:34.766424,2026-08-14 19:16:01.586065,delivered,10.88,high,clear,delivered,1,0.0,-4.81,delivered_on_time,2026-08-14T19:33:00.140166,D030,D030,,eta-v3.1,completed,1,0,0,0,0,0,0,,4,0,0,,5,2,1,20.5794404,39.446994016666665,0,0,0,0,Cafe,scooter,19.0
O00537,C0649,R041,D048,Bengaluru,2026-08-17 20:10:00,2026-08-17 21:25:36,2026-08-17 20:33:09.136903,2026-08-17 21:23:10.761992,delivered,18.0,medium,clear,delivered,1,0.0,-2.42,delivered_on_time,2026-08-17T21:33:03.269596,D048,D048,,eta-v3.2,completed,3,0,0,0,0,0,0,,3,0,0,,5,2,1,23.152281716666668,50.027084816666665,0,0,0,0,Desserts,bike,11.0
O00538,C0053,R047,D041,Bengaluru,2026-08-13 18:24:00,,2026-08-13 18:45:31.965439,2026-08-13 19:12:51.930961,delivered,6.46,medium,clear,delivered,1,0.0,-2.5,delivered_on_time,2026-08-13T19:19:21.924250,D041,D041,,eta-v3.2,completed,1,0,0,0,0,0,0,,3,0,0,,7,4,1,21.532757316666668,27.3327587,0,0,0,0,South Indian,bike,83.0
O00539,C0221,R044,D083,Bengaluru,2026-08-06 14:34:00,,2026-08-06 15:21:38.611073,2026-08-06 16:05:43.810322,delivered,14.59,medium,clear,delivered,1,1.0,23.28,delivered_late,2026-08-06T15:58:20.253803,D083,D083,,eta-v3.1,completed,4,1,0,1,1,1,1,DRIVER_REASSIGNMENT,3,0,1,preparing,6,3,1,47.64351788333333,44.086654149999994,1,1,0,0,Cafe,bike,38.0
O00540,C0131,R058,D037,Bengaluru,2026-08-20 23:20:00,,2026-08-20 23:48:59.461859,2026-08-21 00:27:34.705324,delivered,13.68,low,clear,delivered,1,1.0,3.84,delivered_late,2026-08-21T00:25:07.818146,D037,D037,,eta-v3.1,completed,0,0,0,0,0,0,1,CUSTOMER_CREDIT,3,0,0,,5,2,1,28.991030983333335,38.58739108333334,0,1,0,0,North Indian,scooter,10.0
O00541,C0447,R057,D094,Bengaluru,2026-08-09 13:01:00,,2026-08-09 13:21:17.843451,2026-08-09 13:58:21.685308,delivered,6.42,medium,heavy_rain,delivered,1,1.0,0.07,delivered_late,2026-08-09T14:14:17.316493,D094,D094,,eta-v3.2,completed,3,0,0,0,0,0,0,,3,0,1,preparing,6,3,1,20.29739085,37.064030949999996,0,0,0,0,Cafe,bike,24.0
O00542,C0220,R036,D004,Bengaluru,2026-08-19 19:54:00,,2026-08-19 20:08:27.829813,2026-08-19 20:33:18.355194,delivered,4.27,high,clear,delivered,1,0.0,-11.67,delivered_on_time,2026-08-19T20:55:16.748782,D004,D004,,eta-v3.1,completed,2,0,0,0,0,0,0,,3,0,1,ready,6,3,1,14.463830216666667,24.84208968333333,0,0,0,0,North Indian,bike,34.0
O00543,C0305,R008,D048,Bengaluru,2026-08-21 16:19:00,2026-08-21 17:31:48,2026-08-21 16:45:49.876920,2026-08-21 17:30:03.893237,delivered,18.0,low,clear,delivered,1,0.0,-1.74,delivered_on_time,2026-08-21T17:31:52.282342,D048,D048,,eta-v3.2,completed,1,0,0,0,0,0,1,RESTAURANT_CONTACT,3,0,1,ready,6,3,1,26.831281999999998,44.23360528333333,0,1,0,0,Cafe,bike,11.0
O00544,C0895,R023,D029,Bengaluru,2026-08-13 17:07:00,2026-08-13 18:26:48,2026-08-13 17:52:30.152236,2026-08-13 18:51:42.909258,delivered,18.0,high,clear,delivered,1,1.0,24.92,delivered_late,2026-08-13T18:36:48,D029,D029,,eta-v3.1,completed,0,0,0,1,1,1,1,DRIVER_REASSIGNMENT,3,0,0,,5,2,1,45.502537266666664,59.21261703333333,1,1,0,0,Pizza,bike,19.0
O00545,C0030,R014,D014,Bengaluru,2026-08-24 20:54:00,,2026-08-24 21:12:08.261553,2026-08-24 22:09:00.757942,delivered,17.89,high,clear,delivered,1,0.0,-4.57,delivered_on_time,2026-08-24T22:24:30.774007,D014,D014,,eta-v3.1,completed,1,0,0,0,0,0,0,,4,0,1,preparing,7,4,1,18.13769255,56.87493981666667,0,0,0,0,Biryani,bike,16.0
O00546,C0804,R054,D027,Bengaluru,2026-08-10 12:56:00,2026-08-10 14:15:48,2026-08-10 13:34:45.308038,2026-08-10 14:29:18.720959,delivered,18.0,high,clear,delivered,1,1.0,13.51,delivered_late,2026-08-10T14:27:23.403093,D027,D027,,eta-v3.2,completed,0,0,0,0,0,0,0,,3,0,0,,5,2,1,38.75513396666667,54.55688201666667,0,0,0,0,South Indian,ebike,4.0
O00547,C0186,R022,D027,Bengaluru,2026-08-08 12:18:00,,2026-08-08 12:57:18.723239,2026-08-08 13:27:12.771378,delivered,7.85,medium,clear,delivered,1,1.0,14.94,delivered_late,2026-08-08T13:24:38.717717,D027,D027,,eta-v3.2,completed,1,0,0,1,0,0,0,,3,0,0,,8,5,1,39.312053983333335,29.900802316666667,0,0,0,0,South Indian,ebike,4.0
O00548,C0886,R024,D113,Bengaluru,2026-08-04 15:31:00,2026-08-04 16:53:18,2026-08-04 15:57:01.438598,,delivered,18.0,high,rain,delivered,1,,,unknown,2026-08-04T17:08:39.839604,D113,D113,,eta-v3.1,completed,2,0,0,0,0,0,0,,2,0,0,,6,3,1,26.023976633333334,,0,0,0,0,South Indian,ebike,30.0
O00549,C0245,R010,D073,Bengaluru,2026-08-26 23:52:00,2026-08-27 01:04:48,2026-08-27 00:07:05.718153,2026-08-27 00:49:14.246949,delivered,18.0,low,clear,delivered,1,0.0,-15.56,delivered_on_time,2026-08-27T01:04:48,D073,D073,,eta-v3.2,completed,3,0,0,0,0,0,1,DRIVER_REASSIGNMENT,3,0,0,,8,5,1,15.095302550000001,42.142146600000004,0,1,0,0,North Indian,bike,48.0
O00550,C0638,R043,D013,Bengaluru,2026-08-26 22:58:00,,2026-08-26 23:22:58.205426,2026-08-26 23:58:31.592815,delivered,12.6,medium,clear,delivered,1,0.0,-3.73,delivered_on_time,2026-08-27T00:07:19.806794,D013,D013,,eta-v3.2,completed,0,0,0,0,0,0,1,RESTAURANT_CONTACT,3,0,0,,6,3,1,24.970090433333333,35.556456483333335,0,1,0,0,Burgers,bike,43.0
O00551,C0262,R031,D046,Bengaluru,2026-08-28 11:35:00,,2026-08-28 12:15:35.806491,2026-08-28 12:38:02.209787,delivered,6.43,medium,clear,delivered,1,1.0,11.74,delivered_late,2026-08-28T12:39:12.389952,D046,D046,,eta-v3.2,completed,3,0,1,0,0,0,0,,3,0,0,,8,5,1,40.596774849999996,22.440054933333332,1,0,0,0,Chinese,bike,38.0
O00552,C0509,R027,D112,Bengaluru,2026-08-23 13:46:00,,2026-08-23 14:01:11.507940,2026-08-23 15:00:05.809129,delivered,17.66,low,heavy_rain,delivered,1,0.0,-4.0,delivered_on_time,2026-08-23T15:16:31.407007,D112,D112,,eta-v3.1,completed,2,0,0,0,0,0,1,PRIORITY_DISPATCH,4,1,0,,7,4,1,15.191799,58.905019816666666,0,1,0,0,Biryani,bike,19.0
O00553,C0398,R025,D111,Bengaluru,2026-08-14 13:11:00,2026-08-14 14:26:36,2026-08-14 13:32:54.652815,2026-08-14 14:26:41.202511,delivered,18.0,medium,clear,delivered,1,1.0,0.09,delivered_late,2026-08-14T14:30:46.815138,D111,D111,,eta-v3.1,completed,2,0,0,0,0,0,1,RESTAURANT_CONTACT,3,0,1,preparing,6,3,1,21.910880249999998,53.775828266666664,0,1,0,0,South Indian,bike,30.0
O00554,C0172,R057,D106,Bengaluru,2026-08-06 18:00:00,,2026-08-06 18:28:45.229545,2026-08-06 19:03:02.191603,delivered,12.23,medium,clear,delivered,1,0.0,-0.44,delivered_on_time,2026-08-06T19:09:38.256638,D106,D106,,eta-v3.2,completed,1,0,0,1,1,1,1,DRIVER_REASSIGNMENT,3,0,0,,8,5,1,28.753825749999997,34.28270096666667,1,1,0,0,Cafe,bike,24.0
O00555,C0455,R031,D061,Bengaluru,2026-08-24 14:39:00,,2026-08-24 15:12:04.550171,2026-08-24 15:51:09.292316,delivered,14.36,low,clear,delivered,1,1.0,6.99,delivered_late,2026-08-24T15:44:09.798382,D061,D061,,eta-v3.2,completed,0,0,0,1,1,1,0,,4,0,1,ready,8,5,1,33.07583618333334,39.07903575,1,0,0,0,Chinese,bike,32.0
O00556,C0325,R003,D016,Bengaluru,2026-08-04 12:23:00,2026-08-04 13:41:06,2026-08-04 13:00:26.283813,2026-08-04 13:57:53.064292,delivered,18.0,medium,rain,delivered,1,1.0,16.78,delivered_late,2026-08-04T13:54:52.821529,D016,D016,,eta-v3.2,completed,0,0,0,1,1,1,1,DRIVER_REASSIGNMENT,3,0,0,,6,3,1,37.43806355,57.44634131666667,1,1,0,0,Chinese,scooter,46.0
O00557,C0751,R029,D078,Bengaluru,2026-08-19 18:36:00,,2026-08-19 19:19:10.589133,2026-08-19 19:58:04.366853,delivered,9.27,severe,clear,delivered,1,1.0,15.0,delivered_late,2026-08-19T20:06:20.598902,D078,D078,,eta-v3.1,completed,0,0,0,1,0,0,0,,3,0,0,,8,5,1,43.17648555,38.896295333333335,0,0,0,0,Burgers,bike,18.0
O00558,C0391,R054,D034,Bengaluru,2026-08-24 18:32:00,2026-08-24 19:51:48,2026-08-24 18:55:29.919368,2026-08-24 19:50:28.349175,delivered,18.0,high,clear,delivered,1,0.0,-1.33,delivered_on_time,2026-08-24T20:01:48.302182,D034,D034,,eta-v3.1,completed,2,0,0,0,0,0,1,PRIORITY_DISPATCH,3,0,1,ready,5,2,1,23.498656133333334,54.97383011666667,0,1,0,0,South Indian,scooter,32.0
O00559,C0058,R033,D011,Bengaluru,2026-08-23 14:13:00,2026-08-23 15:32:48,2026-08-23 14:53:18.973648,2026-08-23 15:44:54.960918,delivered,18.0,high,clear,delivered,1,1.0,12.12,delivered_late,2026-08-23T15:46:19.730839,D011,D011,,eta-v3.2,completed,4,0,1,1,0,0,0,,3,0,0,,6,3,1,40.31622746666667,51.59978783333334,1,0,0,0,Cafe,scooter,18.0
O00560,C0826,R005,D088,Bengaluru,2026-08-14 11:45:00,2026-08-14 13:04:48,2026-08-14 12:00:44.946851,2026-08-14 12:58:54.609834,delivered,18.0,high,clear,delivered,1,0.0,-5.89,delivered_on_time,2026-08-14T13:14:48,D088,D088,,eta-v3.2,completed,0,0,0,0,0,0,0,,3,0,0,,5,2,1,15.749114183333335,58.16104971666667,0,0,0,0,North Indian,scooter,28.0
O00561,C0425,R040,D118,Bengaluru,2026-08-18 21:51:00,,2026-08-18 22:28:50.563270,2026-08-18 23:21:02.274774,delivered,14.49,high,clear,delivered,1,1.0,17.6,delivered_late,2026-08-18T23:18:23.557079,D118,D118,,eta-v3.1,completed,0,0,0,1,1,1,1,RESTAURANT_CONTACT,4,1,1,preparing,8,5,1,37.84272116666667,52.19519173333333,1,1,0,0,Desserts,bike,7.0
O00562,C0897,R014,D119,Bengaluru,2026-08-05 22:36:00,,2026-08-05 23:05:51.717309,2026-08-05 23:50:42.831947,delivered,15.36,medium,clear,delivered,1,1.0,4.66,delivered_late,2026-08-05T23:50:03.450941,D119,D119,,eta-v3.2,completed,3,0,0,0,0,0,0,,4,0,0,,8,5,1,29.861955149999996,44.85191063333333,0,0,0,0,Biryani,bike,15.0
O00563,C0231,R014,D071,Bengaluru,2026-08-21 12:50:00,2026-08-21 14:08:06,2026-08-21 13:32:03.411847,2026-08-21 14:23:46.045714,delivered,18.0,medium,rain,delivered,1,1.0,15.67,delivered_late,2026-08-21T14:26:21.501569,D071,D071,,eta-v3.2,completed,0,0,0,1,1,1,1,CUSTOMER_CREDIT,3,0,0,,5,2,1,42.05686411666667,51.71056445,1,1,0,0,Biryani,scooter,30.0
O00564,C0394,R060,D006,Bengaluru,2026-08-18 21:29:00,,2026-08-18 22:13:49.911829,2026-08-18 22:54:54.726945,delivered,14.57,low,clear,delivered,1,1.0,20.33,delivered_late,2026-08-18T22:43:09.621694,D045,D006,2026-08-18T21:38:16.759110,eta-v3.2,completed,0,0,0,1,1,1,0,,3,0,0,,8,5,1,44.83186381666667,41.08025193333334,1,0,0,0,Chinese,bike,12.0
O00565,C0143,R023,D073,Bengaluru,2026-08-07 16:02:00,2026-08-07 17:27:24,2026-08-07 16:45:28.733138,2026-08-07 17:53:38.229136,delivered,18.0,severe,clear,delivered,1,1.0,26.24,delivered_late,2026-08-07T17:53:07.667283,D073,D073,,eta-v3.1,completed,0,0,0,0,0,0,0,,3,0,0,,8,5,1,43.478885633333334,68.15826663333333,0,0,0,0,Pizza,bike,48.0
O00566,C0857,R015,D038,Bengaluru,2026-08-10 21:28:00,2026-08-10 22:47:48,2026-08-10 21:43:51.681136,2026-08-10 22:36:48.335511,delivered,18.0,high,clear,delivered,1,0.0,-10.99,delivered_on_time,2026-08-10T23:00:00.333084,D038,D038,,eta-v3.2,completed,2,0,0,0,0,0,0,,3,0,0,,7,4,1,15.861352266666668,52.944239583333335,0,0,0,0,Cafe,bike,22.0
O00567,C0426,R019,D119,Bengaluru,2026-08-23 20:44:00,2026-08-23 22:02:06,2026-08-23 21:05:27.434456,2026-08-23 21:53:35.758674,delivered,18.0,medium,rain,delivered,1,0.0,-8.5,delivered_on_time,2026-08-23T22:11:06,D119,D119,,eta-v3.1,completed,1,0,0,0,0,0,0,,4,0,0,,7,4,1,21.45724093333333,48.13873696666667,0,0,0,0,Cafe,bike,15.0
O00568,C0008,R050,D025,Bengaluru,2026-08-11 12:43:00,2026-08-11 13:58:36,2026-08-11 13:20:23.122966,2026-08-11 14:11:01.696364,delivered,18.0,medium,clear,delivered,1,1.0,12.43,delivered_late,2026-08-11T14:08:19.387813,D025,D025,,eta-v3.1,completed,0,0,0,0,0,0,0,,3,0,0,,6,3,1,37.385382766666666,50.642889966666665,0,0,0,0,Cafe,bike,28.0
O00569,C0655,R021,D082,Bengaluru,2026-08-13 14:13:00,2026-08-13 15:44:24,2026-08-13 14:53:14.823896,,cancelled,18.0,severe,heavy_rain,cancelled,0,,,cancelled,2026-08-13T16:14:24,D082,D082,,eta-v3.1,cancelled,3,0,0,1,0,0,1,DRIVER_REASSIGNMENT,2,0,0,,1,0,0,40.247064933333334,,0,1,0,0,Biryani,scooter,44.0
O00570,C0579,R034,D059,Bengaluru,2026-08-23 18:29:00,2026-08-23 19:44:36,2026-08-23 18:57:55.178669,2026-08-23 19:40:30.359754,delivered,18.0,medium,clear,delivered,1,0.0,-4.09,delivered_on_time,2026-08-23T19:49:44.295416,D059,D059,,eta-v3.2,completed,0,0,0,0,0,0,0,,3,0,0,,6,3,1,28.919644483333332,42.586351416666666,0,0,0,0,Pizza,bike,7.0
O00571,C0189,R038,D068,Bengaluru,2026-08-10 21:44:00,,2026-08-10 22:06:50.893028,2026-08-10 22:56:51.582778,delivered,16.46,high,clear,delivered,1,0.0,-3.7,delivered_on_time,2026-08-10T23:10:33.341558,D068,D068,,eta-v3.1,completed,1,0,0,0,0,0,1,RESTAURANT_CONTACT,4,1,1,handed_off,5,2,1,22.848217133333332,50.011495833333335,0,1,0,0,Pizza,scooter,1.0
O00572,C0633,R004,D070,Bengaluru,2026-08-16 20:39:00,2026-08-16 22:04:24,2026-08-16 21:00:46.237967,,cancelled,18.0,severe,clear,cancelled,0,,,cancelled,2026-08-16T22:24:04.654335,D070,D070,,eta-v3.2,cancelled,2,0,0,0,0,0,0,,2,0,0,,1,0,0,21.770632783333333,,0,0,0,0,South Indian,bike,22.0
O00573,C0274,R019,D081,Bengaluru,2026-08-07 14:29:00,2026-08-07 15:44:36,2026-08-07 14:47:40.652836,2026-08-07 15:37:03.177501,delivered,18.0,medium,clear,delivered,1,0.0,-7.55,delivered_on_time,2026-08-07T15:48:41.483313,D081,D081,,eta-v3.2,completed,0,0,0,0,0,0,0,,3,0,1,ready,7,4,1,18.677547266666668,49.37541108333333,0,0,0,0,Cafe,scooter,15.0
O00574,C0551,R045,D033,Bengaluru,2026-08-10 21:50:00,2026-08-10 23:09:48,2026-08-10 22:43:50.139209,2026-08-10 23:39:42.075043,delivered,18.0,high,clear,delivered,1,1.0,29.9,delivered_late,2026-08-10T23:28:05.443841,D033,D033,,eta-v3.2,completed,2,0,1,1,1,1,0,,3,0,0,,8,5,1,53.83565348333333,55.86559723333333,1,0,0,0,Cafe,scooter,33.0
O00575,C0327,R059,D062,Bengaluru,2026-08-26 22:27:00,,2026-08-26 22:49:18.059041,2026-08-26 23:14:35.812322,delivered,7.67,low,clear,delivered,1,0.0,-3.5,delivered_on_time,2026-08-26T23:18:06.086773,D062,D062,,eta-v3.1,completed,3,0,0,1,1,1,0,,3,0,1,handed_off,6,3,1,22.300984016666668,25.295888016666666,1,0,0,0,Burgers,bike,32.0
O00576,C0064,R033,D063,Bengaluru,2026-08-27 20:58:00,2026-08-27 22:13:36,2026-08-27 21:06:40.753343,2026-08-27 21:51:27.110822,delivered,18.0,medium,clear,delivered,1,0.0,-22.15,delivered_on_time,2026-08-27T22:17:36,D063,D063,,eta-v3.1,completed,2,0,0,0,0,0,0,,4,0,1,handed_off,5,2,1,8.679222383333332,44.77262465,0,0,0,0,Cafe,scooter,50.0
O00577,C0898,R007,D017,Bengaluru,2026-08-24 13:29:00,2026-08-24 14:48:48,2026-08-24 14:00:11.775971,2026-08-24 14:56:02.387591,delivered,18.0,high,clear,delivered,1,1.0,7.24,delivered_late,2026-08-24T14:59:36.814613,D017,D017,,eta-v3.2,completed,0,0,0,0,0,0,0,,3,0,1,preparing,5,2,1,31.196266183333332,55.843527,0,0,0,0,North Indian,bike,17.0
O00578,C0789,R004,D065,Bengaluru,2026-08-21 11:37:00,2026-08-21 12:56:48,2026-08-21 12:07:04.509196,2026-08-21 13:05:34.778572,delivered,18.0,high,clear,delivered,1,1.0,8.78,delivered_late,2026-08-21T13:10:17.769110,D065,D065,,eta-v3.1,completed,2,0,0,0,0,0,0,,3,0,0,,7,4,1,30.075153266666668,58.50448960000001,0,0,0,0,South Indian,bike,17.0
O00579,C0541,R013,D087,Bengaluru,2026-08-14 12:40:00,,2026-08-14 13:12:08.500404,2026-08-14 13:43:03.828669,delivered,10.37,low,clear,delivered,1,1.0,6.29,delivered_late,2026-08-14T13:36:46.357991,D087,D087,,eta-v3.1,completed,2,0,0,0,0,0,1,DRIVER_REASSIGNMENT,3,0,0,,5,2,1,32.141673399999995,30.92213775,0,1,0,0,Pizza,bike,62.0
O00580,C0780,R059,D090,Bengaluru,2026-08-12 18:39:00,2026-08-12 19:54:36,2026-08-12 19:09:58.918143,2026-08-12 19:58:13.239126,delivered,18.0,medium,clear,delivered,1,1.0,3.62,delivered_late,2026-08-12T19:58:36,D090,D090,,eta-v3.1,completed,0,0,0,0,0,0,0,,3,0,0,,7,4,1,30.98196905,48.23868305,0,0,0,0,Burgers,bike,12.0
O00581,C0537,R023,D001,Bengaluru,2026-08-24 19:08:00,,2026-08-24 19:37:35.329796,2026-08-24 19:51:39.594852,delivered,1.25,medium,clear,delivered,1,1.0,3.23,delivered_late,2026-08-24T19:52:25.867269,D001,D001,,eta-v3.2,completed,2,0,0,0,0,0,0,,3,0,0,,8,5,1,29.588829933333333,14.071084266666666,0,0,0,0,Pizza,bike,31.0
O00582,C0547,R001,D027,Bengaluru,2026-08-13 12:50:00,,2026-08-13 13:12:56.484126,2026-08-13 14:05:53.849772,delivered,15.59,high,clear,delivered,1,1.0,1.16,delivered_late,2026-08-13T14:15:52.165321,D027,D027,,eta-v3.2,completed,3,0,0,1,1,1,0,,3,0,0,,5,2,1,22.9414021,52.9560941,1,0,0,0,South Indian,ebike,4.0
O00583,C0244,R004,D058,Bengaluru,2026-08-19 17:57:00,2026-08-19 19:16:48,2026-08-19 18:30:59.304380,2026-08-19 19:25:31.004172,delivered,18.0,high,clear,delivered,1,1.0,8.72,delivered_late,2026-08-19T19:26:48,D058,D058,,eta-v3.2,completed,3,0,0,0,0,0,0,,3,0,1,preparing,5,2,1,33.98840633333334,54.52832986666667,0,0,0,0,South Indian,scooter,15.0
O00584,C0107,R014,D107,Bengaluru,2026-08-26 13:15:00,2026-08-26 14:27:48,2026-08-26 13:30:32.154029,2026-08-26 14:12:35.173953,delivered,18.0,low,clear,delivered,1,0.0,-15.21,delivered_on_time,2026-08-26T14:27:51.014003,D043,D107,2026-08-26T13:27:08.487052,eta-v3.2,completed,3,0,0,0,0,0,0,,3,0,0,,5,2,1,15.535900483333334,42.05033206666667,0,0,0,0,Biryani,bike,17.0
O00585,C0096,R042,D076,Bengaluru,2026-08-17 14:35:00,2026-08-17 15:50:36,2026-08-17 14:52:52.598199,2026-08-17 15:43:32.651260,delivered,18.0,medium,clear,delivered,1,0.0,-7.06,delivered_on_time,2026-08-17T15:54:36,D076,D076,,eta-v3.2,completed,1,0,0,0,0,0,1,DRIVER_REASSIGNMENT,4,1,0,,7,4,1,17.876636650000002,50.66755101666667,0,1,0,0,Chinese,bike,9.0
O00586,C0894,R044,D071,Bengaluru,2026-08-09 17:07:00,,2026-08-09 17:25:28.275819,,cancelled,14.23,medium,clear,cancelled,0,,,cancelled,2026-08-09T18:18:59.818900,D102,D071,2026-08-09T17:18:07.211376,eta-v3.1,cancelled,3,0,0,0,0,0,0,,3,1,0,,1,0,0,18.47126365,,0,0,0,0,Cafe,scooter,30.0
O00587,C0036,R041,D069,Bengaluru,2026-08-15 16:53:00,,2026-08-15 17:28:22.841664,,delivered,8.91,severe,clear,delivered,1,,,unknown,2026-08-15T18:20:06.243429,D069,D069,,eta-v3.2,completed,2,0,0,1,0,0,0,,2,0,0,,7,4,1,35.3806944,,0,0,0,0,Desserts,scooter,16.0
O00588,C0740,R060,D102,Bengaluru,2026-08-16 19:25:00,,2026-08-16 19:47:23.902976,2026-08-16 20:26:42.890591,delivered,6.98,medium,heavy_rain,delivered,1,1.0,3.26,delivered_late,2026-08-16T20:40:58.923140,D102,D102,,eta-v3.1,completed,1,0,0,0,0,0,1,DRIVER_REASSIGNMENT,3,0,1,preparing,5,2,1,22.398382933333334,39.31646025,0,1,0,0,Chinese,scooter,16.0
O00589,C0131,R008,D040,Bengaluru,2026-08-11 21:46:00,,2026-08-11 22:13:15.837370,2026-08-11 22:51:28.197529,delivered,11.76,medium,clear,delivered,1,1.0,2.98,delivered_late,2026-08-11T22:54:25.097443,D040,D040,,eta-v3.1,completed,0,0,0,0,0,0,0,,3,0,0,,5,2,1,27.263956166666667,38.206002649999995,0,0,0,0,Cafe,bike,27.0
O00590,C0539,R034,D027,Bengaluru,2026-08-03 15:44:00,2026-08-03 17:06:18,2026-08-03 16:14:52.442083,2026-08-03 17:14:50.572525,delivered,18.0,high,rain,delivered,1,1.0,8.54,delivered_late,2026-08-03T17:21:18,D027,D027,,eta-v3.1,completed,2,0,0,1,1,1,1,DRIVER_REASSIGNMENT,3,0,1,preparing,8,5,1,30.874034716666664,59.9688407,1,1,0,0,Pizza,ebike,4.0
O00591,C0799,R060,D016,Bengaluru,2026-08-16 23:20:00,2026-08-17 00:39:48,2026-08-17 00:01:40.686745,2026-08-17 00:56:26.421266,delivered,18.0,high,clear,delivered,1,1.0,16.64,delivered_late,2026-08-17T00:57:47.502596,D016,D016,,eta-v3.1,completed,0,0,0,0,0,0,1,PRIORITY_DISPATCH,4,0,0,,5,2,1,41.678112416666664,54.76224201666666,0,1,0,0,Chinese,scooter,46.0
O00592,C0378,R024,D084,Bengaluru,2026-08-01 19:29:00,2026-08-01 20:48:48,2026-08-01 20:06:57.820186,2026-08-01 21:00:57.728203,delivered,18.0,high,clear,delivered,1,1.0,12.16,delivered_late,2026-08-01T21:03:10.110250,D084,D084,,eta-v3.2,completed,2,0,0,1,1,1,0,,4,0,0,,6,3,1,37.96366976666666,53.99846695,1,0,0,0,South Indian,scooter,33.0
O00593,C0854,R017,D079,Bengaluru,2026-08-12 17:28:00,,2026-08-12 17:58:43.163694,2026-08-12 18:52:18.250394,delivered,16.23,high,clear,delivered,1,1.0,8.22,delivered_late,2026-08-12T18:54:07.903379,D079,D079,,eta-v3.1,completed,0,0,0,0,0,0,0,,3,0,0,,5,2,1,30.7193949,53.58477833333333,0,0,0,0,North Indian,scooter,22.0
O00594,C0833,R036,D092,Bengaluru,2026-08-15 13:01:00,2026-08-15 14:16:36,2026-08-15 13:31:04.239079,2026-08-15 14:17:47.752027,delivered,18.0,medium,clear,delivered,1,1.0,1.2,delivered_late,2026-08-15T14:20:36,D092,D092,,eta-v3.2,completed,1,0,0,1,0,0,0,,3,0,0,,7,4,1,30.070651316666666,46.7252158,0,0,0,0,North Indian,scooter,7.0
O00595,C0813,R034,D117,Bengaluru,2026-08-24 22:12:00,,2026-08-24 22:29:45.638022,2026-08-24 22:52:02.200041,delivered,6.9,medium,clear,delivered,1,0.0,-12.25,delivered_on_time,2026-08-24T23:08:17.325140,D117,D117,,eta-v3.1,completed,0,0,0,1,1,1,0,,3,0,0,,6,3,1,17.760633700000003,22.27603365,1,0,0,0,Pizza,scooter,34.0
O00596,C0241,R001,D046,Bengaluru,2026-08-08 12:06:00,2026-08-08 13:24:06,2026-08-08 12:31:11.137044,2026-08-08 13:30:38.018411,delivered,18.0,medium,rain,delivered,1,1.0,6.53,delivered_late,2026-08-08T13:33:06,D046,D046,,eta-v3.2,completed,0,0,0,0,0,0,1,CUSTOMER_CREDIT,3,0,0,,6,3,1,25.1856174,59.448022783333336,0,1,0,0,South Indian,bike,38.0
O00597,C0060,R030,D100,Bengaluru,2026-08-20 16:00:00,,2026-08-20 16:22:17.123891,2026-08-20 16:49:10.321084,delivered,9.09,low,clear,delivered,1,0.0,-4.92,delivered_on_time,2026-08-20T16:54:05.731215,D100,D100,,eta-v3.2,completed,1,0,0,0,0,0,0,,3,0,0,,6,3,1,22.28539818333333,26.88661988333333,0,0,0,0,South Indian,scooter,7.0
O00598,C0700,R047,D076,Bengaluru,2026-08-01 19:27:00,2026-08-01 20:42:36,2026-08-01 20:05:44.371823,2026-08-01 20:53:03.060462,delivered,18.0,medium,clear,delivered,1,1.0,10.45,delivered_late,2026-08-01T20:46:50.361404,D076,D076,,eta-v3.1,completed,3,0,0,2,1,1,0,,3,0,0,,6,3,1,38.73953038333333,47.31147731666667,1,0,0,0,South Indian,bike,9.0
O00599,C0293,R051,D097,Bengaluru,2026-08-22 23:53:00,,2026-08-23 00:20:58.581095,2026-08-23 00:54:50.763107,delivered,9.21,medium,clear,delivered,1,1.0,4.71,delivered_late,2026-08-23T00:54:58.259081,D097,D097,,eta-v3.2,completed,0,0,0,0,0,0,1,DRIVER_REASSIGNMENT,4,1,0,,7,4,1,27.976351583333333,33.8697002,0,1,0,0,Cafe,ebike,19.0
O00600,C0458,R023,D042,Bengaluru,2026-08-10 19:57:00,,2026-08-10 20:23:20.912298,2026-08-10 21:11:55.323320,delivered,15.37,medium,clear,delivered,1,1.0,4.85,delivered_late,2026-08-10T21:11:50.578245,D042,D042,,eta-v3.1,completed,0,0,0,0,0,0,0,,3,0,0,,8,5,1,26.348538299999998,48.57351703333333,0,0,0,0,Pizza,bike,33.0
O00601,C0079,R027,D106,Bengaluru,2026-08-24 19:27:00,2026-08-24 20:42:36,2026-08-24 19:48:01.197751,2026-08-24 20:35:50.570682,delivered,18.0,medium,clear,delivered,1,0.0,-6.76,delivered_on_time,2026-08-24T20:46:36,D106,D106,,eta-v3.2,completed,0,0,0,0,0,0,0,,3,0,0,,6,3,1,21.019962516666666,47.822882183333334,0,0,0,0,Biryani,bike,24.0
O00602,C0556,R047,D063,Bengaluru,2026-08-13 19:17:00,,2026-08-13 19:39:30.938345,2026-08-13 20:05:13.933308,delivered,4.82,medium,clear,delivered,1,1.0,0.31,delivered_late,2026-08-13T20:08:55.259090,D063,D063,,eta-v3.2,completed,1,0,0,0,0,0,0,,4,1,1,ready,5,2,1,22.515639083333333,25.716582716666668,0,0,0,0,South Indian,scooter,50.0
O00603,C0367,R011,D027,Bengaluru,2026-08-15 19:33:00,2026-08-15 20:58:24,2026-08-15 20:00:44.328039,2026-08-15 21:05:30.932046,delivered,18.0,severe,clear,delivered,1,1.0,7.12,delivered_late,2026-08-15T21:16:24,D006,D027,2026-08-15T19:38:40.653143,eta-v3.1,completed,0,0,0,1,0,0,1,PRIORITY_DISPATCH,3,0,0,,7,4,1,27.738800649999998,64.77673345,0,1,0,0,Chinese,ebike,4.0
O00604,C0250,R011,D046,Bengaluru,2026-08-05 17:18:00,,2026-08-05 17:49:04.110704,2026-08-05 18:36:12.749189,delivered,16.38,high,clear,delivered,1,1.0,1.8,delivered_late,2026-08-05T18:44:37.686296,D046,D046,,eta-v3.1,completed,3,0,0,0,0,0,0,,3,0,1,handed_off,5,2,1,31.06851173333333,47.14397475,0,0,0,0,Chinese,bike,38.0
O00605,C0478,R004,D098,Bengaluru,2026-08-12 15:43:00,,2026-08-12 16:27:11.137214,2026-08-12 16:55:22.569694,delivered,6.47,high,clear,delivered,1,1.0,16.8,delivered_late,2026-08-12T16:52:39.777380,D098,D098,,eta-v3.2,completed,0,0,0,0,0,0,0,,3,0,0,,6,3,1,44.18562023333333,28.190541333333332,0,0,0,0,South Indian,scooter,7.0
O00606,C0754,R037,D101,Bengaluru,2026-08-18 14:19:00,,2026-08-18 14:32:19.635774,2026-08-18 15:06:55.815908,delivered,10.66,low,clear,delivered,1,0.0,-9.46,delivered_on_time,2026-08-18T15:16:23.430265,D101,D101,,eta-v3.1,completed,0,0,0,0,0,0,0,,3,0,0,,7,4,1,13.3272629,34.603002233333335,0,0,0,0,Cafe,scooter,19.0
O00607,C0569,R058,D060,Bengaluru,2026-08-15 17:26:00,2026-08-15 18:44:06,2026-08-15 18:20:45.520284,2026-08-15 19:11:44.274885,delivered,18.0,medium,rain,delivered,1,1.0,27.64,delivered_late,2026-08-15T19:02:47.023064,D060,D060,,eta-v3.2,completed,1,0,0,0,0,0,0,,3,0,0,,7,4,1,54.758671400000004,50.979243350000004,0,0,0,0,North Indian,bike,24.0
O00608,C0752,R050,D054,Bengaluru,2026-08-15 20:55:00,,2026-08-15 21:16:49.772473,2026-08-15 22:09:16.438376,delivered,15.32,medium,rain,delivered,1,1.0,1.8,delivered_late,2026-08-15T22:21:11.070650,D054,D054,,eta-v3.2,completed,3,0,0,0,0,0,0,,4,0,0,,5,2,1,21.829541216666666,52.44443171666667,0,0,0,0,Cafe,bike,15.0
O00609,C0292,R008,D016,Bengaluru,2026-08-17 20:03:00,2026-08-17 21:22:48,2026-08-17 20:22:18.717350,2026-08-17 21:16:46.379657,delivered,18.0,high,clear,delivered,1,0.0,-6.03,delivered_on_time,2026-08-17T21:32:48,D016,D016,,eta-v3.1,completed,1,0,0,0,0,0,0,,3,0,0,,7,4,1,19.311955833333332,54.461038450000004,0,0,0,0,Cafe,scooter,46.0
O00610,C0223,R043,D109,Bengaluru,2026-08-07 12:00:00,,2026-08-07 12:28:35.515707,,delivered,13.16,low,rain,delivered,1,,,unknown,2026-08-07T13:10:07.672479,D109,D109,,eta-v3.2,completed,0,0,0,1,0,0,0,,2,0,0,,5,2,1,28.59192845,,0,0,0,0,Burgers,bike,36.0
O00611,C0655,R054,D092,Bengaluru,2026-08-06 20:53:00,2026-08-06 22:12:48,2026-08-06 21:13:48.517351,2026-08-06 22:14:48.127885,delivered,18.0,high,clear,delivered,1,1.0,2.0,delivered_late,2026-08-06T22:22:48,D092,D092,,eta-v3.1,completed,1,0,0,0,0,0,1,RESTAURANT_CONTACT,4,0,1,handed_off,6,3,1,20.808622516666667,60.9935089,0,1,0,0,South Indian,scooter,7.0
O00612,C0519,R012,D017,Bengaluru,2026-08-16 18:18:00,,2026-08-16 18:37:26.129406,2026-08-16 19:27:32.641399,delivered,11.75,high,heavy_rain,delivered,1,0.0,-3.13,delivered_on_time,2026-08-16T19:52:40.546638,D017,D017,,eta-v3.2,completed,2,0,0,1,0,0,0,,4,0,1,preparing,6,3,1,19.4354901,50.108533216666665,0,0,0,0,Biryani,bike,17.0
O00613,C0641,R023,D065,Bengaluru,2026-08-01 19:02:00,,2026-08-01 19:52:12.737815,2026-08-01 20:36:22.506994,delivered,10.81,high,rain,delivered,1,1.0,27.18,delivered_late,2026-08-01T20:25:47.610541,D065,D065,,eta-v3.2,completed,2,0,0,1,1,1,1,PRIORITY_DISPATCH,3,0,0,,6,3,1,50.212296916666666,44.162819649999996,1,1,0,0,Pizza,bike,17.0
O00614,C0252,R026,D027,Bengaluru,2026-08-12 22:33:00,,2026-08-12 22:44:55.920763,2026-08-12 23:35:59.692498,delivered,16.84,medium,clear,delivered,1,0.0,-10.18,delivered_on_time,2026-08-12T23:50:10.415811,D027,D027,,eta-v3.1,completed,3,0,0,0,0,0,1,DRIVER_REASSIGNMENT,3,0,1,handed_off,7,4,1,11.932012716666666,51.062862249999995,0,1,0,0,Desserts,ebike,4.0
O00615,C0486,R043,D101,Bengaluru,2026-08-16 19:11:00,,2026-08-16 19:35:30.038637,2026-08-16 20:10:51.398826,delivered,10.28,medium,rain,delivered,1,0.0,-2.03,delivered_on_time,2026-08-16T20:23:06.454684,D101,D101,,eta-v3.2,completed,2,0,0,1,1,1,0,,4,1,1,handed_off,8,5,1,24.50064395,35.35600315,1,0,0,0,Burgers,scooter,19.0
O00616,C0501,R046,D004,Bengaluru,2026-08-16 22:30:00,,2026-08-16 22:46:59.821465,2026-08-16 23:26:12.055837,delivered,11.8,medium,clear,delivered,1,0.0,-6.37,delivered_on_time,2026-08-16T23:37:02.211625,D004,D004,,eta-v3.2,completed,0,0,0,1,1,1,0,,4,0,0,,8,5,1,16.997024416666665,39.2039062,1,0,0,0,Chinese,bike,34.0
O00617,C0638,R010,D101,Bengaluru,2026-08-15 20:38:00,2026-08-15 21:57:48,2026-08-15 20:57:55.266650,2026-08-15 21:50:07.455398,delivered,18.0,high,clear,delivered,1,0.0,-7.68,delivered_on_time,2026-08-15T22:07:48,D101,D101,,eta-v3.1,completed,2,0,0,0,0,0,0,,3,0,1,preparing,8,5,1,19.921110833333334,52.2031458,0,0,0,0,North Indian,scooter,19.0
O00618,C0175,R047,D074,Bengaluru,2026-08-26 20:05:00,,2026-08-26 20:25:48.690392,2026-08-26 20:34:36.462914,delivered,2.11,medium,clear,delivered,1,0.0,-12.63,delivered_on_time,2026-08-26T20:51:14.184302,D074,D074,,eta-v3.2,completed,1,0,0,1,0,0,1,RESTAURANT_CONTACT,4,1,1,handed_off,5,2,1,20.811506533333333,8.7962087,0,1,0,0,South Indian,bike,6.0
O00619,C0384,R017,D028,Bengaluru,2026-08-24 19:31:00,2026-08-24 20:43:48,2026-08-24 20:01:36.138955,2026-08-24 20:50:16.566725,delivered,18.0,low,clear,delivered,1,1.0,6.48,delivered_late,2026-08-24T20:43:48,D028,D028,,eta-v3.1,completed,2,0,0,1,1,1,1,RESTAURANT_CONTACT,3,0,1,ready,8,5,1,30.602315916666665,48.67379616666666,1,1,0,0,North Indian,bike,10.0
O00620,C0770,R052,D070,Bengaluru,2026-08-16 14:38:00,2026-08-16 15:53:36,2026-08-16 15:05:59.946835,2026-08-16 15:53:11.448940,delivered,18.0,medium,clear,delivered,1,0.0,-0.41,delivered_on_time,2026-08-16T15:57:36,D070,D070,,eta-v3.1,completed,0,0,0,0,0,0,0,,3,0,0,,5,2,1,27.999113916666666,47.19170175,0,0,0,0,Desserts,bike,22.0
O00621,C0242,R031,D097,Bengaluru,2026-08-17 22:32:00,,2026-08-17 23:00:28.581700,2026-08-17 23:49:21.763184,delivered,16.37,medium,clear,delivered,1,1.0,5.19,delivered_late,2026-08-17T23:50:42.192505,D097,D097,,eta-v3.1,completed,1,0,0,1,0,0,0,,3,0,0,,8,5,1,28.476361666666666,48.886358066666666,0,0,0,0,Chinese,ebike,19.0
O00622,C0024,R024,D083,Bengaluru,2026-08-24 16:48:00,2026-08-24 18:10:18,2026-08-24 17:25:12.927821,2026-08-24 18:30:23.066946,delivered,18.0,high,rain,delivered,1,1.0,20.08,delivered_late,2026-08-24T18:25:18,D083,D083,,eta-v3.1,completed,0,0,0,0,0,0,0,,3,0,1,ready,5,2,1,37.21546368333334,65.16898541666667,0,0,0,0,South Indian,bike,38.0
O00623,C0004,R024,D088,Bengaluru,2026-08-20 22:56:00,2026-08-21 00:14:06,2026-08-20 23:33:47.444167,2026-08-21 00:29:51.744274,delivered,18.0,medium,rain,delivered,1,1.0,15.76,delivered_late,2026-08-21T00:23:06,D088,D088,,eta-v3.2,completed,2,0,1,1,1,1,1,DRIVER_REASSIGNMENT,3,0,0,,6,3,1,37.79073611666667,56.07166845,1,1,0,0,South Indian,scooter,28.0
O00624,C0464,R035,D003,Bengaluru,2026-08-26 13:38:00,,2026-08-26 13:53:18.995546,2026-08-26 14:33:23.868172,delivered,11.48,high,clear,delivered,1,0.0,-10.71,delivered_on_time,2026-08-26T14:54:06.388390,D003,D003,,eta-v3.2,completed,1,0,0,0,0,0,0,,3,0,0,,6,3,1,15.316592433333334,40.08121043333333,0,0,0,0,North Indian,scooter,15.0
O00625,C0183,R023,D114,Bengaluru,2026-08-12 17:21:00,,2026-08-12 17:38:16.673297,2026-08-12 18:08:24.260633,delivered,9.69,medium,clear,delivered,1,0.0,-10.74,delivered_on_time,2026-08-12T18:23:08.552886,D114,D114,,eta-v3.1,completed,3,0,0,0,0,0,0,,3,0,0,,5,2,1,17.277888283333333,30.1264556,0,0,0,0,Pizza,bike,59.0
O00626,C0762,R034,D064,Bengaluru,2026-08-02 12:08:00,2026-08-02 13:23:36,2026-08-02 12:35:04.554678,2026-08-02 13:25:44.550368,delivered,18.0,medium,clear,delivered,1,1.0,2.14,delivered_late,2026-08-02T13:29:30.344242,D064,D064,,eta-v3.2,completed,1,0,0,0,0,0,1,DRIVER_REASSIGNMENT,3,0,0,,5,2,1,27.075911299999998,50.666594833333335,0,1,0,0,Pizza,bike,17.0
O00627,C0194,R011,D041,Bengaluru,2026-08-18 14:45:00,2026-08-18 16:04:48,2026-08-18 15:17:54.062957,2026-08-18 16:12:03.440002,delivered,18.0,high,clear,delivered,1,1.0,7.26,delivered_late,2026-08-18T16:15:22.658414,D041,D041,,eta-v3.2,completed,0,0,0,0,0,0,0,,3,0,1,ready,6,3,1,32.901049283333336,54.15628408333334,0,0,0,0,Chinese,bike,83.0
O00628,C0551,R008,D071,Bengaluru,2026-08-17 12:22:00,2026-08-17 13:41:48,2026-08-17 12:48:15.760533,2026-08-17 13:39:13.750030,delivered,18.0,high,clear,delivered,1,0.0,-2.57,delivered_on_time,2026-08-17T13:51:48,D071,D071,,eta-v3.1,completed,1,0,0,0,0,0,0,,3,0,0,,6,3,1,26.262675549999997,50.966491616666666,0,0,0,0,Cafe,scooter,30.0
O00629,C0336,R010,D031,Bengaluru,2026-08-02 23:44:00,,2026-08-03 00:20:00.984679,2026-08-03 01:10:57.355045,delivered,17.42,medium,clear,delivered,1,1.0,12.57,delivered_late,2026-08-03T01:03:21.909389,D031,D031,,eta-v3.1,completed,0,0,0,0,0,0,0,,3,0,0,,8,5,1,36.01641131666667,50.9395061,0,0,0,0,North Indian,ebike,17.0
O00630,C0348,R055,D071,Bengaluru,2026-08-06 19:34:00,2026-08-06 20:46:48,2026-08-06 20:07:47.152895,,cancelled,18.0,low,clear,cancelled,0,,,cancelled,2026-08-06T20:49:23.403613,D071,D071,,eta-v3.2,cancelled,3,0,0,0,0,0,1,RESTAURANT_CONTACT,2,0,1,handed_off,1,0,0,33.785881583333335,,0,1,0,0,Burgers,scooter,30.0
O00631,C0549,R060,D031,Bengaluru,2026-08-27 22:51:00,,2026-08-27 23:22:15.176903,2026-08-28 00:14:56.052163,delivered,14.57,high,clear,delivered,1,1.0,11.34,delivered_late,2026-08-28T00:21:48.771376,D031,D031,,eta-v3.1,completed,3,0,1,1,1,1,0,,3,0,0,,8,5,1,31.252948383333333,52.68125433333333,1,0,0,0,Chinese,ebike,17.0
O00632,C0869,R041,D080,Bengaluru,2026-08-14 18:36:00,2026-08-14 19:55:48,2026-08-14 18:58:39.719478,2026-08-14 19:58:38.397358,delivered,18.0,high,clear,delivered,1,1.0,2.84,delivered_late,2026-08-14T20:07:54.983469,D080,D080,,eta-v3.2,completed,3,0,0,0,0,0,1,RESTAURANT_CONTACT,4,0,0,,7,4,1,22.6619913,59.97796466666667,0,1,0,0,Desserts,bike,12.0
O00633,C0257,R049,D116,Bengaluru,2026-08-13 11:17:00,2026-08-13 12:32:36,2026-08-13 11:39:35.636729,2026-08-13 12:31:40.225124,delivered,18.0,medium,clear,delivered,1,0.0,-0.93,delivered_on_time,2026-08-13T12:37:49.389909,D116,D116,,eta-v3.2,completed,1,0,0,0,0,0,0,,3,0,0,,6,3,1,22.593945483333336,52.07647325000001,0,0,0,0,Chinese,bike,15.0
O00634,C0366,R040,D034,Bengaluru,2026-08-02 23:30:00,2026-08-03 00:49:48,2026-08-02 23:51:08.961174,2026-08-03 00:47:43.324669,delivered,18.0,high,clear,delivered,1,0.0,-2.08,delivered_on_time,2026-08-03T00:59:48,D034,D034,,eta-v3.1,completed,1,0,0,0,0,0,0,,3,0,0,,7,4,1,21.1493529,56.572724916666665,0,0,0,0,Desserts,scooter,32.0
O00635,C0101,R015,D053,Bengaluru,2026-08-21 13:55:00,,2026-08-21 14:24:36.863523,2026-08-21 14:54:45.250738,delivered,7.18,high,clear,delivered,1,1.0,2.68,delivered_late,2026-08-21T15:08:32.597755,D093,D053,2026-08-21T14:03:46.452622,eta-v3.2,completed,0,0,0,0,0,0,1,PRIORITY_DISPATCH,4,0,0,,5,2,1,29.61439205,30.139786916666665,0,1,0,0,Cafe,bike,22.0
O00636,C0824,R050,D099,Bengaluru,2026-08-12 18:02:00,,2026-08-12 18:35:59.442647,2026-08-12 19:19:25.788140,delivered,15.91,medium,clear,delivered,1,1.0,6.22,delivered_late,2026-08-12T19:22:53.623949,D099,D099,,eta-v3.2,completed,2,0,0,1,0,0,0,,3,0,0,,8,5,1,33.990710783333334,43.43909154999999,0,0,0,0,Cafe,bike,6.0
O00637,C0028,R021,D105,Bengaluru,2026-08-14 21:23:00,2026-08-14 22:44:36,2026-08-14 21:46:44.116024,,cancelled,18.0,medium,heavy_rain,cancelled,0,,,cancelled,2026-08-14T23:01:38.832552,D105,D105,,eta-v3.1,cancelled,2,0,0,0,0,0,0,,3,0,0,,1,0,0,23.735267066666665,,0,0,0,0,Biryani,bike,18.0
O00638,C0060,R006,D039,Bengaluru,2026-08-04 19:51:00,2026-08-04 21:06:36,2026-08-04 20:14:49.024602,2026-08-04 21:01:43.274861,delivered,18.0,medium,clear,delivered,1,0.0,-4.88,delivered_on_time,2026-08-04T21:10:55.045778,D039,D039,,eta-v3.1,completed,1,0,0,0,0,0,0,,3,0,1,preparing,6,3,1,23.817076699999998,46.90417098333333,0,0,0,0,Pizza,scooter,13.0
O00639,C0234,R050,D104,Bengaluru,2026-08-03 23:14:00,,2026-08-03 23:30:48.091672,2026-08-04 00:18:48.317911,delivered,11.12,medium,heavy_rain,delivered,1,0.0,-2.35,delivered_on_time,2026-08-04T00:37:09.021818,D104,D104,,eta-v3.1,completed,0,0,0,0,0,0,0,,3,0,0,,8,5,1,16.801527866666667,48.00377065,0,0,0,0,Cafe,bike,30.0
O00640,C0022,R058,D013,Bengaluru,2026-08-26 20:23:00,2026-08-26 21:38:36,2026-08-26 20:38:42.681940,2026-08-26 21:30:07.337565,delivered,18.0,medium,clear,delivered,1,0.0,-8.48,delivered_on_time,2026-08-26T21:43:00.592378,D013,D013,,eta-v3.1,completed,0,0,0,0,0,0,1,DRIVER_REASSIGNMENT,3,0,1,handed_off,5,2,1,15.711365666666667,51.410927083333334,0,1,0,0,North Indian,bike,43.0
O00641,C0796,R038,D109,Bengaluru,2026-08-20 14:50:00,2026-08-20 16:05:36,2026-08-20 15:09:00.615247,2026-08-20 15:57:18.982115,delivered,18.0,medium,clear,delivered,1,0.0,-8.28,delivered_on_time,2026-08-20T16:11:03.535851,D109,D109,,eta-v3.1,completed,1,0,0,0,0,0,0,,3,0,0,,7,4,1,19.010254116666665,48.30611446666667,0,0,0,0,Pizza,bike,36.0
O00642,C0072,R035,D003,Bengaluru,2026-08-05 18:40:00,,2026-08-05 19:05:53.634793,2026-08-05 19:38:30.304028,delivered,7.39,high,clear,delivered,1,1.0,0.98,delivered_late,2026-08-05T19:47:31.653840,D003,D003,,eta-v3.2,completed,2,0,0,0,0,0,0,,3,0,1,ready,6,3,1,25.893913216666665,32.611153916666666,0,0,0,0,North Indian,scooter,15.0
O00643,C0070,R003,D068,Bengaluru,2026-08-06 23:08:00,2026-08-07 00:23:36,2026-08-06 23:20:45.442877,2026-08-07 00:08:52.402038,delivered,18.0,medium,clear,delivered,1,0.0,-14.73,delivered_on_time,2026-08-07T00:28:01.039024,D068,D068,,eta-v3.2,completed,2,0,0,1,1,1,0,,3,0,0,,7,4,1,12.757381283333332,48.11598601666667,1,0,0,0,Chinese,scooter,1.0
O00644,C0324,R047,D060,Bengaluru,2026-08-24 22:28:00,2026-08-24 23:53:24,2026-08-24 22:49:09.040092,2026-08-24 23:51:29.384358,delivered,18.0,severe,clear,delivered,1,0.0,-1.91,delivered_on_time,2026-08-25T00:11:24,D060,D060,,eta-v3.1,completed,2,0,0,0,0,0,1,CUSTOMER_CREDIT,3,0,0,,5,2,1,21.1506682,62.3390711,0,1,0,0,South Indian,bike,24.0
O00645,C0754,R026,D051,Bengaluru,2026-08-21 18:20:00,2026-08-21 19:35:36,2026-08-21 18:48:22.771778,2026-08-21 19:39:18.353832,delivered,18.0,medium,clear,delivered,1,1.0,3.71,delivered_late,2026-08-21T19:40:15.163863,D051,D051,,eta-v3.2,completed,2,0,0,0,0,0,0,,3,0,0,,8,5,1,28.379529633333334,50.92636756666666,0,0,0,0,Desserts,bike,34.0
O00646,C0468,R011,D054,Bengaluru,2026-08-24 14:33:00,,2026-08-24 14:59:56.101248,2026-08-24 15:35:12.728665,delivered,8.42,medium,rain,delivered,1,1.0,4.23,delivered_late,2026-08-24T15:39:59.032573,D054,D054,,eta-v3.1,completed,2,0,0,0,0,0,0,,3,0,0,,7,4,1,26.9350208,35.27712361666667,0,0,0,0,Chinese,bike,15.0
O00647,C0625,R026,D046,Bengaluru,2026-08-08 19:09:00,2026-08-08 20:21:48,2026-08-08 19:19:16.791586,2026-08-08 20:04:15.319432,delivered,18.0,low,clear,delivered,1,0.0,-17.54,delivered_on_time,2026-08-08T20:21:48,D046,D046,,eta-v3.1,completed,0,0,0,0,0,0,0,,3,0,0,,5,2,1,10.279859766666668,44.975464099999996,0,0,0,0,Desserts,bike,38.0
O00648,C0724,R004,D032,Bengaluru,2026-08-19 17:28:00,,2026-08-19 17:41:51.630248,2026-08-19 18:16:49.536337,delivered,8.5,medium,rain,delivered,1,0.0,-9.31,delivered_on_time,2026-08-19T18:35:08.386830,D032,D032,,eta-v3.2,completed,0,0,0,0,0,0,0,,3,0,0,,5,2,1,13.860504133333334,34.965101483333335,0,0,0,0,South Indian,ebike,5.0
O00649,C0501,R031,D071,Bengaluru,2026-08-24 19:22:00,,2026-08-24 19:59:36.956736,2026-08-24 20:49:29.507619,delivered,15.61,high,clear,delivered,1,1.0,12.71,delivered_late,2026-08-24T20:46:47.203577,D071,D071,,eta-v3.1,completed,2,0,0,0,0,0,0,,3,0,0,,7,4,1,37.6159456,49.875848049999995,0,0,0,0,Chinese,scooter,30.0
O00650,C0580,R032,D088,Bengaluru,2026-08-17 16:53:00,,2026-08-17 17:21:13.690684,2026-08-17 18:13:15.799996,delivered,17.71,medium,rain,delivered,1,1.0,2.77,delivered_late,2026-08-17T18:19:29.356299,D088,D088,,eta-v3.1,completed,3,0,0,0,0,0,0,,3,0,1,handed_off,7,4,1,28.228178066666665,52.0351552,0,0,0,0,Pizza,scooter,28.0
O00651,C0388,R046,D063,Bengaluru,2026-08-05 14:56:00,,2026-08-05 15:22:25.910520,2026-08-05 16:05:44.614900,delivered,15.76,low,clear,delivered,1,1.0,1.65,delivered_late,2026-08-05T16:04:48.398172,D063,D063,,eta-v3.1,completed,3,0,0,1,1,1,1,DRIVER_REASSIGNMENT,4,0,0,,7,4,1,26.431842,43.31173966666667,1,1,0,0,Chinese,scooter,50.0
O00652,C0313,R018,D070,Bengaluru,2026-08-17 19:11:00,2026-08-17 20:33:18,2026-08-17 19:34:54.444886,2026-08-17 20:37:19.431933,delivered,18.0,high,rain,delivered,1,1.0,4.02,delivered_late,2026-08-17T20:48:18,D070,D070,,eta-v3.2,completed,1,0,0,0,0,0,1,DRIVER_REASSIGNMENT,3,0,0,,6,3,1,23.907414766666665,62.41645078333333,0,1,0,0,South Indian,bike,22.0
O00653,C0004,R027,D031,Bengaluru,2026-08-10 17:28:00,2026-08-10 18:43:36,2026-08-10 18:06:28.179613,2026-08-10 18:56:20.354889,delivered,18.0,medium,clear,delivered,1,1.0,12.74,delivered_late,2026-08-10T18:53:24.151273,D031,D031,,eta-v3.2,completed,0,0,0,1,0,0,1,PRIORITY_DISPATCH,3,0,0,,8,5,1,38.46966021666666,49.869587933333335,0,1,0,0,Biryani,ebike,17.0
O00654,C0355,R046,D021,Bengaluru,2026-08-28 20:03:00,2026-08-28 21:18:36,2026-08-28 20:14:31.841459,2026-08-28 21:05:27.717699,delivered,18.0,medium,clear,delivered,1,0.0,-13.14,delivered_on_time,2026-08-28T21:22:36,D021,D021,,eta-v3.1,completed,2,0,0,0,0,0,1,CUSTOMER_CREDIT,3,0,0,,6,3,1,11.530690983333333,50.93127066666667,0,1,0,0,Chinese,scooter,38.0
O00655,C0087,R036,D040,Bengaluru,2026-08-14 14:56:00,,2026-08-14 15:14:10.315476,2026-08-14 15:51:45.158735,delivered,13.86,low,clear,delivered,1,0.0,-8.34,delivered_on_time,2026-08-14T16:01:50.579408,D040,D040,,eta-v3.1,completed,2,0,0,0,0,0,0,,4,1,0,,5,2,1,18.1719246,37.580720983333336,0,0,0,0,North Indian,bike,27.0
O00656,C0601,R008,D102,Bengaluru,2026-08-23 16:22:00,,2026-08-23 16:47:40.409195,2026-08-23 17:21:18.254018,delivered,7.8,high,clear,delivered,1,1.0,0.92,delivered_late,2026-08-23T17:30:22.945690,D102,D102,,eta-v3.2,completed,3,0,0,0,0,0,0,,3,0,0,,6,3,1,25.673486583333332,33.63074705,0,0,0,0,Cafe,scooter,16.0
O00657,C0423,R007,D059,Bengaluru,2026-08-14 14:46:00,2026-08-14 16:01:36,2026-08-14 15:02:40.004540,2026-08-14 15:51:16.486355,delivered,18.0,medium,clear,delivered,1,0.0,-10.33,delivered_on_time,2026-08-14T16:05:36.381596,D059,D059,,eta-v3.1,completed,3,0,0,1,0,0,0,,3,0,0,,7,4,1,16.666742333333335,48.60803025,0,0,0,0,North Indian,bike,7.0
O00658,C0571,R027,D062,Bengaluru,2026-08-24 12:50:00,,2026-08-24 13:16:36.238801,2026-08-24 13:50:56.507933,delivered,11.67,medium,clear,delivered,1,0.0,-1.37,delivered_on_time,2026-08-24T13:56:18.432766,D062,D062,,eta-v3.2,completed,0,0,0,0,0,0,0,,3,0,0,,6,3,1,26.603980016666664,34.337818866666666,0,0,0,0,Biryani,bike,32.0
O00659,C0459,R025,D067,Bengaluru,2026-08-27 19:19:00,,2026-08-27 19:39:02.553680,2026-08-27 20:08:59.514658,delivered,6.44,high,clear,delivered,1,0.0,-5.53,delivered_on_time,2026-08-27T20:25:55.510168,D067,D067,,eta-v3.2,completed,0,0,0,1,0,0,1,DRIVER_REASSIGNMENT,3,0,0,,8,5,1,20.04256133333333,29.949349633333334,0,1,0,0,South Indian,bike,9.0
O00660,C0512,R049,D075,Bengaluru,2026-08-18 18:24:00,,2026-08-18 18:38:39.443772,2026-08-18 18:51:08.724287,delivered,3.63,low,clear,delivered,1,0.0,-15.48,delivered_on_time,2026-08-18T19:06:37.574738,D075,D075,,eta-v3.1,completed,3,0,0,1,1,1,0,,3,0,0,,6,3,1,14.657396199999999,12.488008583333334,1,0,0,0,Chinese,bike,22.0
O00661,C0302,R040,D004,Bengaluru,2026-08-10 16:51:00,2026-08-10 18:10:48,2026-08-10 17:09:12.204981,2026-08-10 18:01:25.931589,delivered,18.0,high,clear,delivered,1,0.0,-9.37,delivered_on_time,2026-08-10T18:20:48,D004,D004,,eta-v3.2,completed,0,0,0,0,0,0,0,,3,0,0,,8,5,1,18.20341635,52.2287768,0,0,0,0,Desserts,bike,34.0
O00662,C0597,R012,D035,Bengaluru,2026-08-14 16:21:00,,2026-08-14 16:33:39.162031,2026-08-14 17:14:28.554403,delivered,11.47,high,clear,delivered,1,0.0,-12.61,delivered_on_time,2026-08-14T17:37:15.556818,D035,D035,,eta-v3.2,completed,1,0,0,0,0,0,0,,3,0,0,,7,4,1,12.652700516666666,40.823206199999994,0,0,0,0,Biryani,scooter,5.0
O00663,C0062,R025,D041,Bengaluru,2026-08-18 21:46:00,2026-08-18 22:58:48,2026-08-18 22:10:33.073355,2026-08-18 22:54:30.736366,delivered,18.0,low,clear,delivered,1,0.0,-4.29,delivered_on_time,2026-08-18T22:58:48,D041,D041,,eta-v3.1,completed,2,0,0,0,0,0,0,,3,0,0,,5,2,1,24.551222583333335,43.961050183333334,0,0,0,0,South Indian,bike,83.0
O00664,C0807,R025,D109,Bengaluru,2026-08-06 19:33:00,,2026-08-06 19:53:10.277990,2026-08-06 20:16:01.047215,delivered,6.53,medium,clear,delivered,1,0.0,-8.49,delivered_on_time,2026-08-06T20:29:43.042948,D109,D109,,eta-v3.2,completed,0,0,0,0,0,0,0,,3,0,1,preparing,7,4,1,20.171299833333332,22.84615375,0,0,0,0,South Indian,bike,36.0
O00665,C0127,R040,D010,Bengaluru,2026-08-26 19:45:00,2026-08-26 21:00:36,2026-08-26 20:10:19.094743,2026-08-26 21:05:25.365216,delivered,18.0,medium,clear,delivered,1,1.0,4.82,delivered_late,2026-08-26T21:07:47.927011,D010,D010,,eta-v3.1,completed,3,0,0,0,0,0,0,,3,0,0,,8,5,1,25.31824571666667,55.10450788333333,0,0,0,0,Desserts,ebike,7.0
O00666,C0456,R027,D007,Bengaluru,2026-08-10 19:12:00,,2026-08-10 19:55:07.056130,2026-08-10 20:41:41.404723,delivered,14.29,high,clear,delivered,1,1.0,17.67,delivered_late,2026-08-10T20:35:34.857500,D007,D007,,eta-v3.1,completed,3,0,0,1,1,1,1,CUSTOMER_CREDIT,3,0,0,,5,2,1,43.117602166666664,46.572476550000005,1,1,0,0,Biryani,bike,26.0
O00667,C0660,R017,D069,Bengaluru,2026-08-27 22:27:00,2026-08-27 23:42:36,2026-08-27 22:44:25.279535,2026-08-27 23:33:23.327084,delivered,18.0,medium,clear,delivered,1,0.0,-9.21,delivered_on_time,2026-08-27T23:46:36,D069,D069,,eta-v3.1,completed,2,0,0,1,0,0,0,,3,0,1,preparing,5,2,1,17.42132558333333,48.967459149999996,0,0,0,0,North Indian,scooter,16.0
O00668,C0839,R030,D008,Bengaluru,2026-08-09 18:08:00,,2026-08-09 18:31:50.942260,2026-08-09 19:25:51.974151,delivered,14.88,high,clear,delivered,1,1.0,4.61,delivered_late,2026-08-09T19:31:43.492516,D008,D008,,eta-v3.2,completed,2,0,0,0,0,0,1,RESTAURANT_CONTACT,3,0,1,ready,5,2,1,23.849037666666668,54.017198183333335,0,1,0,0,South Indian,ebike,23.0
O00669,C0149,R021,D055,Bengaluru,2026-08-03 22:39:00,2026-08-03 23:51:48,2026-08-03 23:00:11.782784,2026-08-03 23:46:22.238162,delivered,18.0,low,clear,delivered,1,0.0,-5.43,delivered_on_time,2026-08-03T23:51:48,D055,D055,,eta-v3.2,completed,0,0,0,1,0,0,0,,3,0,0,,8,5,1,21.196379733333334,46.1742563,0,0,0,0,Biryani,bike,14.0
O00670,C0560,R010,D036,Bengaluru,2026-08-13 19:22:00,2026-08-13 20:37:36,2026-08-13 19:51:23.286197,2026-08-13 20:40:18.554366,delivered,18.0,medium,clear,delivered,1,1.0,2.71,delivered_late,2026-08-13T20:41:36,D036,D036,,eta-v3.2,completed,0,0,0,0,0,0,0,,3,0,1,ready,8,5,1,29.388103283333333,48.92113615,0,0,0,0,North Indian,bike,20.0
O00671,C0270,R004,D034,Bengaluru,2026-08-14 19:11:00,,2026-08-14 19:30:22.737086,2026-08-14 20:07:04.825586,delivered,13.7,low,clear,delivered,1,0.0,-7.68,delivered_on_time,2026-08-14T20:15:45.141618,D034,D034,,eta-v3.1,completed,3,0,0,0,0,0,0,,3,0,0,,6,3,1,19.378951433333334,36.701474999999995,0,0,0,0,South Indian,scooter,32.0
O00672,C0743,R053,D070,Bengaluru,2026-08-12 18:00:00,,2026-08-12 18:31:20.432321,,delivered,5.3,medium,clear,delivered,1,,,unknown,2026-08-12T18:52:55.594127,D070,D070,,eta-v3.2,completed,3,0,0,0,0,0,0,,2,0,1,ready,8,5,1,31.34053868333333,,0,0,0,0,North Indian,bike,22.0
O00673,C0311,R025,D068,Bengaluru,2026-08-27 11:45:00,2026-08-27 13:16:24,2026-08-27 12:09:48.488818,2026-08-27 13:26:53.590387,delivered,18.0,severe,heavy_rain,delivered,1,1.0,10.49,delivered_late,2026-08-27T13:48:39.094081,D068,D068,,eta-v3.1,completed,0,0,0,0,0,0,1,DRIVER_REASSIGNMENT,4,1,1,preparing,5,2,1,24.808146966666666,77.08502615,0,1,0,0,South Indian,scooter,1.0
O00674,C0657,R003,D073,Bengaluru,2026-08-23 20:55:00,2026-08-23 22:14:48,2026-08-23 21:06:34.646676,2026-08-23 22:01:58.023233,delivered,18.0,high,clear,delivered,1,0.0,-12.83,delivered_on_time,2026-08-23T22:24:48,D073,D073,,eta-v3.2,completed,1,0,0,1,0,0,0,,3,0,1,preparing,6,3,1,11.5774446,55.389609283333336,0,0,0,0,Chinese,bike,48.0
O00675,C0415,R012,D004,Bengaluru,2026-08-22 21:20:00,,2026-08-22 21:33:54.197606,,delivered,5.2,high,clear,delivered,1,,,unknown,2026-08-22T22:23:43.922151,D004,D004,,eta-v3.2,completed,1,0,0,0,0,0,0,,2,0,1,handoff,5,2,1,13.903293433333333,,0,0,0,0,Biryani,bike,34.0
O00676,C0496,R040,D012,Bengaluru,2026-08-17 13:17:00,2026-08-17 14:29:48,2026-08-17 13:45:56.243355,2026-08-17 14:31:55.386814,delivered,18.0,low,clear,delivered,1,1.0,2.12,delivered_late,2026-08-17T14:29:48,D012,D012,,eta-v3.1,completed,0,0,0,0,0,0,0,,3,0,1,ready,7,4,1,28.937389250000003,45.98572431666666,0,0,0,0,Desserts,bike,10.0
O00677,C0671,R052,D055,Bengaluru,2026-08-15 12:58:00,,2026-08-15 13:11:20.351496,2026-08-15 13:39:30.933555,delivered,13.22,low,clear,delivered,1,0.0,-21.26,delivered_on_time,2026-08-15T14:00:46.300536,D055,D055,,eta-v3.1,completed,2,0,0,0,0,0,0,,3,0,1,handed_off,8,5,1,13.3391916,28.17636765,0,0,0,0,Desserts,bike,14.0
O00678,C0075,R017,D113,Bengaluru,2026-08-28 13:48:00,,2026-08-28 14:21:34.657910,2026-08-28 14:55:15.036102,delivered,6.24,high,clear,delivered,1,1.0,12.15,delivered_late,2026-08-28T14:55:00.548142,D113,D113,,eta-v3.1,completed,0,0,0,0,0,0,0,,4,0,1,handed_off,6,3,1,33.577631833333335,33.67296986666666,0,0,0,0,North Indian,ebike,30.0
O00679,C0448,R007,D048,Bengaluru,2026-08-09 12:22:00,2026-08-09 13:37:36,2026-08-09 12:45:29.036565,2026-08-09 13:37:09.813470,delivered,18.0,medium,clear,delivered,1,0.0,-0.44,delivered_on_time,2026-08-09T13:42:34.954845,D108,D048,2026-08-09T12:29:36.465808,eta-v3.1,completed,0,0,0,0,0,0,1,RESTAURANT_CONTACT,3,0,0,,6,3,1,23.48394275,51.67961508333334,0,1,0,0,North Indian,bike,11.0
O00680,C0672,R054,D050,Bengaluru,2026-08-22 20:13:00,2026-08-22 21:34:36,2026-08-22 20:29:09.376993,2026-08-22 21:28:36.747943,delivered,18.0,medium,heavy_rain,delivered,1,0.0,-5.99,delivered_on_time,2026-08-22T21:50:36,D050,D050,,eta-v3.1,completed,2,0,0,0,0,0,0,,3,0,0,,5,2,1,16.156283216666665,59.4561825,0,0,0,0,South Indian,bike,59.0
O00681,C0375,R011,D064,Bengaluru,2026-08-21 13:08:00,,2026-08-21 13:34:46.665969,2026-08-21 14:19:39.550357,delivered,15.64,medium,clear,delivered,1,1.0,1.02,delivered_late,2026-08-21T14:22:38.536581,D064,D064,,eta-v3.2,completed,3,0,0,1,0,0,1,RESTAURANT_CONTACT,3,0,0,,5,2,1,26.777766149999998,44.88140646666667,0,1,0,0,Chinese,bike,17.0
O00682,C0579,R011,D070,Bengaluru,2026-08-11 19:06:00,2026-08-11 20:18:48,2026-08-11 19:37:29.401030,2026-08-11 20:28:08.675678,delivered,18.0,low,clear,delivered,1,1.0,9.34,delivered_late,2026-08-11T20:18:48,D070,D070,,eta-v3.2,completed,0,0,0,1,0,0,0,,3,0,0,,8,5,1,31.490017166666668,50.654577466666666,0,0,0,0,Chinese,bike,22.0
O00683,C0612,R003,D079,Bengaluru,2026-08-10 11:59:00,2026-08-10 13:18:48,2026-08-10 12:13:15.329628,2026-08-10 13:07:59.666191,delivered,18.0,high,clear,delivered,1,0.0,-10.81,delivered_on_time,2026-08-10T13:29:50.143938,D079,D079,,eta-v3.2,completed,2,0,0,0,0,0,1,CUSTOMER_CREDIT,3,0,0,,6,3,1,14.2554938,54.738942716666664,0,1,0,0,Chinese,scooter,22.0
O00684,C0331,R002,D043,Bengaluru,2026-08-23 22:12:00,,2026-08-23 22:39:16.388994,2026-08-23 23:38:55.550446,delivered,12.97,severe,clear,delivered,1,1.0,12.08,delivered_late,2026-08-23T23:51:45.653311,D043,D043,,eta-v3.1,completed,2,0,1,1,0,0,0,,3,0,1,ready,8,5,1,27.2731499,59.65269086666667,1,0,0,0,Burgers,bike,14.0
O00685,C0447,R052,D010,Bengaluru,2026-08-10 12:15:00,,2026-08-10 12:52:13.935651,2026-08-10 13:28:27.437930,delivered,8.01,high,clear,delivered,1,1.0,14.64,delivered_late,2026-08-10T13:26:26.564364,D022,D010,2026-08-10T12:24:46.571760,eta-v3.2,completed,0,0,0,1,0,0,0,,3,0,0,,8,5,1,37.232260849999996,36.22503798333333,0,0,0,0,Desserts,ebike,7.0
O00686,C0704,R003,D076,Bengaluru,2026-08-25 22:24:00,2026-08-25 23:36:48,2026-08-25 23:09:31.990446,2026-08-25 23:53:06.895848,delivered,18.0,low,clear,delivered,1,1.0,16.31,delivered_late,2026-08-25T23:44:19.815508,D076,D076,,eta-v3.2,completed,2,0,1,0,0,0,0,,3,0,0,,7,4,1,45.5331741,43.5817567,1,0,0,0,Chinese,bike,9.0
O00687,C0150,R023,D068,Bengaluru,2026-08-20 13:15:00,2026-08-20 14:30:36,2026-08-20 13:33:27.207494,2026-08-20 14:26:24.003040,delivered,18.0,medium,clear,delivered,1,0.0,-4.2,delivered_on_time,2026-08-20T14:34:36,D068,D068,,eta-v3.1,completed,1,0,0,0,0,0,0,,3,0,0,,5,2,1,18.453458233333333,52.94659243333333,0,0,0,0,Pizza,scooter,1.0
O00688,C0221,R057,D062,Bengaluru,2026-08-11 17:11:00,,2026-08-11 17:36:27.340829,,cancelled,7.39,medium,clear,cancelled,0,,,cancelled,2026-08-11T18:08:22.026855,D062,D062,,eta-v3.2,cancelled,0,0,0,0,0,0,0,,2,0,1,handed_off,1,0,0,25.45568048333333,,0,0,0,0,Cafe,bike,32.0
O00689,C0876,R031,D117,Bengaluru,2026-08-06 13:43:00,2026-08-06 14:58:36,2026-08-06 14:11:48.303196,2026-08-06 15:03:40.794540,delivered,18.0,medium,clear,delivered,1,1.0,5.08,delivered_late,2026-08-06T15:02:36,D117,D117,,eta-v3.1,completed,3,0,0,1,1,1,0,,3,0,0,,6,3,1,28.80505326666667,51.874855733333334,1,0,0,0,Chinese,scooter,34.0
O00690,C0667,R041,D112,Bengaluru,2026-08-16 19:42:00,,2026-08-16 19:52:41.707133,2026-08-16 20:34:57.537609,delivered,14.42,medium,clear,delivered,1,0.0,-15.13,delivered_on_time,2026-08-16T20:54:05.375812,D112,D112,,eta-v3.2,completed,1,0,0,0,0,0,1,PRIORITY_DISPATCH,3,0,0,,8,5,1,10.695118883333333,42.26384126666667,0,1,0,0,Desserts,bike,19.0
O00691,C0153,R005,D047,Bengaluru,2026-08-14 18:24:00,2026-08-14 19:43:48,2026-08-14 19:00:37.857673,2026-08-14 19:57:00.665974,delivered,18.0,high,clear,delivered,1,1.0,13.21,delivered_late,2026-08-14T20:02:47.111398,D047,D047,,eta-v3.2,completed,0,0,0,0,0,0,0,,3,0,0,,8,5,1,36.63096121666667,56.38013835,0,0,0,0,North Indian,scooter,10.0
O00692,C0838,R050,D075,Bengaluru,2026-08-22 17:27:00,,2026-08-22 17:56:32.417163,2026-08-22 18:34:26.876100,delivered,9.43,medium,clear,delivered,1,1.0,9.85,delivered_late,2026-08-22T18:30:28.031767,D042,D075,2026-08-22T17:35:46.540262,eta-v3.1,completed,1,0,0,2,1,1,0,,3,0,1,ready,7,4,1,29.540286050000002,37.907648949999995,1,0,0,0,Cafe,bike,22.0
O00693,C0492,R060,D042,Bengaluru,2026-08-18 12:46:00,,2026-08-18 13:06:58.692694,2026-08-18 13:26:09.934731,delivered,9.24,low,clear,delivered,1,0.0,-14.24,delivered_on_time,2026-08-18T13:40:24.287274,D042,D042,,eta-v3.2,completed,1,0,0,0,0,0,1,PRIORITY_DISPATCH,3,0,0,,7,4,1,20.97821156666667,19.187367283333334,0,1,0,0,Chinese,bike,33.0
O00694,C0853,R042,D087,Bengaluru,2026-08-04 17:46:00,2026-08-04 19:01:18,2026-08-04 18:09:50.774006,,cancelled,18.0,low,rain,cancelled,0,,,cancelled,2026-08-04T19:08:05.993524,D087,D087,,eta-v3.2,cancelled,3,0,0,0,0,0,0,,2,0,0,,1,0,0,23.846233433333335,,0,0,0,0,Chinese,bike,62.0
O00695,C0311,R023,D027,Bengaluru,2026-08-24 19:56:00,2026-08-24 21:11:18,2026-08-24 20:22:31.035411,2026-08-24 21:12:29.234492,delivered,18.0,low,rain,delivered,1,1.0,1.19,delivered_late,2026-08-24T21:16:18,D027,D027,,eta-v3.1,completed,0,0,0,0,0,0,1,CUSTOMER_CREDIT,3,0,0,,5,2,1,26.517256850000003,49.96998468333334,0,1,0,0,Pizza,ebike,4.0
O00696,C0898,R058,D048,Bengaluru,2026-08-25 22:17:00,2026-08-25 23:36:48,2026-08-25 22:44:15.228122,2026-08-25 23:39:04.674316,delivered,18.0,high,clear,delivered,1,1.0,2.28,delivered_late,2026-08-25T23:47:28.200956,D048,D048,,eta-v3.2,completed,0,0,0,0,0,0,0,,3,0,1,preparing,6,3,1,27.253802033333333,54.82410323333333,0,0,0,0,North Indian,bike,11.0
O00697,C0865,R049,D032,Bengaluru,2026-08-09 18:50:00,,2026-08-09 19:15:45.697428,2026-08-09 19:54:57.574359,delivered,6.83,severe,clear,delivered,1,1.0,3.03,delivered_late,2026-08-09T20:10:13.666025,D032,D032,,eta-v3.2,completed,0,0,0,0,0,0,0,,3,0,0,,7,4,1,25.7616238,39.197948849999996,0,0,0,0,Chinese,ebike,5.0
O00698,C0480,R005,D044,Bengaluru,2026-08-11 17:28:00,2026-08-11 18:43:18,2026-08-11 17:59:34.552606,2026-08-11 18:50:49.771908,delivered,18.0,low,rain,delivered,1,1.0,7.53,delivered_late,2026-08-11T18:49:57.706183,D044,D044,,eta-v3.1,completed,0,0,0,1,1,1,0,,3,0,0,,7,4,1,31.575876766666667,51.25365503333333,1,0,0,0,North Indian,scooter,19.0
O00699,C0805,R022,D064,Bengaluru,2026-08-25 16:43:00,,2026-08-25 16:58:22.952223,2026-08-25 17:24:42.021807,delivered,10.47,medium,clear,delivered,1,0.0,-18.08,delivered_on_time,2026-08-25T17:46:46.708511,D064,D064,,eta-v3.2,completed,3,0,0,1,1,1,0,,3,0,0,,8,5,1,15.38253705,26.3178264,1,0,0,0,South Indian,bike,17.0
O00700,C0750,R020,D096,Bengaluru,2026-08-04 12:13:00,,2026-08-04 12:35:55.247931,2026-08-04 13:12:55.297232,delivered,13.56,low,clear,delivered,1,0.0,-3.56,delivered_on_time,2026-08-04T13:16:28.765091,D096,D096,,eta-v3.2,completed,0,0,0,0,0,0,1,PRIORITY_DISPATCH,3,0,0,,6,3,1,22.92079885,37.000821683333335,0,1,0,0,Burgers,bike,20.0
O00701,C0049,R042,D043,Bengaluru,2026-08-12 19:42:00,2026-08-12 21:07:48,2026-08-12 20:23:35.033457,2026-08-12 21:31:05.478888,delivered,18.0,high,heavy_rain,delivered,1,1.0,23.29,delivered_late,2026-08-12T21:32:10.885889,D043,D043,,eta-v3.2,completed,3,0,0,0,0,0,0,,3,0,0,,7,4,1,41.58389095,67.50742385,0,0,0,0,Chinese,bike,14.0
O00702,C0532,R045,D097,Bengaluru,2026-08-10 11:53:00,2026-08-10 13:08:36,2026-08-10 12:18:36.564459,2026-08-10 13:06:59.951589,delivered,18.0,medium,clear,delivered,1,0.0,-1.6,delivered_on_time,2026-08-10T13:12:50.534693,D097,D097,,eta-v3.2,completed,1,0,0,0,0,0,1,DRIVER_REASSIGNMENT,4,0,1,handed_off,5,2,1,25.609407649999998,48.3897855,0,1,0,0,Cafe,ebike,19.0
O00703,C0740,R044,D056,Bengaluru,2026-08-20 18:05:00,,2026-08-20 18:29:23.014769,2026-08-20 19:03:25.516936,delivered,9.49,medium,clear,delivered,1,1.0,0.7,delivered_late,2026-08-20T19:08:51.241523,D056,D056,,eta-v3.1,completed,2,0,0,0,0,0,0,,3,0,1,preparing,5,2,1,24.38357948333333,34.041702783333335,0,0,0,0,Cafe,scooter,19.0
O00704,C0167,R007,D010,Bengaluru,2026-08-21 17:32:00,2026-08-21 18:54:18,2026-08-21 17:56:09.637684,2026-08-21 18:58:35.354887,delivered,18.0,high,rain,delivered,1,1.0,4.29,delivered_late,2026-08-21T19:09:18,D010,D010,,eta-v3.1,completed,3,0,0,0,0,0,1,PRIORITY_DISPATCH,3,0,0,,7,4,1,24.160628066666668,62.42862005,0,1,0,0,North Indian,ebike,7.0
O00705,C0359,R051,D063,Bengaluru,2026-08-22 19:15:00,,2026-08-22 19:44:59.282527,2026-08-22 20:28:49.296173,delivered,9.08,high,heavy_rain,delivered,1,1.0,6.76,delivered_late,2026-08-22T20:46:53.914442,D063,D063,,eta-v3.1,completed,3,0,0,1,0,0,0,,3,0,0,,5,2,1,29.98804211666667,43.833560766666665,0,0,0,0,Cafe,scooter,50.0
O00706,C0855,R035,D020,Bengaluru,2026-08-22 17:33:00,,2026-08-22 18:18:39.429252,2026-08-22 19:19:23.063748,delivered,12.71,severe,rain,delivered,1,1.0,29.59,delivered_late,2026-08-22T19:18:19.576209,D020,D020,,eta-v3.1,completed,0,0,0,2,1,1,0,,3,0,1,ready,5,2,1,45.6571542,60.7272416,1,0,0,0,North Indian,bike,10.0
O00707,C0182,R007,D070,Bengaluru,2026-08-27 20:02:00,2026-08-27 21:17:36,2026-08-27 20:21:21.869699,2026-08-27 21:08:44.825761,delivered,18.0,medium,clear,delivered,1,0.0,-8.85,delivered_on_time,2026-08-27T21:21:36,D070,D070,,eta-v3.2,completed,0,0,0,0,0,0,0,,3,0,0,,5,2,1,19.364494983333334,47.38260103333334,0,0,0,0,North Indian,bike,22.0
O00708,C0722,R034,D120,Bengaluru,2026-08-22 17:58:00,2026-08-22 19:13:36,2026-08-22 18:13:41.034742,2026-08-22 19:04:12.618710,delivered,18.0,medium,clear,delivered,1,0.0,-9.39,delivered_on_time,2026-08-22T19:17:36.706817,D120,D120,,eta-v3.1,completed,0,0,0,1,0,0,0,,4,1,0,,7,4,1,15.683912366666668,50.52639946666667,0,0,0,0,Pizza,scooter,22.0
O00709,C0221,R025,D080,Bengaluru,2026-08-19 15:02:00,,2026-08-19 15:23:15.044873,2026-08-19 15:56:54.354474,delivered,9.51,high,clear,delivered,1,0.0,-7.06,delivered_on_time,2026-08-19T16:13:57.835297,D080,D080,,eta-v3.1,completed,0,0,0,0,0,0,0,,3,0,0,,7,4,1,21.250747883333336,33.65516001666666,0,0,0,0,South Indian,bike,12.0
O00710,C0075,R024,D110,Bengaluru,2026-08-23 13:38:00,,2026-08-23 14:21:38.892885,2026-08-23 15:10:51.738795,delivered,16.66,medium,clear,delivered,1,1.0,20.08,delivered_late,2026-08-23T14:58:46.417252,D110,D110,,eta-v3.2,completed,2,0,1,0,0,0,0,,3,0,1,ready,6,3,1,43.64821475,49.2140985,1,0,0,0,South Indian,bike,5.0
O00711,C0786,R055,D001,Bengaluru,2026-08-17 16:23:00,2026-08-17 17:41:06,2026-08-17 16:41:33.445791,2026-08-17 17:44:49.825297,delivered,18.0,medium,rain,delivered,1,1.0,3.73,delivered_late,2026-08-17T17:50:49.304468,D001,D001,,eta-v3.1,completed,3,0,0,0,0,0,0,,3,0,0,,7,4,1,18.557429850000002,63.27299176666667,0,0,0,0,Burgers,bike,31.0
O00712,C0266,R053,D108,Bengaluru,2026-08-04 19:22:00,2026-08-04 20:37:36,2026-08-04 19:53:25.449060,2026-08-04 20:43:35.540849,delivered,18.0,medium,clear,delivered,1,1.0,5.99,delivered_late,2026-08-04T20:41:36,D108,D108,,eta-v3.1,completed,1,0,0,0,0,0,0,,3,0,0,,5,2,1,31.424151,50.16819648333333,0,0,0,0,North Indian,scooter,5.0
O00713,C0860,R032,D100,Bengaluru,2026-08-11 18:17:00,,2026-08-11 18:30:44.673610,2026-08-11 19:18:07.358062,delivered,16.78,medium,clear,delivered,1,0.0,-11.91,delivered_on_time,2026-08-11T19:34:02.075895,D100,D100,,eta-v3.1,completed,2,0,0,0,0,0,0,,4,1,0,,6,3,1,13.744560166666668,47.3780742,0,0,0,0,Pizza,scooter,7.0
O00714,C0373,R060,D101,Bengaluru,2026-08-23 19:11:00,,2026-08-23 19:32:28.589612,2026-08-23 19:51:50.052904,delivered,7.37,low,clear,delivered,1,0.0,-9.64,delivered_on_time,2026-08-23T20:01:28.359327,D101,D101,,eta-v3.2,completed,0,0,0,2,1,1,1,RESTAURANT_CONTACT,3,0,0,,6,3,1,21.476493533333333,19.357721533333333,1,1,0,0,Chinese,scooter,19.0
O00715,C0215,R040,D005,Bengaluru,2026-08-04 18:50:00,2026-08-04 20:05:18,2026-08-04 19:37:49.890100,2026-08-04 20:23:23.526089,delivered,18.0,low,rain,delivered,1,1.0,18.09,delivered_late,2026-08-04T20:18:03.917375,D005,D005,,eta-v3.2,completed,3,0,1,1,1,1,0,,3,0,0,,5,2,1,47.83150166666667,45.56059981666667,1,0,0,0,Desserts,bike,26.0
O00716,C0604,R010,D050,Bengaluru,2026-08-04 20:28:00,,2026-08-04 20:49:28.613577,,delivered,6.87,high,clear,delivered,1,,,unknown,2026-08-04T21:34:26.207942,D050,D050,,eta-v3.2,completed,1,0,0,1,0,0,0,,3,0,0,,6,3,1,21.47689295,,0,0,0,0,North Indian,bike,59.0
O00717,C0407,R034,D110,Bengaluru,2026-08-21 16:55:00,,2026-08-21 17:16:08.715359,2026-08-21 17:54:36.109108,delivered,11.72,medium,clear,delivered,1,0.0,-2.82,delivered_on_time,2026-08-21T18:01:25.091415,D110,D110,,eta-v3.1,completed,1,0,0,1,0,0,1,PRIORITY_DISPATCH,3,0,0,,7,4,1,21.145255983333335,38.45656248333333,0,1,0,0,Pizza,bike,5.0
O00718,C0225,R050,D011,Bengaluru,2026-08-25 17:19:00,,2026-08-25 17:33:47.477896,2026-08-25 18:17:24.831645,delivered,13.8,low,rain,delivered,1,0.0,-8.06,delivered_on_time,2026-08-25T18:32:02.041008,D011,D011,,eta-v3.1,completed,0,0,0,0,0,0,1,PRIORITY_DISPATCH,3,0,0,,7,4,1,14.791298266666667,43.62256248333333,0,1,0,0,Cafe,scooter,18.0
O00719,C0365,R027,D019,Bengaluru,2026-08-20 14:43:00,2026-08-20 15:55:48,2026-08-20 15:01:09.657647,2026-08-20 15:52:39.429944,delivered,18.0,low,clear,delivered,1,0.0,-3.14,delivered_on_time,2026-08-20T15:55:48,D019,D019,,eta-v3.2,completed,3,0,0,0,0,0,0,,3,0,0,,8,5,1,18.160960783333334,51.49620495,0,0,0,0,Biryani,scooter,58.0
O00720,C0402,R017,D083,Bengaluru,2026-08-10 17:19:00,,2026-08-10 17:42:04.369516,2026-08-10 18:20:47.303443,delivered,13.22,medium,clear,delivered,1,0.0,-3.76,delivered_on_time,2026-08-10T18:29:11.033553,D083,D083,,eta-v3.2,completed,0,0,0,0,0,0,0,,3,0,0,,8,5,1,23.072825266666666,38.71556545,0,0,0,0,North Indian,bike,38.0
O00721,C0346,R045,D051,Bengaluru,2026-08-23 14:42:00,,2026-08-23 15:06:55.328935,2026-08-23 15:49:11.461488,delivered,11.93,high,clear,delivered,1,1.0,0.14,delivered_late,2026-08-23T15:59:03.249046,D051,D051,,eta-v3.1,completed,1,0,0,1,0,0,1,CUSTOMER_CREDIT,4,0,1,preparing,8,5,1,24.922148916666668,42.26887588333333,0,1,0,0,Cafe,bike,34.0
O00722,C0351,R026,D117,Bengaluru,2026-08-24 19:02:00,,2026-08-24 19:10:36.789006,2026-08-24 19:50:47.388114,delivered,11.09,high,clear,delivered,1,0.0,-16.5,delivered_on_time,2026-08-24T20:17:17.182992,D117,D117,,eta-v3.1,completed,3,0,0,0,0,0,0,,3,0,1,ready,7,4,1,8.6131501,40.176651799999995,0,0,0,0,Desserts,scooter,34.0
O00723,C0467,R028,D068,Bengaluru,2026-08-05 21:04:00,2026-08-05 22:19:36,2026-08-05 21:15:24.433874,2026-08-05 22:04:30.928322,delivered,18.0,medium,clear,delivered,1,0.0,-15.08,delivered_on_time,2026-08-05T22:23:45.768101,D068,D068,,eta-v3.1,completed,0,0,0,0,0,0,0,,3,0,0,,7,4,1,11.407231233333333,49.1082408,0,0,1,0,Biryani,scooter,1.0
O00724,C0188,R054,D026,Bengaluru,2026-08-10 19:08:00,2026-08-10 20:27:48,2026-08-10 19:28:49.217409,2026-08-10 20:23:28.350600,delivered,18.0,high,clear,delivered,1,0.0,-4.33,delivered_on_time,2026-08-10T20:37:48,D026,D026,,eta-v3.2,completed,0,0,0,0,0,0,0,,3,0,1,preparing,6,3,1,20.82029015,54.65221985,0,0,0,0,South Indian,scooter,19.0
O00725,C0812,R041,D087,Bengaluru,2026-08-11 14:45:00,2026-08-11 16:00:36,2026-08-11 15:12:02.616646,2026-08-11 16:06:04.781484,delivered,18.0,medium,clear,delivered,1,1.0,5.48,delivered_late,2026-08-11T16:04:36,D087,D087,,eta-v3.1,completed,2,0,0,1,1,1,0,,4,0,0,,5,2,1,27.043610766666667,54.036080633333334,1,0,0,0,Desserts,bike,62.0
O00726,C0638,R004,D108,Bengaluru,2026-08-01 18:02:00,,2026-08-01 18:43:08.770732,2026-08-01 19:36:09.046726,delivered,10.08,severe,rain,delivered,1,1.0,22.89,delivered_late,2026-08-01T19:36:15.838996,D108,D108,,eta-v3.1,completed,4,0,1,1,0,0,0,,3,0,0,,5,2,1,41.146178866666666,53.0045999,1,0,0,0,South Indian,scooter,5.0
O00727,C0435,R020,D097,Bengaluru,2026-08-28 21:36:00,2026-08-28 23:01:24,2026-08-28 21:57:15.880817,2026-08-28 22:58:08.128808,delivered,18.0,severe,clear,delivered,1,0.0,-3.26,delivered_on_time,2026-08-28T23:19:24,D097,D097,,eta-v3.2,completed,3,0,0,0,0,0,1,RESTAURANT_CONTACT,3,0,0,,6,3,1,21.264680283333334,60.870799850000004,0,1,0,0,Burgers,ebike,19.0
O00728,C0557,R024,D063,Bengaluru,2026-08-11 18:49:00,,2026-08-11 19:21:46.086787,,cancelled,16.64,high,rain,cancelled,0,,,cancelled,2026-08-11T20:24:21.869087,D063,D063,,eta-v3.1,cancelled,3,0,0,0,0,0,0,,2,0,0,,1,0,0,32.76811311666667,,0,0,0,0,South Indian,scooter,50.0
O00729,C0448,R031,D089,Bengaluru,2026-08-01 14:27:00,,2026-08-01 14:46:39.635948,2026-08-01 15:35:20.137360,delivered,15.77,low,rain,delivered,1,0.0,-2.28,delivered_on_time,2026-08-01T15:42:36.925134,D089,D089,,eta-v3.2,completed,1,0,0,0,0,0,0,,3,0,0,,6,3,1,19.660599133333335,48.67502353333334,0,0,0,0,Chinese,bike,19.0
O00730,C0484,R036,D052,Bengaluru,2026-08-04 11:38:00,2026-08-04 13:03:24,2026-08-04 12:27:16.743951,2026-08-04 13:30:31.284573,delivered,18.0,severe,clear,delivered,1,1.0,27.12,delivered_late,2026-08-04T13:26:43.394550,D052,D052,,eta-v3.1,completed,0,0,0,0,0,0,0,,3,0,0,,7,4,1,49.27906585,63.2423437,0,0,0,0,North Indian,bike,10.0
O00731,C0760,R045,D052,Bengaluru,2026-08-15 12:24:00,2026-08-15 13:39:18,2026-08-15 12:58:15.545692,2026-08-15 13:48:49.162171,delivered,18.0,low,rain,delivered,1,1.0,9.52,delivered_late,2026-08-15T13:44:18,D052,D052,,eta-v3.2,completed,0,0,0,0,0,0,0,,4,0,0,,5,2,1,34.25909486666667,50.56027465,0,0,0,0,Cafe,bike,10.0
O00732,C0789,R011,D070,Bengaluru,2026-08-19 20:07:00,2026-08-19 21:19:48,2026-08-19 20:26:56.295221,2026-08-19 21:13:17.315605,delivered,18.0,low,clear,delivered,1,0.0,-6.51,delivered_on_time,2026-08-19T21:20:54.968349,D070,D070,,eta-v3.1,completed,0,0,0,1,0,0,1,RESTAURANT_CONTACT,3,0,0,,7,4,1,19.938253683333336,46.350339733333335,0,1,0,0,Chinese,bike,22.0
O00733,C0189,R036,D045,Bengaluru,2026-08-13 20:25:00,2026-08-13 21:50:24,2026-08-13 20:49:40.118744,2026-08-13 21:49:33.606687,delivered,18.0,severe,clear,delivered,1,0.0,-0.84,delivered_on_time,2026-08-13T22:08:24,D045,D045,,eta-v3.1,completed,1,0,0,1,0,0,0,,3,0,0,,5,2,1,24.668645733333335,59.891465716666666,0,0,0,0,North Indian,scooter,21.0
O00734,C0127,R013,D065,Bengaluru,2026-08-16 11:17:00,2026-08-16 12:39:18,2026-08-16 12:05:43.924278,,cancelled,18.0,high,rain,cancelled,0,,,cancelled,2026-08-16T13:02:14.731376,D065,D065,,eta-v3.1,cancelled,1,0,0,0,0,0,0,,2,0,0,,1,0,0,48.7320713,,0,0,0,0,Pizza,bike,17.0
O00735,C0027,R041,D118,Bengaluru,2026-08-23 18:02:00,2026-08-23 19:17:18,2026-08-23 18:19:21.490271,2026-08-23 19:15:59.094478,delivered,18.0,low,rain,delivered,1,0.0,-1.32,delivered_on_time,2026-08-23T19:22:18,D118,D118,,eta-v3.1,completed,0,0,0,0,0,0,0,,3,0,1,handed_off,6,3,1,17.358171183333333,56.62673678333333,0,0,0,0,Desserts,bike,7.0
O00736,C0657,R032,D055,Bengaluru,2026-08-04 20:01:00,2026-08-04 21:16:36,2026-08-04 20:33:47.264567,2026-08-04 21:22:48.158388,delivered,18.0,medium,clear,delivered,1,1.0,6.2,delivered_late,2026-08-04T21:20:36,D055,D055,,eta-v3.2,completed,1,0,0,2,1,1,0,,3,0,0,,8,5,1,32.787742783333336,49.014897016666666,1,0,0,0,Pizza,bike,14.0
O00737,C0824,R027,D048,Bengaluru,2026-08-20 20:10:00,,2026-08-20 21:14:02.973657,2026-08-20 21:47:32.398594,delivered,12.51,low,clear,delivered,1,1.0,36.28,delivered_late,2026-08-20T21:11:52.264491,D048,D048,,eta-v3.2,completed,3,0,1,0,0,0,0,,4,0,0,,5,2,1,64.04956095,33.49041561666667,1,0,0,0,Biryani,bike,11.0
O00738,C0299,R009,D067,Bengaluru,2026-08-09 13:42:00,2026-08-09 15:03:36,2026-08-09 14:28:18.417236,2026-08-09 15:23:35.138833,delivered,18.0,medium,heavy_rain,delivered,1,1.0,19.99,delivered_late,2026-08-09T15:19:36,D067,D067,,eta-v3.1,completed,3,0,1,1,0,0,0,,3,0,0,,6,3,1,46.30695393333333,55.27869328333334,1,0,0,0,Burgers,bike,9.0
O00739,C0291,R025,D034,Bengaluru,2026-08-13 16:39:00,,2026-08-13 17:20:24.270820,2026-08-13 17:53:45.742225,delivered,12.4,low,clear,delivered,1,1.0,13.71,delivered_late,2026-08-13T17:40:31.041445,D034,D034,,eta-v3.2,completed,0,0,0,0,0,0,1,PRIORITY_DISPATCH,3,0,0,,6,3,1,41.404513666666666,33.35785675,0,1,0,0,South Indian,scooter,32.0
O00740,C0583,R011,D036,Bengaluru,2026-08-24 22:02:00,2026-08-24 23:24:18,2026-08-24 22:21:21.986158,,delivered,18.0,high,rain,delivered,1,,,unknown,2026-08-24T23:39:18,D036,D036,,eta-v3.1,completed,3,0,0,0,0,0,0,,2,0,0,,7,4,1,19.366435966666664,,0,0,0,0,Chinese,bike,20.0
O00741,C0617,R043,D108,Bengaluru,2026-08-28 20:36:00,2026-08-28 21:57:36,2026-08-28 21:02:14.607969,2026-08-28 22:04:34.315050,delivered,18.0,medium,heavy_rain,delivered,1,1.0,6.97,delivered_late,2026-08-28T22:16:32.083395,D108,D108,,eta-v3.2,completed,0,0,0,0,0,0,0,,3,0,0,,6,3,1,26.24346615,62.32845135,0,0,0,0,Burgers,scooter,5.0
O00742,C0474,R024,D049,Bengaluru,2026-08-18 18:06:00,2026-08-18 19:25:48,2026-08-18 18:32:29.352281,2026-08-18 19:27:27.003529,delivered,18.0,high,clear,delivered,1,1.0,1.65,delivered_late,2026-08-18T19:35:48,D049,D049,,eta-v3.1,completed,1,0,0,0,0,0,0,,3,0,1,preparing,5,2,1,26.489204683333334,54.960854133333335,0,0,0,0,South Indian,bike,17.0
O00743,C0733,R018,D110,Bengaluru,2026-08-05 21:19:00,,2026-08-05 21:41:13.132804,2026-08-05 21:57:54.570280,delivered,2.18,medium,clear,delivered,1,0.0,-3.48,delivered_on_time,2026-08-05T22:05:23.249920,D110,D110,,eta-v3.1,completed,1,0,0,1,0,0,0,,3,0,1,preparing,6,3,1,22.218880066666667,16.6906246,0,0,0,0,South Indian,bike,5.0
O00744,C0623,R040,D036,Bengaluru,2026-08-17 19:09:00,,2026-08-17 19:47:49.390972,2026-08-17 20:31:06.521654,delivered,13.95,medium,clear,delivered,1,1.0,15.02,delivered_late,2026-08-17T20:26:34.078631,D036,D036,,eta-v3.1,completed,2,0,0,1,1,1,0,,3,0,0,,6,3,1,38.82318286666667,43.28551136666667,1,0,0,0,Desserts,bike,20.0
O00745,C0373,R006,D093,Bengaluru,2026-08-25 19:34:00,,2026-08-25 19:43:54.233320,2026-08-25 20:44:02.820432,delivered,14.2,severe,clear,delivered,1,0.0,-7.36,delivered_on_time,2026-08-25T21:10:28.164437,D093,D093,,eta-v3.2,completed,0,0,0,0,0,0,1,DRIVER_REASSIGNMENT,3,0,0,,8,5,1,9.903888666666667,60.143118533333336,0,1,0,0,Pizza,ebike,28.0
O00746,C0834,R025,D120,Bengaluru,2026-08-22 16:59:00,2026-08-22 18:18:48,2026-08-22 17:32:04.876510,2026-08-22 18:33:28.728529,delivered,18.0,high,clear,delivered,1,1.0,14.68,delivered_late,2026-08-22T18:37:22.952682,D120,D120,,eta-v3.1,completed,3,0,0,0,0,0,1,CUSTOMER_CREDIT,3,0,1,preparing,6,3,1,33.081275166666664,61.39753365,0,1,0,0,South Indian,scooter,22.0
O00747,C0764,R007,D106,Bengaluru,2026-08-27 17:14:00,2026-08-27 18:39:24,2026-08-27 17:55:26.787252,2026-08-27 18:56:15.803340,delivered,18.0,severe,clear,delivered,1,1.0,16.86,delivered_late,2026-08-27T18:57:24,D106,D106,,eta-v3.2,completed,4,0,1,1,1,1,0,,3,0,1,handed_off,7,4,1,41.4464542,60.8169348,1,0,0,0,North Indian,bike,24.0
O00748,C0576,R017,D059,Bengaluru,2026-08-04 20:38:00,2026-08-04 21:53:36,2026-08-04 20:53:00.296795,2026-08-04 21:47:31.311921,delivered,18.0,medium,clear,delivered,1,0.0,-6.08,delivered_on_time,2026-08-04T21:57:36,D059,D059,,eta-v3.2,completed,3,0,0,0,0,0,0,,3,0,1,preparing,5,2,1,15.004946583333332,54.51691876666666,0,0,0,0,North Indian,bike,7.0
O00749,C0597,R056,D077,Bengaluru,2026-08-04 19:27:00,2026-08-04 20:45:06,2026-08-04 19:50:04.551110,2026-08-04 20:42:58.892445,delivered,18.0,medium,rain,delivered,1,0.0,-2.12,delivered_on_time,2026-08-04T20:54:06,D077,D077,,eta-v3.2,completed,0,0,0,0,0,0,1,PRIORITY_DISPATCH,3,0,1,handed_off,8,5,1,23.075851833333335,52.90568891666667,0,1,0,0,Biryani,bike,4.0
O00750,C0792,R037,D054,Bengaluru,2026-08-09 21:46:00,,2026-08-09 21:57:39.329555,2026-08-09 22:31:55.191315,delivered,10.86,medium,clear,delivered,1,0.0,-14.68,delivered_on_time,2026-08-09T22:50:36.078780,D054,D054,,eta-v3.1,completed,1,0,0,0,0,0,1,PRIORITY_DISPATCH,3,0,0,,8,5,1,11.655492583333334,34.26436266666666,0,1,0,0,Cafe,bike,15.0
O00751,C0153,R005,D005,Bengaluru,2026-08-25 20:31:00,2026-08-25 21:49:06,2026-08-25 20:52:45.757355,2026-08-25 21:46:24.179864,delivered,18.0,medium,rain,delivered,1,0.0,-2.7,delivered_on_time,2026-08-25T21:58:06,D005,D005,,eta-v3.1,completed,0,0,0,0,0,0,1,RESTAURANT_CONTACT,3,0,0,,5,2,1,21.762622583333332,53.64037515,0,1,0,0,North Indian,bike,26.0
O00752,C0879,R029,D075,Bengaluru,2026-08-19 19:57:00,2026-08-19 21:15:06,2026-08-19 20:38:39.450503,2026-08-19 21:38:45.600934,delivered,18.0,medium,rain,delivered,1,1.0,23.66,delivered_late,2026-08-19T21:24:06,D075,D075,,eta-v3.1,completed,3,0,1,0,0,0,0,,3,0,0,,8,5,1,41.65750838333334,60.10250718333334,1,0,0,0,Burgers,bike,22.0
O00753,C0446,R013,D108,Bengaluru,2026-08-04 16:26:00,,2026-08-04 16:40:45.052178,2026-08-04 17:15:55.030876,delivered,6.19,high,clear,delivered,1,0.0,-5.07,delivered_on_time,2026-08-04T17:32:33.563785,D108,D108,,eta-v3.1,completed,1,0,0,0,0,0,0,,4,0,0,,5,2,1,14.750869633333334,35.16631163333333,0,0,0,0,Pizza,scooter,5.0
O00754,C0725,R040,D106,Bengaluru,2026-08-21 15:50:00,2026-08-21 17:02:48,2026-08-21 16:02:36.138036,2026-08-21 16:46:57.316552,delivered,18.0,low,clear,delivered,1,0.0,-15.84,delivered_on_time,2026-08-21T17:02:48,D106,D106,,eta-v3.1,completed,0,0,0,0,0,0,1,RESTAURANT_CONTACT,3,0,1,preparing,5,2,1,12.602300600000001,44.35297526666667,0,1,0,0,Desserts,bike,24.0
O00755,C0710,R004,D108,Bengaluru,2026-08-24 20:14:00,,2026-08-24 20:50:46.000931,2026-08-24 21:30:22.228010,delivered,12.12,medium,clear,delivered,1,1.0,13.11,delivered_late,2026-08-24T21:23:01.102060,D108,D108,,eta-v3.1,completed,3,0,1,1,0,0,1,RESTAURANT_CONTACT,3,0,0,,8,5,1,36.76668218333334,39.603784649999994,1,1,0,0,South Indian,scooter,5.0
O00756,C0693,R037,D118,Bengaluru,2026-08-11 11:12:00,,2026-08-11 11:44:34.061733,2026-08-11 12:33:10.430233,delivered,12.8,medium,rain,delivered,1,1.0,13.98,delivered_late,2026-08-11T12:28:14.984531,D118,D118,,eta-v3.1,completed,3,0,1,0,0,0,0,,3,0,1,preparing,5,2,1,32.56769555,48.606141666666666,1,0,0,0,Cafe,bike,7.0
O00757,C0785,R020,D055,Bengaluru,2026-08-22 17:16:00,,2026-08-22 17:35:33.242540,2026-08-22 18:08:29.719161,delivered,15.48,low,clear,delivered,1,0.0,-15.01,delivered_on_time,2026-08-22T18:23:30.486647,D055,D055,,eta-v3.2,completed,2,0,0,0,0,0,1,PRIORITY_DISPATCH,3,0,0,,5,2,1,19.55404233333333,32.94127701666667,0,1,0,0,Burgers,bike,14.0
O00758,C0726,R014,D035,Bengaluru,2026-08-27 11:35:00,,2026-08-27 12:11:01.285443,2026-08-27 13:01:41.495780,delivered,16.17,low,heavy_rain,delivered,1,1.0,11.73,delivered_late,2026-08-27T13:09:05.719097,D035,D035,,eta-v3.1,completed,0,0,0,2,1,1,0,,3,0,0,,7,4,1,36.02142405,50.670172283333336,1,0,0,0,Biryani,scooter,5.0
O00759,C0732,R022,D105,Bengaluru,2026-08-14 18:36:00,,2026-08-14 19:01:18.936750,2026-08-14 19:31:19.440433,delivered,10.6,low,clear,delivered,1,0.0,-1.94,delivered_on_time,2026-08-14T19:33:16.109887,D105,D105,,eta-v3.2,completed,0,0,0,0,0,0,0,,3,0,0,,7,4,1,25.3156125,30.008394716666665,0,0,0,0,South Indian,bike,18.0
O00760,C0020,R029,D019,Bengaluru,2026-08-08 16:22:00,2026-08-08 17:34:48,2026-08-08 16:33:22.357902,2026-08-08 17:16:03.127967,delivered,18.0,low,clear,delivered,1,0.0,-18.75,delivered_on_time,2026-08-08T17:35:50.005480,D019,D019,,eta-v3.1,completed,3,0,0,0,0,0,0,,4,0,1,preparing,8,5,1,11.3726317,42.679501083333335,0,0,0,0,Burgers,scooter,58.0
O00761,C0636,R029,D037,Bengaluru,2026-08-23 19:35:00,,2026-08-23 20:01:58.706677,2026-08-23 20:43:04.841933,delivered,10.77,high,clear,delivered,1,1.0,3.46,delivered_late,2026-08-23T20:49:52.755708,D037,D037,,eta-v3.1,completed,0,0,0,1,0,0,0,,3,0,1,handed_off,6,3,1,26.978444616666664,41.10225426666667,0,0,0,0,Burgers,scooter,10.0
O00762,C0653,R055,D018,Bengaluru,2026-08-12 18:45:00,2026-08-12 19:57:48,2026-08-12 19:27:33.570541,2026-08-12 20:15:10.932354,delivered,18.0,low,clear,delivered,1,1.0,17.38,delivered_late,2026-08-12T20:06:06.089291,D018,D018,,eta-v3.2,completed,2,0,0,1,1,1,0,,3,0,1,ready,6,3,1,42.55950901666667,47.62269688333333,1,0,0,0,Burgers,bike,16.0
O00763,C0790,R001,D008,Bengaluru,2026-08-18 19:19:00,2026-08-18 20:34:36,2026-08-18 19:49:02.188572,2026-08-18 20:40:02.777993,delivered,18.0,medium,clear,delivered,1,1.0,5.45,delivered_late,2026-08-18T20:39:47.639860,D008,D008,,eta-v3.2,completed,2,0,0,0,0,0,0,,3,0,1,handed_off,5,2,1,30.0364762,51.00982368333334,0,0,0,0,South Indian,ebike,23.0
O00764,C0097,R020,D097,Bengaluru,2026-08-04 20:04:00,,2026-08-04 20:33:04.317338,2026-08-04 21:11:01.062942,delivered,10.26,high,clear,delivered,1,1.0,3.46,delivered_late,2026-08-04T21:20:13.890748,D097,D097,,eta-v3.1,completed,0,0,0,0,0,0,0,,3,0,1,ready,5,2,1,29.071955633333335,37.94576006666667,0,0,0,0,Burgers,ebike,19.0
O00765,C0359,R002,D045,Bengaluru,2026-08-04 16:06:00,2026-08-04 17:31:24,2026-08-04 16:45:50.239618,2026-08-04 17:44:53.730909,delivered,18.0,severe,clear,delivered,1,1.0,13.5,delivered_late,2026-08-04T17:52:44.447394,D045,D045,,eta-v3.2,completed,0,0,0,0,0,0,0,,4,1,1,preparing,7,4,1,39.837326966666666,59.05818818333333,0,0,0,0,Burgers,scooter,21.0
O00766,C0864,R060,D032,Bengaluru,2026-08-06 15:12:00,,2026-08-06 15:27:54.319759,2026-08-06 16:20:57.640517,delivered,14.13,medium,heavy_rain,delivered,1,0.0,-4.5,delivered_on_time,2026-08-06T16:41:27.898331,D079,D032,2026-08-06T15:14:52.249647,eta-v3.1,completed,0,0,0,0,0,0,0,,4,1,0,,5,2,1,15.905329316666666,53.055345966666664,0,0,0,0,Chinese,ebike,5.0
O00767,C0425,R005,D012,Bengaluru,2026-08-17 11:20:00,2026-08-17 12:35:36,2026-08-17 11:40:57.438230,2026-08-17 12:33:15.486807,delivered,18.0,medium,clear,delivered,1,0.0,-2.34,delivered_on_time,2026-08-17T12:39:36,D012,D012,,eta-v3.2,completed,1,0,0,0,0,0,1,DRIVER_REASSIGNMENT,3,0,1,preparing,6,3,1,20.957303833333334,52.30080961666667,0,1,0,0,North Indian,bike,10.0
O00768,C0772,R050,D063,Bengaluru,2026-08-05 19:36:00,,2026-08-05 19:51:12.154057,2026-08-05 20:18:47.085068,delivered,9.93,low,clear,delivered,1,0.0,-13.08,delivered_on_time,2026-08-05T20:32:04.851507,D063,D063,,eta-v3.1,completed,2,0,0,0,0,0,0,,3,0,1,handed_off,5,2,1,15.202567616666666,27.582183516666664,0,0,0,0,Cafe,scooter,50.0
O00769,C0318,R036,D093,Bengaluru,2026-08-10 12:43:00,,2026-08-10 13:02:04.868032,2026-08-10 13:42:32.216168,delivered,14.3,low,clear,delivered,1,0.0,-5.49,delivered_on_time,2026-08-10T13:48:26.289052,D093,D093,,eta-v3.2,completed,1,0,0,1,0,0,1,DRIVER_REASSIGNMENT,3,0,1,ready,8,5,1,19.08113386666667,40.455802266666666,0,1,0,0,North Indian,ebike,28.0
O00770,C0003,R003,D007,Bengaluru,2026-08-05 15:52:00,2026-08-05 17:10:06,2026-08-05 16:39:32.593766,2026-08-05 17:31:25.050399,delivered,18.0,medium,rain,delivered,1,1.0,21.32,delivered_late,2026-08-05T17:22:37.697726,D007,D007,,eta-v3.1,completed,0,0,0,0,0,0,0,,3,0,0,,5,2,1,47.54322943333333,51.87427721666666,0,0,0,0,Chinese,bike,26.0
O00771,C0474,R006,D018,Bengaluru,2026-08-17 18:44:00,,2026-08-17 19:11:00.404681,2026-08-17 19:45:49.263517,delivered,12.83,medium,clear,delivered,1,0.0,-2.92,delivered_on_time,2026-08-17T19:53:42.335351,D018,D018,,eta-v3.2,completed,0,0,0,0,0,0,0,,3,0,1,ready,8,5,1,27.006744683333334,34.81431393333333,0,0,0,0,Pizza,bike,16.0
O00772,C0833,R044,D030,Bengaluru,2026-08-10 18:50:00,2026-08-10 20:09:48,2026-08-10 19:11:17.253555,,cancelled,18.0,high,clear,cancelled,0,,,cancelled,2026-08-10T20:21:21.668484,D030,D030,,eta-v3.2,cancelled,3,0,0,1,0,0,1,PRIORITY_DISPATCH,2,0,1,ready,1,0,0,21.28755925,,0,1,0,0,Cafe,scooter,19.0
O00773,C0030,R014,D018,Bengaluru,2026-08-19 20:36:00,,2026-08-19 20:59:40.931381,2026-08-19 21:42:47.957262,delivered,17.89,medium,clear,delivered,1,0.0,-8.58,delivered_on_time,2026-08-19T21:55:50.820760,D018,D018,,eta-v3.1,completed,0,0,0,0,0,0,0,,3,0,0,,8,5,1,23.682189683333334,43.11709801666667,0,0,0,0,Biryani,bike,16.0
O00774,C0260,R028,D011,Bengaluru,2026-08-07 12:11:00,2026-08-07 13:30:48,2026-08-07 12:51:26.356018,,delivered,18.0,high,clear,delivered,1,,,unknown,2026-08-07T13:45:08.412366,D011,D011,,eta-v3.1,completed,3,0,0,0,0,0,0,,2,0,1,preparing,5,2,1,40.439266966666665,,0,0,0,0,Biryani,scooter,18.0
O00775,C0072,R049,D059,Bengaluru,2026-08-08 19:58:00,2026-08-08 21:23:48,2026-08-08 20:37:50.918485,2026-08-08 21:46:49.642917,delivered,18.0,high,heavy_rain,delivered,1,1.0,23.03,delivered_late,2026-08-08T21:46:03.886982,D019,D059,2026-08-08T20:06:04.946523,eta-v3.2,completed,3,0,1,0,0,0,0,,3,0,0,,8,5,1,39.848641416666666,68.97874053333334,1,0,0,0,Chinese,bike,7.0
O00776,C0554,R057,D085,Bengaluru,2026-08-21 20:17:00,,2026-08-21 20:43:32.880478,2026-08-21 21:32:38.791439,delivered,16.59,medium,clear,delivered,1,1.0,3.01,delivered_late,2026-08-21T21:33:38.238547,D085,D085,,eta-v3.2,completed,1,0,0,0,0,0,1,RESTAURANT_CONTACT,3,0,0,,8,5,1,26.548007966666667,49.098516016666665,0,1,0,0,Cafe,bike,26.0
O00777,C0525,R030,D009,Bengaluru,2026-08-04 12:57:00,,2026-08-04 13:25:51.550886,2026-08-04 14:16:59.926145,delivered,15.54,high,clear,delivered,1,1.0,5.37,delivered_late,2026-08-04T14:21:37.510782,D009,D009,,eta-v3.2,completed,0,0,0,0,0,0,1,DRIVER_REASSIGNMENT,3,0,1,ready,7,4,1,28.859181433333333,51.139587649999996,0,1,0,0,South Indian,ebike,15.0
O00778,C0068,R059,D015,Bengaluru,2026-08-27 21:12:00,2026-08-27 22:37:24,2026-08-27 21:23:21.947918,2026-08-27 22:30:35.745486,delivered,18.0,severe,clear,delivered,1,0.0,-6.8,delivered_on_time,2026-08-27T22:55:24,D015,D015,,eta-v3.1,completed,2,0,0,1,0,0,0,,3,0,1,preparing,8,5,1,11.365798633333332,67.22995946666667,0,0,0,0,Burgers,ebike,23.0
O00779,C0105,R048,D012,Bengaluru,2026-08-15 20:28:00,2026-08-15 21:43:36,2026-08-15 20:47:04.194043,2026-08-15 21:39:22.881851,delivered,18.0,medium,clear,delivered,1,0.0,-4.22,delivered_on_time,2026-08-15T21:47:36,D012,D012,,eta-v3.1,completed,2,0,0,0,0,0,1,RESTAURANT_CONTACT,3,0,0,,7,4,1,19.069900716666666,52.311463466666666,0,1,0,0,South Indian,bike,10.0
O00780,C0580,R036,D027,Bengaluru,2026-08-21 12:24:00,2026-08-21 13:36:48,2026-08-21 13:02:30.269415,2026-08-21 13:47:44.301327,delivered,18.0,low,clear,delivered,1,1.0,10.94,delivered_late,2026-08-21T13:41:47.795924,D027,D027,,eta-v3.1,completed,3,0,0,1,0,0,0,,3,0,1,handed_off,7,4,1,38.50449025,45.2338652,0,0,0,0,North Indian,ebike,4.0
O00781,C0103,R019,D103,Bengaluru,2026-08-22 12:33:00,2026-08-22 13:48:36,2026-08-22 13:11:17.309762,2026-08-22 14:01:40.289785,delivered,18.0,medium,clear,delivered,1,1.0,13.07,delivered_late,2026-08-22T13:54:02.886389,D103,D103,,eta-v3.1,completed,1,0,0,0,0,0,1,PRIORITY_DISPATCH,3,0,1,ready,5,2,1,38.28849603333333,50.38300038333333,0,1,0,0,Cafe,scooter,28.0
O00782,C0559,R053,D092,Bengaluru,2026-08-25 18:54:00,2026-08-25 20:09:36,2026-08-25 19:31:41.016480,2026-08-25 20:26:27.625735,delivered,18.0,medium,clear,delivered,1,1.0,16.86,delivered_late,2026-08-25T20:13:36,D092,D092,,eta-v3.2,completed,2,0,1,0,0,0,1,DRIVER_REASSIGNMENT,3,0,0,,8,5,1,37.683608,54.776820916666665,1,1,0,0,North Indian,scooter,7.0
O00783,C0572,R053,D103,Bengaluru,2026-08-21 18:58:00,,2026-08-21 19:25:11.099307,2026-08-21 19:47:18.538610,delivered,4.12,high,clear,delivered,1,0.0,-1.33,delivered_on_time,2026-08-21T19:58:38.615429,D103,D103,,eta-v3.2,completed,0,0,0,0,0,0,0,,4,1,0,,6,3,1,27.18498845,22.123988383333334,0,0,0,0,North Indian,scooter,28.0
O00784,C0825,R027,D030,Bengaluru,2026-08-05 11:26:00,2026-08-05 12:45:48,2026-08-05 11:43:07.308343,2026-08-05 12:33:12.348862,delivered,18.0,high,clear,delivered,1,0.0,-12.59,delivered_on_time,2026-08-05T12:56:36.239971,D030,D030,,eta-v3.2,completed,2,0,0,1,0,0,0,,3,0,0,,8,5,1,17.121805716666664,50.08400865,0,0,0,0,Biryani,scooter,19.0
O00785,C0384,R015,D036,Bengaluru,2026-08-13 13:33:00,,2026-08-13 13:46:53.944491,2026-08-13 14:31:48.226974,delivered,17.47,low,clear,delivered,1,0.0,-12.89,delivered_on_time,2026-08-13T14:44:41.801794,D036,D036,,eta-v3.2,completed,1,0,0,0,0,0,0,,3,0,1,handed_off,8,5,1,13.89907485,44.904708049999996,0,0,0,0,Cafe,bike,20.0
O00786,C0058,R052,D090,Bengaluru,2026-08-15 16:53:00,,2026-08-15 17:26:00.215629,2026-08-15 18:32:55.357258,delivered,16.06,severe,rain,delivered,1,1.0,16.09,delivered_late,2026-08-15T18:41:21.631661,D090,D090,,eta-v3.2,completed,1,0,0,0,0,0,0,,3,0,0,,8,5,1,33.003593816666665,66.91902715,0,0,0,0,Desserts,bike,12.0
O00787,C0418,R025,D105,Bengaluru,2026-08-22 18:09:00,,2026-08-22 18:51:05.680015,2026-08-22 19:33:51.211983,delivered,12.3,high,clear,delivered,1,1.0,17.03,delivered_late,2026-08-22T19:28:54.027936,D105,D105,,eta-v3.2,completed,3,0,0,0,0,0,0,,4,0,0,,5,2,1,42.09466691666667,42.75886613333333,0,0,0,0,South Indian,bike,18.0
O00788,C0500,R004,D001,Bengaluru,2026-08-03 11:58:00,,2026-08-03 12:16:34.129996,2026-08-03 12:53:19.748456,delivered,8.93,high,clear,delivered,1,0.0,-5.41,delivered_on_time,2026-08-03T13:10:56.813380,D001,D001,,eta-v3.1,completed,3,0,0,0,0,0,0,,3,0,1,ready,5,2,1,18.568833266666665,36.76030766666667,0,0,0,0,South Indian,bike,31.0
O00789,C0534,R037,D010,Bengaluru,2026-08-19 22:28:00,,2026-08-19 22:52:17.016511,2026-08-19 23:26:50.309739,delivered,9.52,medium,clear,delivered,1,1.0,1.05,delivered_late,2026-08-19T23:31:23.106636,D010,D010,,eta-v3.2,completed,3,0,0,1,0,0,0,,3,0,0,,8,5,1,24.283608516666668,34.55488713333333,0,0,0,0,Cafe,ebike,7.0
O00790,C0587,R013,D115,Bengaluru,2026-08-08 23:42:00,,2026-08-09 00:25:30.735137,2026-08-09 01:17:28.350692,delivered,6.0,severe,rain,delivered,1,1.0,32.77,delivered_late,2026-08-09T01:11:12.093194,D115,D115,,eta-v3.2,completed,0,0,0,0,0,0,0,,3,0,0,,6,3,1,43.51225228333333,51.96025925,0,0,0,0,Pizza,bike,20.0
O00791,C0666,R052,D054,Bengaluru,2026-08-22 18:56:00,,2026-08-22 19:21:19.971964,2026-08-22 19:56:57.274536,delivered,7.84,medium,clear,delivered,1,1.0,6.7,delivered_late,2026-08-22T19:55:28.588915,D054,D054,,eta-v3.1,completed,1,0,0,1,0,0,1,DRIVER_REASSIGNMENT,3,0,0,,6,3,1,25.332866066666668,35.62170953333334,0,1,0,0,Desserts,bike,15.0
O00792,C0871,R007,D071,Bengaluru,2026-08-26 12:38:00,2026-08-26 14:03:24,2026-08-26 12:51:33.252962,2026-08-26 13:52:04.417150,delivered,18.0,severe,clear,delivered,1,0.0,-11.33,delivered_on_time,2026-08-26T14:22:19.339329,D071,D071,,eta-v3.2,completed,1,0,0,0,0,0,0,,3,0,1,preparing,5,2,1,13.554216033333335,60.519403133333334,0,0,0,0,North Indian,scooter,30.0
O00793,C0830,R060,D003,Bengaluru,2026-08-02 19:44:00,2026-08-02 20:59:36,2026-08-02 20:28:01.009030,2026-08-02 21:19:10.505173,delivered,18.0,medium,clear,delivered,1,1.0,19.58,delivered_late,2026-08-02T21:03:36,D003,D003,,eta-v3.1,completed,1,0,0,1,1,1,0,,3,0,0,,5,2,1,44.01681716666667,51.158269049999994,1,0,0,0,Chinese,scooter,15.0
O00794,C0613,R012,D066,Bengaluru,2026-08-13 14:30:00,,2026-08-13 15:03:35.288797,2026-08-13 15:33:10.618217,delivered,6.55,medium,clear,delivered,1,1.0,11.63,delivered_late,2026-08-13T15:28:01.538977,D066,D066,,eta-v3.2,completed,2,0,0,0,0,0,0,,3,0,0,,7,4,1,33.58814661666666,29.588823666666666,0,0,0,0,Biryani,scooter,21.0
O00795,C0254,R021,D027,Bengaluru,2026-08-10 15:58:00,,2026-08-10 16:25:21.368073,2026-08-10 17:08:24.326801,delivered,14.59,medium,clear,delivered,1,1.0,1.96,delivered_late,2026-08-10T17:10:26.846220,D017,D027,2026-08-10T16:05:45.754769,eta-v3.1,completed,0,0,0,0,0,0,0,,3,0,0,,6,3,1,27.35613455,43.04931213333334,0,0,0,0,Biryani,ebike,4.0
O00796,C0417,R031,D106,Bengaluru,2026-08-25 12:04:00,2026-08-25 13:16:48,2026-08-25 12:22:20.492725,2026-08-25 13:07:51.497438,delivered,18.0,low,clear,delivered,1,0.0,-8.94,delivered_on_time,2026-08-25T13:17:13.368457,D106,D106,,eta-v3.2,completed,0,0,0,0,0,0,1,DRIVER_REASSIGNMENT,3,0,0,,7,4,1,18.34154541666667,45.51674521666666,0,1,0,0,Chinese,bike,24.0
O00797,C0011,R020,D075,Bengaluru,2026-08-07 22:59:00,,2026-08-07 23:45:18.076888,2026-08-08 00:25:12.099724,delivered,15.06,low,clear,delivered,1,1.0,19.58,delivered_late,2026-08-08T00:06:15.439618,D075,D075,,eta-v3.2,completed,0,0,0,0,0,0,0,,3,0,0,,6,3,1,46.301281466666666,39.9003806,0,0,0,0,Burgers,bike,22.0
O00798,C0371,R027,D033,Bengaluru,2026-08-20 19:30:00,2026-08-20 20:45:36,2026-08-20 20:06:42.086028,,cancelled,18.0,medium,clear,cancelled,0,,,cancelled,2026-08-20T20:49:36,D033,D033,,eta-v3.1,cancelled,2,0,0,1,0,0,0,,2,0,1,preparing,1,0,0,36.701433800000004,,0,0,0,0,Biryani,scooter,33.0
O00799,C0009,R031,D077,Bengaluru,2026-08-09 13:34:00,,2026-08-09 14:15:15.409140,2026-08-09 14:47:41.983965,delivered,10.76,medium,clear,delivered,1,1.0,13.3,delivered_late,2026-08-09T14:46:51.706339,D077,D077,,eta-v3.2,completed,0,0,0,1,0,0,1,CUSTOMER_CREDIT,3,0,0,,7,4,1,41.256819,32.442913749999995,0,1,0,0,Chinese,bike,4.0
O00800,C0723,R008,D078,Bengaluru,2026-08-27 17:15:00,,2026-08-27 17:41:16.151633,2026-08-27 18:08:35.250131,delivered,8.34,medium,clear,delivered,1,0.0,-1.72,delivered_on_time,2026-08-27T18:14:18.736927,D045,D078,2026-08-27T17:23:56.730704,eta-v3.1,completed,3,0,0,0,0,0,0,,3,0,0,,8,5,1,26.269193883333333,27.3183083,0,0,0,0,Cafe,bike,18.0
O00801,C0331,R058,D079,Bengaluru,2026-08-03 16:49:00,,2026-08-03 17:28:13.097305,2026-08-03 18:25:02.853593,delivered,15.91,severe,clear,delivered,1,1.0,15.04,delivered_late,2026-08-03T18:28:00.692513,D079,D079,,eta-v3.2,completed,0,0,0,1,0,0,0,,3,0,1,preparing,8,5,1,39.21828841666666,56.82927146666667,0,0,0,0,North Indian,scooter,22.0
O00802,C0888,R048,D082,Bengaluru,2026-08-08 19:02:00,,2026-08-08 19:15:11.015379,2026-08-08 19:57:15.530533,delivered,10.82,high,clear,delivered,1,0.0,-9.46,delivered_on_time,2026-08-08T20:16:42.929344,D082,D082,,eta-v3.2,completed,3,0,0,0,0,0,0,,3,0,0,,6,3,1,13.18358965,42.07525256666667,0,0,0,0,South Indian,scooter,44.0
O00803,C0880,R046,D055,Bengaluru,2026-08-28 13:20:00,,2026-08-28 13:58:12.321913,2026-08-28 14:46:40.708937,delivered,16.18,medium,rain,delivered,1,1.0,12.39,delivered_late,2026-08-28T14:49:16.299261,D055,D055,,eta-v3.1,completed,1,0,0,1,1,1,0,,3,0,0,,5,2,1,38.20536521666667,48.47311706666667,1,0,0,0,Chinese,bike,14.0
O00804,C0031,R057,D092,Bengaluru,2026-08-11 14:31:00,,2026-08-11 15:00:57.746943,2026-08-11 15:41:33.345375,delivered,14.72,medium,clear,delivered,1,1.0,1.85,delivered_late,2026-08-11T15:45:35.109418,D092,D092,,eta-v3.2,completed,2,0,0,0,0,0,0,,3,0,0,,6,3,1,29.96244905,40.5933072,0,0,0,0,Cafe,scooter,7.0
O00805,C0661,R057,D025,Bengaluru,2026-08-04 12:20:00,,2026-08-04 12:57:56.674996,2026-08-04 13:26:32.600756,delivered,7.13,high,clear,delivered,1,1.0,9.58,delivered_late,2026-08-04T13:33:07.236262,D025,D025,,eta-v3.1,completed,0,0,0,1,0,0,0,,3,0,1,handed_off,7,4,1,37.94458326666667,28.59876266666667,0,0,0,0,Cafe,bike,28.0
O00806,C0885,R023,D024,Bengaluru,2026-08-10 17:23:00,,2026-08-10 17:41:37.378173,2026-08-10 18:44:34.522024,delivered,17.83,high,rain,delivered,1,0.0,-0.37,delivered_on_time,2026-08-10T19:01:41.519777,D024,D024,,eta-v3.1,completed,0,0,0,0,0,0,0,,3,0,1,preparing,6,3,1,18.62296955,62.952397516666665,0,0,0,0,Pizza,bike,32.0
O00807,C0327,R056,D077,Bengaluru,2026-08-16 20:35:00,2026-08-16 21:53:06,2026-08-16 20:56:49.509629,2026-08-16 21:54:29.554123,delivered,18.0,medium,rain,delivered,1,1.0,1.39,delivered_late,2026-08-16T22:02:06,D077,D077,,eta-v3.1,completed,2,0,0,1,0,0,0,,3,0,0,,6,3,1,21.82516048333333,57.66740823333334,0,0,0,0,Biryani,bike,4.0
O00808,C0392,R032,D071,Bengaluru,2026-08-01 16:56:00,2026-08-01 18:08:48,2026-08-01 17:44:46.475284,2026-08-01 18:37:12.128398,delivered,18.0,low,clear,delivered,1,1.0,28.4,delivered_late,2026-08-01T18:11:49.650409,D071,D071,,eta-v3.2,completed,0,0,0,0,0,0,1,PRIORITY_DISPATCH,4,0,1,ready,8,5,1,48.77458806666667,52.427551900000005,0,1,0,0,Pizza,scooter,30.0
O00809,C0864,R002,D008,Bengaluru,2026-08-02 18:14:00,2026-08-02 19:33:48,2026-08-02 18:30:19.683728,2026-08-02 19:23:30.952729,delivered,18.0,high,clear,delivered,1,0.0,-10.28,delivered_on_time,2026-08-02T19:43:48,D008,D008,,eta-v3.2,completed,2,0,0,0,0,0,0,,4,1,1,handed_off,6,3,1,16.328062133333333,53.18781668333334,0,0,0,0,Burgers,ebike,23.0
O00810,C0274,R013,D111,Bengaluru,2026-08-20 19:18:00,,2026-08-20 19:39:08.541100,2026-08-20 20:12:43.050330,delivered,8.23,high,clear,delivered,1,0.0,-4.56,delivered_on_time,2026-08-20T20:27:16.391855,D111,D111,,eta-v3.1,completed,0,0,0,0,0,0,0,,3,0,0,,6,3,1,21.142351666666666,33.57515383333333,0,0,0,0,Pizza,bike,30.0
O00811,C0729,R018,D024,Bengaluru,2026-08-25 17:23:00,,2026-08-25 18:04:59.204959,2026-08-25 18:48:33.957100,delivered,14.89,medium,rain,delivered,1,1.0,13.99,delivered_late,2026-08-25T18:50:16.683120,D024,D024,,eta-v3.2,completed,0,0,0,0,0,0,1,DRIVER_REASSIGNMENT,3,0,0,,6,3,1,41.98674931666667,43.579202349999996,0,1,0,0,South Indian,bike,32.0
O00812,C0575,R023,D094,Bengaluru,2026-08-05 16:01:00,,2026-08-05 16:19:11.638441,2026-08-05 16:57:25.524261,delivered,14.55,low,rain,delivered,1,0.0,-11.62,delivered_on_time,2026-08-05T17:15:52.000954,D094,D094,,eta-v3.2,completed,2,0,0,0,0,0,1,RESTAURANT_CONTACT,3,0,1,ready,8,5,1,18.19397401666667,38.231430333333336,0,1,0,0,Pizza,bike,24.0
O00813,C0304,R034,D087,Bengaluru,2026-08-25 18:56:00,2026-08-25 20:11:36,2026-08-25 19:15:50.488199,2026-08-25 20:06:57.402485,delivered,18.0,medium,clear,delivered,1,0.0,-4.64,delivered_on_time,2026-08-25T20:15:36,D087,D087,,eta-v3.1,completed,3,0,0,0,0,0,0,,3,0,0,,6,3,1,19.841469983333333,51.115238100000006,0,0,0,0,Pizza,bike,62.0
O00814,C0765,R008,D011,Bengaluru,2026-08-03 17:48:00,,2026-08-03 18:40:11.960955,2026-08-03 18:49:02.169069,delivered,1.74,low,clear,delivered,1,1.0,22.38,delivered_late,2026-08-03T18:33:43.673405,D011,D011,,eta-v3.1,completed,3,0,0,1,0,0,0,,3,0,1,handed_off,5,2,1,52.19934925,8.836801900000001,0,0,0,0,Cafe,scooter,18.0
O00815,C0873,R032,D074,Bengaluru,2026-08-08 14:41:00,2026-08-08 16:00:48,2026-08-08 14:57:27.174449,2026-08-08 15:59:06.699578,delivered,18.0,high,clear,delivered,1,0.0,-1.69,delivered_on_time,2026-08-08T16:12:54.300659,D074,D074,,eta-v3.1,completed,3,0,0,0,0,0,0,,3,0,0,,6,3,1,16.452907483333334,61.658752150000005,0,0,0,0,Pizza,bike,6.0
O00816,C0306,R053,D102,Bengaluru,2026-08-22 17:32:00,,2026-08-22 18:01:50.470523,2026-08-22 18:41:37.075833,delivered,9.82,high,clear,delivered,1,1.0,7.0,delivered_late,2026-08-22T18:46:20.865189,D102,D102,,eta-v3.1,completed,3,0,0,0,0,0,0,,3,0,1,handed_off,8,5,1,29.841175383333333,39.77675516666667,0,0,0,0,North Indian,scooter,16.0
O00817,C0727,R030,D035,Bengaluru,2026-08-06 17:09:00,2026-08-06 18:27:06,2026-08-06 17:22:57.435562,2026-08-06 18:20:37.792251,delivered,18.0,medium,rain,delivered,1,0.0,-6.47,delivered_on_time,2026-08-06T18:36:06,D035,D035,,eta-v3.1,completed,3,0,0,1,0,0,0,,3,0,0,,7,4,1,13.957259366666667,57.672611483333334,0,0,0,0,South Indian,scooter,5.0
O00818,C0790,R053,D089,Bengaluru,2026-08-10 18:28:00,,2026-08-10 18:43:38.754949,2026-08-10 19:25:30.039218,delivered,14.76,medium,clear,delivered,1,0.0,-11.29,delivered_on_time,2026-08-10T19:40:47.165486,D089,D089,,eta-v3.1,completed,0,0,0,1,0,0,0,,4,0,0,,7,4,1,15.645915816666667,41.85473781666667,0,0,0,0,North Indian,bike,19.0
O00819,C0342,R054,D021,Bengaluru,2026-08-12 18:41:00,2026-08-12 20:00:48,2026-08-12 19:19:26.076991,2026-08-12 20:20:50.220152,delivered,18.0,high,clear,delivered,1,1.0,20.04,delivered_late,2026-08-12T20:13:19.663653,D021,D021,,eta-v3.1,completed,4,0,1,1,1,1,1,DRIVER_REASSIGNMENT,4,1,1,handed_off,6,3,1,38.434616516666665,61.40238601666667,1,1,0,0,South Indian,scooter,38.0
O00820,C0783,R031,D056,Bengaluru,2026-08-15 23:38:00,,2026-08-16 00:09:02.680034,2026-08-16 00:58:49.331485,delivered,15.41,high,rain,delivered,1,1.0,3.96,delivered_late,2026-08-16T01:09:51.718652,D056,D056,,eta-v3.1,completed,1,0,0,0,0,0,0,,4,1,0,,5,2,1,31.044667233333332,49.777524183333334,0,0,0,0,Chinese,scooter,19.0
O00821,C0642,R006,D095,Bengaluru,2026-08-28 11:17:00,,2026-08-28 11:39:22.514193,2026-08-28 12:32:03.677063,delivered,15.05,severe,clear,delivered,1,0.0,-4.15,delivered_on_time,2026-08-28T12:56:29.083245,D095,D095,,eta-v3.1,completed,3,0,0,1,0,0,1,DRIVER_REASSIGNMENT,3,0,0,,7,4,1,22.37523655,52.68604783333333,0,1,0,0,Pizza,bike,6.0
O00822,C0095,R010,D017,Bengaluru,2026-08-04 16:16:00,,2026-08-04 16:40:51.674399,2026-08-04 17:03:27.894153,delivered,6.79,medium,rain,delivered,1,0.0,-7.09,delivered_on_time,2026-08-04T17:19:33.398140,D017,D017,,eta-v3.1,completed,2,0,0,1,1,1,0,,3,0,1,handed_off,8,5,1,24.861239983333334,22.603662566666667,1,0,0,0,North Indian,bike,17.0
O00823,C0301,R001,D107,Bengaluru,2026-08-23 18:17:00,,2026-08-23 18:57:11.020615,2026-08-23 19:40:50.028972,delivered,17.44,low,clear,delivered,1,1.0,12.2,delivered_late,2026-08-23T19:35:42.458829,D056,D107,2026-08-23T18:27:49.480091,eta-v3.2,completed,3,0,1,0,0,0,0,,3,0,0,,5,2,1,40.18367691666666,43.65013928333334,1,0,0,0,South Indian,bike,17.0
O00824,C0399,R035,D023,Bengaluru,2026-08-03 23:56:00,,2026-08-04 00:18:10.147447,,cancelled,17.28,medium,clear,cancelled,0,,,cancelled,2026-08-04T01:14:05.646384,D023,D023,,eta-v3.1,cancelled,0,0,0,0,0,0,0,,2,0,0,,1,0,0,22.16912411666667,,0,0,0,0,North Indian,ebike,27.0
O00825,C0023,R021,D026,Bengaluru,2026-08-08 19:51:00,2026-08-08 21:03:48,2026-08-08 20:09:01.314180,2026-08-08 20:54:58.768926,delivered,18.0,low,clear,delivered,1,0.0,-8.82,delivered_on_time,2026-08-08T21:05:03.998804,D026,D026,,eta-v3.1,completed,2,0,0,0,0,0,1,DRIVER_REASSIGNMENT,3,0,1,ready,5,2,1,18.021903000000002,45.9575791,0,1,0,0,Biryani,scooter,19.0
O00826,C0625,R025,D010,Bengaluru,2026-08-12 18:30:00,2026-08-12 19:45:36,2026-08-12 19:04:05.730714,2026-08-12 19:50:42.166666,delivered,18.0,medium,clear,delivered,1,1.0,5.1,delivered_late,2026-08-12T19:49:36,D010,D010,,eta-v3.2,completed,0,0,0,1,0,0,0,,3,0,0,,8,5,1,34.0955119,46.607265866666665,0,0,0,0,South Indian,ebike,7.0
O00827,C0332,R005,D081,Bengaluru,2026-08-16 19:26:00,2026-08-16 20:41:36,2026-08-16 19:48:42.257515,2026-08-16 20:40:25.871737,delivered,18.0,medium,clear,delivered,1,0.0,-1.17,delivered_on_time,2026-08-16T20:45:36,D081,D081,,eta-v3.1,completed,3,0,0,0,0,0,0,,3,0,0,,7,4,1,22.704291916666666,51.7269037,0,0,0,0,North Indian,scooter,15.0
O00828,C0838,R038,D094,Bengaluru,2026-08-18 19:47:00,2026-08-18 21:02:18,2026-08-18 20:24:35.468933,2026-08-18 21:12:13.348606,delivered,18.0,low,rain,delivered,1,1.0,9.92,delivered_late,2026-08-18T21:15:04.262762,D094,D094,,eta-v3.1,completed,2,0,0,0,0,0,1,CUSTOMER_CREDIT,3,0,1,handed_off,5,2,1,37.59114888333333,47.631327883333334,0,1,0,0,Pizza,bike,24.0
O00829,C0155,R049,D067,Bengaluru,2026-08-09 22:42:00,2026-08-10 00:07:24,2026-08-09 23:09:02.775964,2026-08-10 00:08:48.638223,delivered,18.0,severe,clear,delivered,1,1.0,1.41,delivered_late,2026-08-10T00:25:24,D067,D067,,eta-v3.2,completed,1,0,0,0,0,0,0,,3,0,1,handed_off,8,5,1,27.046266066666664,59.764370983333336,0,0,0,0,Chinese,bike,9.0
O00830,C0553,R020,D046,Bengaluru,2026-08-25 23:14:00,,2026-08-25 23:38:59.284984,,delivered,13.93,high,clear,delivered,1,,,unknown,2026-08-26T00:35:15.186786,D046,D046,,eta-v3.1,completed,3,0,0,0,0,0,0,,2,0,0,,5,2,1,24.988083066666665,,0,0,0,0,Burgers,bike,38.0
O00831,C0880,R019,D037,Bengaluru,2026-08-25 17:52:00,2026-08-25 19:04:48,2026-08-25 18:19:36.740531,,cancelled,18.0,low,clear,cancelled,0,,,cancelled,2026-08-25T19:08:03.360874,D037,D037,,eta-v3.1,cancelled,1,0,0,1,0,0,0,,2,0,0,,1,0,0,27.612342183333332,,0,0,0,0,Cafe,scooter,10.0
O00832,C0643,R017,D045,Bengaluru,2026-08-06 20:43:00,2026-08-06 21:55:48,2026-08-06 21:05:33.192800,2026-08-06 21:52:08.761503,delivered,18.0,low,clear,delivered,1,0.0,-3.65,delivered_on_time,2026-08-06T21:55:48,D045,D045,,eta-v3.2,completed,1,0,0,0,0,0,0,,3,0,0,,7,4,1,22.553213333333336,46.59281171666667,0,0,0,0,North Indian,scooter,21.0
O00833,C0343,R045,D094,Bengaluru,2026-08-20 19:43:00,,2026-08-20 20:19:29.247161,2026-08-20 20:48:48.295012,delivered,9.79,medium,clear,delivered,1,1.0,7.44,delivered_late,2026-08-20T20:45:21.792437,D094,D094,,eta-v3.1,completed,3,0,0,0,0,0,0,,3,0,0,,7,4,1,36.48745268333333,29.317464183333335,0,0,0,0,Cafe,bike,24.0
O00834,C0398,R016,D032,Bengaluru,2026-08-16 20:05:00,2026-08-16 21:20:36,2026-08-16 20:39:04.339337,2026-08-16 21:30:08.134635,delivered,18.0,medium,clear,delivered,1,1.0,9.54,delivered_late,2026-08-16T21:31:51.357621,D032,D032,,eta-v3.1,completed,2,0,0,0,0,0,0,,3,0,0,,8,5,1,34.07232228333333,51.06325496666667,0,0,0,0,Biryani,ebike,5.0
O00835,C0803,R013,D014,Bengaluru,2026-08-14 12:43:00,,2026-08-14 13:07:36.217118,2026-08-14 13:55:26.155154,delivered,16.32,low,rain,delivered,1,1.0,0.66,delivered_late,2026-08-14T13:59:46.487263,D014,D014,,eta-v3.2,completed,1,0,0,1,1,1,1,DRIVER_REASSIGNMENT,4,1,1,handed_off,5,2,1,24.603618633333333,47.8323006,1,1,0,0,Pizza,bike,16.0
O00836,C0263,R029,D070,Bengaluru,2026-08-17 18:57:00,2026-08-17 20:15:06,2026-08-17 19:44:15.440913,2026-08-17 20:35:59.649573,delivered,18.0,medium,rain,delivered,1,1.0,20.89,delivered_late,2026-08-17T20:32:59.063167,D070,D070,,eta-v3.2,completed,0,0,0,0,0,0,0,,3,0,0,,5,2,1,47.257348549999996,51.736810999999996,0,0,0,0,Burgers,bike,22.0
O00837,C0343,R033,D067,Bengaluru,2026-08-21 22:49:00,2026-08-22 00:04:36,2026-08-21 23:14:19.230016,2026-08-22 00:08:31.250876,delivered,18.0,medium,clear,delivered,1,1.0,3.92,delivered_late,2026-08-22T00:09:19.341080,D067,D067,,eta-v3.1,completed,0,0,0,0,0,0,0,,4,0,0,,6,3,1,25.320500266666667,54.200347666666666,0,0,0,0,Cafe,bike,9.0
O00838,C0276,R030,D014,Bengaluru,2026-08-01 18:23:00,,2026-08-01 18:38:43.156359,2026-08-01 19:05:13.824800,delivered,5.35,high,clear,delivered,1,0.0,-11.0,delivered_on_time,2026-08-01T19:26:13.742166,D014,D014,,eta-v3.1,completed,3,0,0,1,0,0,0,,3,0,0,,8,5,1,15.719272649999999,26.511140683333334,0,0,0,0,South Indian,bike,16.0
O00839,C0526,R004,D037,Bengaluru,2026-08-17 22:58:00,,2026-08-17 23:27:27.259821,2026-08-18 00:09:30.201692,delivered,9.7,severe,clear,delivered,1,1.0,3.53,delivered_late,2026-08-18T00:28:08.784458,D037,D037,,eta-v3.2,completed,1,0,0,0,0,0,0,,3,0,0,,6,3,1,29.454330350000003,42.049031183333334,0,0,0,0,South Indian,scooter,10.0
O00840,C0016,R009,D011,Bengaluru,2026-08-07 13:08:00,2026-08-07 14:27:48,2026-08-07 13:29:14.230851,,cancelled,18.0,high,clear,cancelled,0,,,cancelled,2026-08-07T14:37:48,D011,D011,,eta-v3.2,cancelled,3,0,0,0,0,0,0,,2,0,0,,1,0,0,21.23718085,,0,0,0,0,Burgers,scooter,18.0
O00841,C0118,R031,D083,Bengaluru,2026-08-19 18:19:00,2026-08-19 19:38:48,2026-08-19 18:42:04.381848,2026-08-19 19:40:26.637445,delivered,18.0,high,clear,delivered,1,1.0,1.64,delivered_late,2026-08-19T19:52:07.082754,D083,D083,,eta-v3.2,completed,3,0,0,0,0,0,0,,3,0,1,preparing,6,3,1,23.0730308,58.370926616666665,0,0,0,0,Chinese,bike,38.0
O00842,C0660,R042,D116,Bengaluru,2026-08-26 12:42:00,,2026-08-26 13:30:00.981231,2026-08-26 13:56:06.259045,delivered,10.17,low,clear,delivered,1,1.0,17.75,delivered_late,2026-08-26T13:42:04.152171,D116,D116,,eta-v3.2,completed,2,0,0,1,1,1,1,RESTAURANT_CONTACT,3,0,0,,7,4,1,48.01635385,26.087963566666666,1,1,0,0,Chinese,bike,15.0
O00843,C0439,R036,D100,Bengaluru,2026-08-02 21:49:00,,2026-08-02 22:19:43.603646,2026-08-02 22:51:10.627848,delivered,9.41,medium,clear,delivered,1,1.0,4.61,delivered_late,2026-08-02T22:51:12.803195,D100,D100,,eta-v3.1,completed,2,0,0,0,0,0,0,,4,1,0,,8,5,1,30.726727433333334,31.450403366666666,0,0,0,0,North Indian,scooter,7.0
O00844,C0588,R013,D099,Bengaluru,2026-08-25 12:38:00,,2026-08-25 13:13:47.011384,2026-08-25 13:46:40.829338,delivered,12.53,low,clear,delivered,1,1.0,7.36,delivered_late,2026-08-25T13:47:30.526013,D099,D099,,eta-v3.2,completed,2,0,0,0,0,0,0,,3,0,0,,7,4,1,35.78352306666667,32.896965900000005,0,0,0,0,Pizza,bike,6.0
O00845,C0597,R006,D077,Bengaluru,2026-08-16 18:24:00,,2026-08-16 18:56:30.208177,2026-08-16 19:22:52.966966,delivered,1.45,high,rain,delivered,1,1.0,11.34,delivered_late,2026-08-16T19:26:32.755501,D077,D077,,eta-v3.1,completed,0,0,0,1,1,1,1,PRIORITY_DISPATCH,3,0,1,ready,5,2,1,32.50346961666666,26.379313149999998,1,1,0,0,Pizza,bike,4.0
O00846,C0140,R042,D082,Bengaluru,2026-08-18 18:40:00,,2026-08-18 19:04:29.753529,2026-08-18 19:45:04.036445,delivered,15.85,low,clear,delivered,1,0.0,-3.21,delivered_on_time,2026-08-18T19:49:23.082356,D082,D082,,eta-v3.2,completed,0,0,0,1,0,0,0,,3,0,0,,6,3,1,24.49589215,40.571381933333335,0,0,0,0,Chinese,scooter,44.0
O00847,C0481,R013,D035,Bengaluru,2026-08-17 19:17:00,,2026-08-17 19:45:15.416585,2026-08-17 20:16:15.230207,delivered,9.11,medium,clear,delivered,1,1.0,2.32,delivered_late,2026-08-17T20:17:55.935743,D035,D035,,eta-v3.2,completed,3,0,0,0,0,0,0,,3,0,1,preparing,7,4,1,28.256943083333333,30.996893699999998,0,0,0,0,Pizza,scooter,5.0
O00848,C0682,R001,D043,Bengaluru,2026-08-17 13:46:00,2026-08-17 15:05:48,2026-08-17 14:09:18.117199,2026-08-17 15:03:22.390052,delivered,18.0,high,clear,delivered,1,0.0,-2.43,delivered_on_time,2026-08-17T15:15:48,D043,D043,,eta-v3.2,completed,0,0,0,0,0,0,0,,4,0,0,,8,5,1,23.301953316666665,54.07121421666667,0,0,0,0,South Indian,bike,14.0
O00849,C0739,R024,D117,Bengaluru,2026-08-20 12:07:00,2026-08-20 13:34:54,2026-08-20 12:36:21.256784,2026-08-20 13:45:22.878021,delivered,18.0,severe,rain,delivered,1,1.0,10.48,delivered_late,2026-08-20T13:57:54,D117,D117,,eta-v3.2,completed,2,0,1,0,0,0,0,,3,0,0,,8,5,1,29.354279733333332,69.02702061666668,1,0,0,0,South Indian,scooter,34.0
O00850,C0412,R028,D002,Bengaluru,2026-08-16 18:20:00,,2026-08-16 18:43:30.654506,2026-08-16 19:11:36.841928,delivered,11.84,low,clear,delivered,1,0.0,-8.24,delivered_on_time,2026-08-16T19:19:51.236850,D002,D002,,eta-v3.2,completed,1,0,0,0,0,0,0,,3,0,0,,5,2,1,23.510908433333334,28.1031237,0,0,0,0,Biryani,scooter,8.0
O00851,C0584,R015,D083,Bengaluru,2026-08-07 11:42:00,,2026-08-07 11:57:42.201732,2026-08-07 12:42:31.839199,delivered,15.97,medium,clear,delivered,1,0.0,-10.8,delivered_on_time,2026-08-07T12:57:19.986771,D083,D083,,eta-v3.2,completed,0,0,0,0,0,0,0,,3,0,1,preparing,7,4,1,15.703362199999999,44.827291116666665,0,0,0,0,Cafe,bike,38.0
O00852,C0808,R043,D118,Bengaluru,2026-08-08 13:52:00,2026-08-08 15:07:36,2026-08-08 14:35:44.206558,2026-08-08 15:23:48.566562,delivered,18.0,medium,clear,delivered,1,1.0,16.21,delivered_late,2026-08-08T15:15:41.892982,D118,D118,,eta-v3.1,completed,3,0,0,0,0,0,1,PRIORITY_DISPATCH,3,0,1,handed_off,8,5,1,43.73677596666666,48.072666733333335,0,1,0,0,Burgers,bike,7.0
O00853,C0335,R005,D036,Bengaluru,2026-08-04 11:42:00,,2026-08-04 12:11:53.817080,2026-08-04 12:45:05.247031,delivered,7.54,medium,clear,delivered,1,1.0,9.46,delivered_late,2026-08-04T12:39:37.707596,D036,D036,,eta-v3.2,completed,1,0,0,0,0,0,1,DRIVER_REASSIGNMENT,3,0,0,,8,5,1,29.896951333333334,33.19049918333334,0,1,0,0,North Indian,bike,20.0
O00854,C0575,R018,D094,Bengaluru,2026-08-22 18:50:00,2026-08-22 20:09:48,2026-08-22 19:33:11.908823,2026-08-22 20:27:37.081650,delivered,18.0,high,clear,delivered,1,1.0,17.82,delivered_late,2026-08-22T20:27:37.953818,D094,D094,,eta-v3.1,completed,2,0,0,1,1,1,0,,3,0,0,,8,5,1,43.19848038333334,54.419547116666664,1,0,0,0,South Indian,bike,24.0
O00855,C0377,R016,D059,Bengaluru,2026-08-23 16:14:00,2026-08-23 17:32:06,2026-08-23 16:36:22.864159,2026-08-23 17:34:28.591437,delivered,18.0,medium,rain,delivered,1,1.0,2.38,delivered_late,2026-08-23T17:41:08.809822,D093,D059,2026-08-23T16:24:41.169567,eta-v3.2,completed,3,0,0,0,0,0,0,,3,0,1,preparing,7,4,1,22.381069316666665,58.09545463333333,0,0,0,0,Biryani,bike,7.0
O00856,C0735,R048,D086,Bengaluru,2026-08-03 18:22:00,,2026-08-03 18:42:04.921679,2026-08-03 19:19:34.964724,delivered,14.05,medium,clear,delivered,1,0.0,-9.73,delivered_on_time,2026-08-03T19:33:18.716564,D086,D086,,eta-v3.1,completed,2,0,0,0,0,0,0,,4,0,0,,8,5,1,20.082027983333333,37.50071741666667,0,0,0,0,South Indian,bike,28.0
O00857,C0244,R053,D088,Bengaluru,2026-08-23 18:16:00,,2026-08-23 18:47:20.041957,2026-08-23 19:39:46.767632,delivered,16.97,low,rain,delivered,1,1.0,10.64,delivered_late,2026-08-23T19:36:51.843130,D088,D088,,eta-v3.1,completed,3,0,1,1,0,0,0,,3,0,1,ready,6,3,1,31.334032616666665,52.44542791666667,1,0,0,0,North Indian,scooter,28.0
O00858,C0528,R046,D008,Bengaluru,2026-08-02 18:50:00,,2026-08-02 19:09:59.566241,2026-08-02 20:13:45.040736,delivered,13.84,high,heavy_rain,delivered,1,1.0,6.7,delivered_late,2026-08-02T20:29:03.233589,D008,D008,,eta-v3.1,completed,3,0,0,1,0,0,1,PRIORITY_DISPATCH,3,0,0,,6,3,1,19.992770683333333,63.75790825,0,1,0,0,Chinese,ebike,23.0
O00859,C0841,R017,D059,Bengaluru,2026-08-09 20:11:00,,2026-08-09 20:28:21.873701,2026-08-09 21:00:09.009957,delivered,8.27,medium,clear,delivered,1,0.0,-6.01,delivered_on_time,2026-08-09T21:10:09.468610,D059,D059,,eta-v3.1,completed,0,0,0,0,0,0,0,,3,0,1,handed_off,6,3,1,17.36456168333333,31.785604266666667,0,0,0,0,North Indian,bike,7.0
O00860,C0518,R014,D113,Bengaluru,2026-08-17 21:25:00,,2026-08-17 21:43:14.347813,2026-08-17 22:09:38.345727,delivered,8.34,low,clear,delivered,1,0.0,-7.87,delivered_on_time,2026-08-17T22:17:30.618676,D113,D113,,eta-v3.2,completed,0,0,0,0,0,0,1,PRIORITY_DISPATCH,3,0,0,,8,5,1,18.23913021666667,26.399965233333333,0,1,0,0,Biryani,ebike,30.0
O00861,C0183,R022,D058,Bengaluru,2026-08-03 23:08:00,,2026-08-03 23:35:57.627446,2026-08-04 00:18:15.808052,delivered,14.42,low,clear,delivered,1,1.0,4.97,delivered_late,2026-08-04T00:15:39.826924,D058,D058,,eta-v3.2,completed,3,0,0,0,0,0,0,,3,0,1,ready,7,4,1,27.960457433333332,42.3030101,0,0,0,0,South Indian,scooter,15.0
O00862,C0067,R025,D096,Bengaluru,2026-08-09 18:26:00,2026-08-09 19:41:18,2026-08-09 19:16:31.622000,2026-08-09 20:05:24.298945,delivered,18.0,low,rain,delivered,1,1.0,24.1,delivered_late,2026-08-09T19:49:42.236002,D096,D096,,eta-v3.2,completed,2,0,1,2,1,1,1,DRIVER_REASSIGNMENT,3,0,0,,7,4,1,50.52703333333333,48.877949083333334,1,1,0,0,South Indian,bike,20.0
O00863,C0657,R032,D103,Bengaluru,2026-08-25 19:09:00,2026-08-25 20:24:36,2026-08-25 19:34:44.852623,2026-08-25 20:22:30.421397,delivered,18.0,medium,clear,delivered,1,0.0,-2.09,delivered_on_time,2026-08-25T20:29:23.377539,D103,D103,,eta-v3.1,completed,0,0,0,0,0,0,0,,3,0,0,,7,4,1,25.747543716666666,47.75947956666666,0,0,0,0,Pizza,scooter,28.0
O00864,C0237,R018,D076,Bengaluru,2026-08-15 13:03:00,,2026-08-15 13:29:13.485953,2026-08-15 14:08:23.327115,delivered,12.15,medium,clear,delivered,1,1.0,2.07,delivered_late,2026-08-15T14:12:24.227101,D076,D076,,eta-v3.2,completed,3,0,0,0,0,0,0,,3,0,1,preparing,7,4,1,26.224765883333337,39.16401936666667,0,0,0,0,South Indian,bike,9.0
O00865,C0272,R010,D036,Bengaluru,2026-08-28 21:04:00,2026-08-28 22:19:36,2026-08-28 21:18:41.788656,2026-08-28 22:10:01.532718,delivered,18.0,medium,clear,delivered,1,0.0,-9.57,delivered_on_time,2026-08-28T22:23:36,D036,D036,,eta-v3.2,completed,0,0,0,0,0,0,0,,3,0,0,,6,3,1,14.6964776,51.3290677,0,0,0,0,North Indian,bike,20.0
O00866,C0342,R029,D119,Bengaluru,2026-08-11 20:29:00,2026-08-11 21:44:36,2026-08-11 20:45:42.202426,2026-08-11 21:32:27.228041,delivered,18.0,medium,clear,delivered,1,0.0,-12.15,delivered_on_time,2026-08-11T21:48:36,D119,D119,,eta-v3.2,completed,0,0,0,0,0,0,0,,3,0,0,,5,2,1,16.703373766666665,46.75042691666667,0,0,0,0,Burgers,bike,15.0
O00867,C0587,R047,D100,Bengaluru,2026-08-24 18:04:00,,2026-08-24 18:27:22.899075,2026-08-24 19:05:40.020409,delivered,6.32,severe,clear,delivered,1,1.0,0.8,delivered_late,2026-08-24T19:23:41.507780,D100,D100,,eta-v3.1,completed,0,0,0,0,0,0,0,,3,0,1,handed_off,6,3,1,23.38165125,38.28535556666667,0,0,0,0,South Indian,scooter,7.0
O00868,C0881,R021,D008,Bengaluru,2026-08-02 11:00:00,2026-08-02 12:25:24,2026-08-02 11:24:19.405504,2026-08-02 12:32:22.041184,delivered,18.0,severe,clear,delivered,1,1.0,6.97,delivered_late,2026-08-02T12:43:24,D008,D008,,eta-v3.2,completed,0,0,0,1,0,0,1,CUSTOMER_CREDIT,4,0,0,,6,3,1,24.32342506666667,68.043928,0,1,0,0,Biryani,ebike,23.0
O00869,C0519,R033,D010,Bengaluru,2026-08-09 20:50:00,2026-08-09 22:02:48,2026-08-09 21:14:55.116533,2026-08-09 21:58:01.471632,delivered,18.0,low,clear,delivered,1,0.0,-4.78,delivered_on_time,2026-08-09T22:02:48,D010,D010,,eta-v3.2,completed,3,0,0,1,1,1,0,,3,0,0,,7,4,1,24.91860888333333,43.10591831666667,1,0,0,0,Cafe,ebike,7.0
O00870,C0166,R044,D043,Bengaluru,2026-08-27 20:40:00,,2026-08-27 21:05:06.874847,2026-08-27 22:01:01.794127,delivered,17.0,high,clear,delivered,1,1.0,3.32,delivered_late,2026-08-27T22:07:42.489444,D043,D043,,eta-v3.1,completed,2,0,0,0,0,0,0,,3,0,0,,5,2,1,25.114580783333334,55.91532133333333,0,0,0,0,Cafe,bike,14.0
O00871,C0621,R024,D092,Bengaluru,2026-08-17 16:46:00,2026-08-17 18:11:24,2026-08-17 17:02:26.061448,2026-08-17 18:04:22.619317,delivered,18.0,severe,clear,delivered,1,0.0,-7.02,delivered_on_time,2026-08-17T18:31:13.522463,D092,D092,,eta-v3.1,completed,0,0,0,1,0,0,1,RESTAURANT_CONTACT,3,0,1,preparing,6,3,1,16.43435746666667,61.942631150000004,0,1,0,0,South Indian,scooter,7.0
O00872,C0139,R056,D114,Bengaluru,2026-08-18 18:26:00,2026-08-18 19:45:48,2026-08-18 18:57:50.599690,2026-08-18 19:48:35.861226,delivered,18.0,high,clear,delivered,1,1.0,2.8,delivered_late,2026-08-18T19:55:48,D114,D114,,eta-v3.2,completed,0,0,0,0,0,0,1,RESTAURANT_CONTACT,3,0,1,preparing,5,2,1,31.843328166666666,50.754358933333336,0,1,0,0,Biryani,bike,59.0
O00873,C0301,R060,D010,Bengaluru,2026-08-05 17:01:00,,2026-08-05 17:20:52.733979,2026-08-05 17:56:08.815245,delivered,10.22,medium,clear,delivered,1,0.0,-4.12,delivered_on_time,2026-08-05T18:04:16.242666,D010,D010,,eta-v3.1,completed,3,0,0,0,0,0,0,,3,0,1,ready,6,3,1,19.87889965,35.268021100000006,0,0,0,0,Chinese,ebike,7.0
O00874,C0133,R018,D008,Bengaluru,2026-08-06 19:37:00,,2026-08-06 20:31:50.915352,2026-08-06 21:19:29.735858,delivered,17.47,medium,clear,delivered,1,1.0,28.01,delivered_late,2026-08-06T21:03:59.563919,D008,D008,,eta-v3.1,completed,2,0,0,0,0,0,0,,3,0,0,,5,2,1,54.8485892,47.64700843333333,0,0,0,0,South Indian,ebike,23.0
O00875,C0356,R060,D069,Bengaluru,2026-08-10 23:23:00,,2026-08-10 23:57:33.888524,2026-08-11 00:32:44.542189,delivered,6.25,high,rain,delivered,1,1.0,12.12,delivered_late,2026-08-11T00:40:11.967125,D069,D069,,eta-v3.1,completed,4,0,1,0,0,0,1,RESTAURANT_CONTACT,3,0,0,,5,2,1,34.56480873333333,35.17756108333333,1,1,0,0,Chinese,scooter,16.0
O00876,C0754,R007,D095,Bengaluru,2026-08-27 22:50:00,2026-08-28 00:02:48,2026-08-27 23:06:04.179160,2026-08-27 23:48:45.962206,delivered,18.0,low,clear,delivered,1,0.0,-14.03,delivered_on_time,2026-08-28T00:02:48,D095,D095,,eta-v3.2,completed,2,0,0,0,0,0,0,,3,0,0,,8,5,1,16.069652666666666,42.6963841,0,0,0,0,North Indian,bike,6.0
O00877,C0612,R005,D073,Bengaluru,2026-08-20 14:18:00,2026-08-20 15:33:18,2026-08-20 14:42:07.350378,2026-08-20 15:26:50.368469,delivered,18.0,low,rain,delivered,1,0.0,-6.46,delivered_on_time,2026-08-20T15:38:40.825072,D073,D073,,eta-v3.2,completed,1,0,0,0,0,0,0,,3,0,0,,8,5,1,24.1225063,44.71696818333333,0,0,0,0,North Indian,bike,48.0
O00878,C0815,R043,D030,Bengaluru,2026-08-07 15:09:00,,2026-08-07 15:48:13.445935,2026-08-07 16:17:37.155106,delivered,5.25,high,clear,delivered,1,1.0,15.59,delivered_late,2026-08-07T16:20:46.535583,D030,D030,,eta-v3.2,completed,2,0,0,0,0,0,1,RESTAURANT_CONTACT,3,0,0,,7,4,1,39.22409891666667,29.39515285,0,1,0,0,Burgers,scooter,19.0
O00879,C0049,R049,D005,Bengaluru,2026-08-21 19:42:00,,2026-08-21 20:10:28.445315,2026-08-21 20:56:45.964326,delivered,17.62,medium,clear,delivered,1,0.0,-0.05,delivered_on_time,2026-08-21T21:01:40.498341,D005,D005,,eta-v3.1,completed,1,0,0,0,0,0,0,,3,0,0,,5,2,1,28.474088583333334,46.29198351666666,0,0,0,0,Chinese,bike,26.0
O00880,C0345,R060,D038,Bengaluru,2026-08-09 17:52:00,,2026-08-09 18:15:45.666363,2026-08-09 18:53:59.606120,delivered,13.61,medium,clear,delivered,1,0.0,-4.38,delivered_on_time,2026-08-09T19:02:22.514305,D038,D038,,eta-v3.2,completed,0,0,0,0,0,0,0,,3,0,1,preparing,6,3,1,23.761106050000002,38.232329283333335,0,0,0,0,Chinese,bike,22.0
O00881,C0641,R009,D009,Bengaluru,2026-08-14 12:56:00,2026-08-14 14:21:24,2026-08-14 13:29:05.025079,2026-08-14 14:29:15.196188,delivered,18.0,severe,clear,delivered,1,1.0,7.85,delivered_late,2026-08-14T14:40:40.641413,D009,D009,,eta-v3.1,completed,3,0,0,0,0,0,0,,3,0,1,handed_off,5,2,1,33.083751316666664,60.169518483333334,0,0,0,0,Burgers,ebike,15.0
O00882,C0155,R009,D104,Bengaluru,2026-08-26 19:21:00,2026-08-26 20:33:48,2026-08-26 19:41:56.185161,2026-08-26 20:33:05.772625,delivered,18.0,low,clear,delivered,1,0.0,-0.7,delivered_on_time,2026-08-26T20:35:49.783991,D104,D104,,eta-v3.2,completed,2,0,0,0,0,0,1,DRIVER_REASSIGNMENT,3,0,1,ready,6,3,1,20.93641935,51.15979106666667,0,1,0,0,Burgers,bike,30.0
O00883,C0769,R046,D032,Bengaluru,2026-08-15 23:37:00,,2026-08-16 00:07:31.753897,2026-08-16 00:35:31.174890,delivered,5.58,medium,clear,delivered,1,1.0,9.0,delivered_late,2026-08-16T00:30:30.988001,D032,D032,,eta-v3.2,completed,3,0,0,2,1,1,0,,3,0,0,,8,5,1,30.529231616666667,27.990349883333334,1,0,0,0,Chinese,ebike,5.0
O00884,C0177,R011,D011,Bengaluru,2026-08-19 14:16:00,,2026-08-19 14:53:46.243018,2026-08-19 15:35:21.381588,delivered,10.46,medium,clear,delivered,1,1.0,19.59,delivered_late,2026-08-19T15:24:14.971075,D011,D011,,eta-v3.1,completed,3,0,1,1,0,0,1,DRIVER_REASSIGNMENT,3,0,0,,8,5,1,37.77071696666667,41.58564283333333,1,1,0,0,Chinese,scooter,18.0
O00885,C0316,R044,D078,Bengaluru,2026-08-18 20:34:00,,2026-08-18 20:53:29.589466,2026-08-18 21:45:28.988525,delivered,12.48,severe,clear,delivered,1,0.0,-2.33,delivered_on_time,2026-08-18T22:07:14.856291,D078,D078,,eta-v3.1,completed,0,0,0,0,0,0,1,RESTAURANT_CONTACT,3,0,0,,6,3,1,19.493157766666666,51.989984316666664,0,1,0,0,Cafe,bike,18.0
O00886,C0282,R002,D085,Bengaluru,2026-08-28 14:24:00,2026-08-28 15:39:36,2026-08-28 14:42:29.214162,2026-08-28 15:35:47.311797,delivered,18.0,medium,clear,delivered,1,0.0,-3.81,delivered_on_time,2026-08-28T15:43:37.881563,D085,D085,,eta-v3.2,completed,1,0,0,0,0,0,0,,3,0,0,,6,3,1,18.486902699999998,53.30162725,0,0,0,0,Burgers,bike,26.0
O00887,C0579,R048,D044,Bengaluru,2026-08-10 19:26:00,2026-08-10 20:38:48,2026-08-10 19:51:40.676427,2026-08-10 20:38:51.484045,delivered,18.0,low,clear,delivered,1,1.0,0.06,delivered_late,2026-08-10T20:38:48,D044,D044,,eta-v3.1,completed,1,0,0,0,0,0,0,,4,0,0,,6,3,1,25.67794045,47.18012696666666,0,0,0,0,South Indian,scooter,19.0
O00888,C0774,R056,D086,Bengaluru,2026-08-08 12:49:00,2026-08-08 14:11:18,2026-08-08 13:15:59.428158,2026-08-08 14:18:26.668317,delivered,18.0,high,rain,delivered,1,1.0,7.14,delivered_late,2026-08-08T14:26:18,D086,D086,,eta-v3.2,completed,1,0,0,1,0,0,1,RESTAURANT_CONTACT,3,0,1,preparing,8,5,1,26.990469299999997,62.45400265,0,1,0,0,Biryani,bike,28.0
O00889,C0035,R007,D050,Bengaluru,2026-08-13 20:34:00,2026-08-13 21:59:24,2026-08-13 20:56:29.200377,2026-08-13 21:57:13.014797,delivered,18.0,severe,clear,delivered,1,0.0,-2.18,delivered_on_time,2026-08-13T22:17:24,D050,D050,,eta-v3.1,completed,0,0,0,1,0,0,1,DRIVER_REASSIGNMENT,4,0,0,,6,3,1,22.48667295,60.730240333333334,0,1,0,0,North Indian,bike,59.0
O00890,C0883,R038,D021,Bengaluru,2026-08-25 19:01:00,2026-08-25 20:16:36,2026-08-25 19:16:59.209476,2026-08-25 20:11:29.181119,delivered,18.0,medium,clear,delivered,1,0.0,-5.11,delivered_on_time,2026-08-25T20:21:13.556095,D021,D021,,eta-v3.1,completed,2,0,0,0,0,0,1,RESTAURANT_CONTACT,3,0,0,,8,5,1,15.9868246,54.49952738333333,0,1,0,0,Pizza,scooter,38.0
O00891,C0733,R049,D040,Bengaluru,2026-08-22 22:49:00,,2026-08-22 23:12:51.902718,2026-08-22 23:56:47.317381,delivered,13.55,medium,clear,delivered,1,1.0,1.54,delivered_late,2026-08-22T23:59:15.184583,D040,D040,,eta-v3.1,completed,2,0,0,0,0,0,1,DRIVER_REASSIGNMENT,3,0,0,,5,2,1,23.865045300000002,43.923577716666664,0,1,0,0,Chinese,bike,27.0
O00892,C0385,R025,D054,Bengaluru,2026-08-21 17:47:00,2026-08-21 19:12:48,2026-08-21 18:26:09.674686,2026-08-21 19:33:40.281369,delivered,18.0,high,heavy_rain,delivered,1,1.0,20.87,delivered_late,2026-08-21T19:34:48,D054,D054,,eta-v3.1,completed,0,0,0,0,0,0,0,,3,0,0,,7,4,1,39.16124476666666,67.51011138333334,0,0,0,0,South Indian,bike,15.0
O00893,C0556,R051,D081,Bengaluru,2026-08-08 16:52:00,,2026-08-08 17:43:55.003435,2026-08-08 18:25:17.031993,delivered,11.98,medium,clear,delivered,1,1.0,30.32,delivered_late,2026-08-08T18:09:41.353858,D081,D081,,eta-v3.1,completed,4,0,1,0,0,0,0,,3,0,0,,8,5,1,51.91672391666667,41.36714263333333,1,0,0,0,Cafe,scooter,15.0
O00894,C0875,R047,D020,Bengaluru,2026-08-14 11:18:00,,2026-08-14 11:49:29.819041,2026-08-14 12:29:23.728062,delivered,13.37,medium,clear,delivered,1,1.0,5.52,delivered_late,2026-08-14T12:30:14.188052,D020,D020,,eta-v3.1,completed,1,0,0,0,0,0,0,,4,1,0,,7,4,1,31.496984016666666,39.89848368333333,0,0,0,0,South Indian,bike,10.0
O00895,C0346,R043,D068,Bengaluru,2026-08-03 14:17:00,,2026-08-03 14:42:13.162687,2026-08-03 15:16:40.717322,delivered,8.85,medium,clear,delivered,1,1.0,3.29,delivered_late,2026-08-03T15:18:11.872201,D068,D068,,eta-v3.2,completed,3,0,0,0,0,0,0,,3,0,1,handed_off,7,4,1,25.219378116666668,34.459243916666665,0,0,0,0,Burgers,scooter,1.0
O00896,C0653,R013,D001,Bengaluru,2026-08-14 12:21:00,,2026-08-14 13:15:49.285212,2026-08-14 14:00:22.095090,delivered,14.65,medium,clear,delivered,1,1.0,30.8,delivered_late,2026-08-14T13:45:30.737166,D001,D001,,eta-v3.2,completed,2,0,0,1,0,0,1,DRIVER_REASSIGNMENT,3,0,0,,5,2,1,54.8214202,44.5468313,0,1,0,0,Pizza,bike,31.0
O00897,C0149,R055,D070,Bengaluru,2026-08-18 21:15:00,2026-08-18 22:27:48,2026-08-18 21:35:03.529951,2026-08-18 22:24:19.611152,delivered,18.0,low,clear,delivered,1,0.0,-3.47,delivered_on_time,2026-08-18T22:27:48,D028,D070,2026-08-18T21:22:52.230679,eta-v3.1,completed,3,0,0,0,0,0,0,,3,0,1,preparing,6,3,1,20.058832516666666,49.26802001666667,0,0,0,0,Burgers,bike,22.0
O00898,C0680,R037,D046,Bengaluru,2026-08-09 18:46:00,,2026-08-09 19:15:21.344760,2026-08-09 20:01:37.346141,delivered,13.4,high,clear,delivered,1,1.0,5.49,delivered_late,2026-08-09T20:06:07.924199,D046,D046,,eta-v3.2,completed,1,0,0,0,0,0,0,,3,0,0,,8,5,1,29.355746,46.26668968333333,0,0,0,0,Cafe,bike,38.0
O00899,C0577,R044,D093,Bengaluru,2026-08-14 15:38:00,2026-08-14 16:59:36,2026-08-14 16:03:00.914580,2026-08-14 17:00:11.093410,delivered,18.0,medium,heavy_rain,delivered,1,1.0,0.58,delivered_late,2026-08-14T17:15:36,D093,D093,,eta-v3.1,completed,3,0,0,0,0,0,1,RESTAURANT_CONTACT,3,0,0,,6,3,1,25.015242999999998,57.169647166666664,0,1,0,0,Cafe,ebike,28.0
O00900,C0106,R039,D066,Bengaluru,2026-08-24 11:04:00,2026-08-24 12:23:48,2026-08-24 11:25:34.205756,2026-08-24 12:25:10.238259,delivered,18.0,high,clear,delivered,1,1.0,1.37,delivered_late,2026-08-24T12:33:48,D066,D066,,eta-v3.1,completed,3,0,0,0,0,0,1,PRIORITY_DISPATCH,3,0,0,,7,4,1,21.570095933333334,59.60054171666666,0,1,0,0,Biryani,scooter,21.0
O00901,C0629,R015,D100,Bengaluru,2026-08-28 17:26:00,2026-08-28 18:41:36,2026-08-28 17:55:39.325212,2026-08-28 18:43:35.316572,delivered,18.0,medium,clear,delivered,1,1.0,1.99,delivered_late,2026-08-28T18:45:36,D100,D100,,eta-v3.1,completed,0,0,0,0,0,0,0,,3,0,1,preparing,6,3,1,29.6554202,47.93318933333333,0,0,0,0,Cafe,scooter,7.0
O00902,C0381,R012,D069,Bengaluru,2026-08-09 11:29:00,,2026-08-09 11:53:35.047998,2026-08-09 12:22:12.015363,delivered,9.51,low,rain,delivered,1,0.0,-4.27,delivered_on_time,2026-08-09T12:31:28.417076,D069,D069,,eta-v3.2,completed,0,0,0,0,0,0,0,,3,0,0,,7,4,1,24.5841333,28.61612275,0,0,0,0,Biryani,scooter,16.0
O00903,C0631,R044,D010,Bengaluru,2026-08-03 19:22:00,,2026-08-03 19:51:14.447217,2026-08-03 20:37:53.421810,delivered,15.9,medium,clear,delivered,1,1.0,4.71,delivered_late,2026-08-03T20:37:54.001752,D010,D010,,eta-v3.2,completed,3,0,0,0,0,0,0,,3,0,0,,6,3,1,29.240786949999997,46.64957655,0,0,0,0,Cafe,ebike,7.0
O00904,C0311,R057,D088,Bengaluru,2026-08-08 23:35:00,,2026-08-09 00:21:31.303143,2026-08-09 01:06:12.757872,delivered,15.61,medium,rain,delivered,1,1.0,18.12,delivered_late,2026-08-09T01:04:19.823948,D088,D088,,eta-v3.2,completed,2,0,1,0,0,0,0,,4,0,1,preparing,5,2,1,46.52171905,44.69091215,1,0,0,0,Cafe,scooter,28.0
O00905,C0664,R049,D023,Bengaluru,2026-08-04 15:18:00,2026-08-04 16:33:36,2026-08-04 15:48:07.415195,2026-08-04 16:40:48.665714,delivered,18.0,medium,clear,delivered,1,1.0,7.21,delivered_late,2026-08-04T16:39:24.129363,D023,D023,,eta-v3.1,completed,3,0,0,0,0,0,0,,4,0,0,,5,2,1,30.123586583333335,52.687508650000005,0,0,0,0,Chinese,ebike,27.0
O00906,C0203,R050,D080,Bengaluru,2026-08-25 19:35:00,,2026-08-25 20:08:26.805752,2026-08-25 20:53:29.750617,delivered,14.88,medium,clear,delivered,1,1.0,9.45,delivered_late,2026-08-25T20:49:47.371469,D080,D080,,eta-v3.2,completed,3,0,0,0,0,0,0,,3,0,0,,8,5,1,33.446762533333334,45.049081083333334,0,0,0,0,Cafe,bike,12.0
O00907,C0631,R015,D046,Bengaluru,2026-08-20 13:15:00,,2026-08-20 13:24:36.707624,2026-08-20 13:55:11.360812,delivered,6.79,medium,rain,delivered,1,0.0,-14.36,delivered_on_time,2026-08-20T14:18:39.059207,D046,D046,,eta-v3.1,completed,2,0,0,0,0,0,0,,4,0,0,,5,2,1,9.611793733333334,30.577553133333332,0,0,0,0,Cafe,bike,38.0
O00908,C0459,R035,D044,Bengaluru,2026-08-14 21:13:00,2026-08-14 22:28:36,2026-08-14 21:25:31.034393,2026-08-14 22:08:55.755524,delivered,18.0,medium,clear,delivered,1,0.0,-19.67,delivered_on_time,2026-08-14T22:32:36,D044,D044,,eta-v3.1,completed,3,0,0,0,0,0,0,,4,1,0,,6,3,1,12.517239883333334,43.412018849999995,0,0,0,0,North Indian,scooter,19.0
O00909,C0697,R026,D048,Bengaluru,2026-08-19 17:17:00,2026-08-19 18:39:18,2026-08-19 17:57:51.008216,2026-08-19 19:03:00.986423,delivered,18.0,high,rain,delivered,1,1.0,23.72,delivered_late,2026-08-19T18:54:40.354619,D048,D048,,eta-v3.1,completed,0,0,0,0,0,0,1,RESTAURANT_CONTACT,3,0,0,,7,4,1,40.85013693333334,65.16630345,0,1,0,0,Desserts,bike,11.0
O00910,C0464,R057,D106,Bengaluru,2026-08-27 18:13:00,,2026-08-27 18:42:49.058441,,delivered,13.43,high,rain,delivered,1,,,unknown,2026-08-27T19:46:43.788433,D106,D106,,eta-v3.2,completed,2,0,0,0,0,0,0,,2,0,1,handed_off,6,3,1,29.81764068333333,,0,0,0,0,Cafe,bike,24.0
O00911,C0396,R053,D055,Bengaluru,2026-08-01 19:12:00,,2026-08-01 19:29:50.578659,2026-08-01 19:50:16.359030,delivered,6.48,low,clear,delivered,1,0.0,-10.34,delivered_on_time,2026-08-01T20:00:36.630456,D055,D055,,eta-v3.2,completed,0,0,0,0,0,0,0,,3,0,1,handed_off,8,5,1,17.84297765,20.42967285,0,0,0,0,North Indian,bike,14.0
O00912,C0141,R004,D029,Bengaluru,2026-08-21 20:48:00,,2026-08-21 21:32:19.043090,,delivered,2.13,medium,clear,delivered,1,,,unknown,2026-08-21T21:34:16.837667,D029,D029,,eta-v3.1,completed,2,0,0,0,0,0,0,,2,0,1,ready,8,5,1,44.317384833333335,,0,0,0,0,South Indian,bike,19.0
O00913,C0692,R035,D028,Bengaluru,2026-08-08 19:10:00,2026-08-08 20:25:36,2026-08-08 19:25:54.262575,2026-08-08 20:13:41.763931,delivered,18.0,medium,clear,delivered,1,0.0,-11.9,delivered_on_time,2026-08-08T20:29:36,D028,D028,,eta-v3.2,completed,0,0,0,1,0,0,0,,3,0,0,,6,3,1,15.90437625,47.79168926666667,0,0,0,0,North Indian,bike,10.0
O00914,C0281,R019,D022,Bengaluru,2026-08-07 22:27:00,2026-08-07 23:42:18,2026-08-07 22:52:43.990541,2026-08-07 23:48:57.849507,delivered,18.0,low,rain,delivered,1,1.0,6.66,delivered_late,2026-08-07T23:47:42.696328,D022,D022,,eta-v3.1,completed,2,0,0,0,0,0,1,DRIVER_REASSIGNMENT,3,0,1,preparing,7,4,1,25.733175683333332,56.23098276666666,0,1,0,0,Cafe,scooter,35.0
O00915,C0827,R049,D115,Bengaluru,2026-08-04 20:08:00,2026-08-04 21:27:48,2026-08-04 20:27:51.211454,2026-08-04 21:24:40.009352,delivered,18.0,high,clear,delivered,1,0.0,-3.13,delivered_on_time,2026-08-04T21:38:50.564263,D115,D115,,eta-v3.1,completed,1,0,0,0,0,0,1,CUSTOMER_CREDIT,3,0,1,preparing,6,3,1,19.853524233333335,56.8132983,0,1,0,0,Chinese,bike,20.0
O00916,C0082,R037,D088,Bengaluru,2026-08-02 18:38:00,2026-08-02 19:53:36,2026-08-02 19:17:27.622241,2026-08-02 20:04:25.336872,delivered,18.0,medium,clear,delivered,1,1.0,10.82,delivered_late,2026-08-02T19:57:36,D088,D088,,eta-v3.1,completed,2,0,1,0,0,0,0,,3,0,0,,8,5,1,39.46037068333333,46.96191051666666,1,0,0,0,Cafe,scooter,28.0
O00917,C0531,R044,D111,Bengaluru,2026-08-17 13:28:00,2026-08-17 14:40:48,2026-08-17 13:50:59.936796,2026-08-17 14:34:54.491923,delivered,18.0,low,clear,delivered,1,0.0,-5.89,delivered_on_time,2026-08-17T14:40:48,D111,D111,,eta-v3.2,completed,1,0,0,0,0,0,0,,3,0,0,,5,2,1,22.9989466,43.90925211666667,0,0,0,0,Cafe,bike,30.0
O00918,C0694,R046,D005,Bengaluru,2026-08-23 11:51:00,,2026-08-23 11:58:59.039467,2026-08-23 12:52:49.800003,delivered,16.81,high,clear,delivered,1,0.0,-15.46,delivered_on_time,2026-08-23T13:18:17.565553,D005,D005,,eta-v3.2,completed,3,0,0,0,0,0,1,RESTAURANT_CONTACT,3,0,1,ready,5,2,1,7.983991116666667,53.84600893333333,0,1,0,0,Chinese,bike,26.0
O00919,C0698,R039,D061,Bengaluru,2026-08-21 17:50:00,,2026-08-21 18:15:18.974724,2026-08-21 18:55:52.875706,delivered,5.34,high,heavy_rain,delivered,1,1.0,6.67,delivered_late,2026-08-21T19:15:14.917337,D061,D061,,eta-v3.2,completed,2,0,0,0,0,0,0,,3,0,0,,7,4,1,25.3162454,40.56501636666667,0,0,0,0,Biryani,bike,32.0
O00920,C0520,R011,D075,Bengaluru,2026-08-18 18:31:00,,2026-08-18 19:06:57.935930,2026-08-18 19:44:23.256844,delivered,10.27,medium,clear,delivered,1,1.0,14.02,delivered_late,2026-08-18T19:35:51.955977,D049,D075,2026-08-18T18:47:13.934292,eta-v3.2,completed,0,0,0,0,0,0,0,,3,0,0,,5,2,1,35.96559883333334,37.42201523333333,0,0,0,0,Chinese,bike,22.0
O00921,C0403,R046,D043,Bengaluru,2026-08-09 21:24:00,,2026-08-09 21:46:37.235222,2026-08-09 22:19:45.866925,delivered,11.35,medium,clear,delivered,1,0.0,-5.87,delivered_on_time,2026-08-09T22:30:23.911349,D043,D043,,eta-v3.1,completed,0,0,0,1,0,0,0,,3,0,1,ready,7,4,1,22.620587033333333,33.14386171666667,0,0,0,0,Chinese,bike,14.0
O00922,C0316,R002,D041,Bengaluru,2026-08-10 20:50:00,2026-08-10 22:05:36,2026-08-10 21:25:33.528774,2026-08-10 22:12:01.457805,delivered,18.0,medium,clear,delivered,1,1.0,6.42,delivered_late,2026-08-10T22:09:37.547980,D041,D041,,eta-v3.2,completed,1,0,0,0,0,0,0,,3,0,0,,5,2,1,35.5588129,46.465483850000005,0,0,0,0,Burgers,bike,83.0
O00923,C0426,R038,D097,Bengaluru,2026-08-28 22:11:00,2026-08-28 23:23:48,2026-08-28 22:27:00.325850,2026-08-28 23:10:01.755244,delivered,18.0,low,clear,delivered,1,0.0,-13.77,delivered_on_time,2026-08-28T23:23:48,D097,D097,,eta-v3.1,completed,3,0,0,1,0,0,1,CUSTOMER_CREDIT,3,0,1,preparing,7,4,1,16.00543083333333,43.02382323333333,0,1,0,0,Pizza,ebike,19.0
O00924,C0674,R026,D114,Bengaluru,2026-08-08 18:24:00,2026-08-08 19:43:48,2026-08-08 18:49:29.498545,2026-08-08 19:45:49.739067,delivered,18.0,high,clear,delivered,1,1.0,2.03,delivered_late,2026-08-08T19:54:37.986192,D114,D114,,eta-v3.2,completed,3,0,0,1,1,1,0,,3,0,0,,7,4,1,25.491642416666664,56.337342033333336,1,0,0,0,Desserts,bike,59.0
O00925,C0896,R057,D048,Bengaluru,2026-08-10 17:10:00,2026-08-10 18:25:18,2026-08-10 17:40:22.871461,2026-08-10 18:34:33.794477,delivered,18.0,low,rain,delivered,1,1.0,9.26,delivered_late,2026-08-10T18:30:18,D048,D048,,eta-v3.1,completed,2,0,1,1,1,1,0,,3,0,2,preparing,7,4,1,30.381191016666666,54.18205026666667,1,0,0,0,Cafe,bike,11.0
O00926,C0462,R054,D098,Bengaluru,2026-08-21 17:22:00,2026-08-21 18:47:24,2026-08-21 17:39:31.861459,2026-08-21 18:46:53.310715,delivered,18.0,severe,clear,delivered,1,0.0,-0.51,delivered_on_time,2026-08-21T19:05:24,D098,D098,,eta-v3.2,completed,1,0,0,1,0,0,0,,4,1,0,,6,3,1,17.531024316666667,67.3574876,0,0,0,0,South Indian,scooter,7.0
O00927,C0705,R046,D106,Bengaluru,2026-08-01 19:30:00,,2026-08-01 19:55:28.070556,2026-08-01 20:28:48.650446,delivered,10.12,medium,clear,delivered,1,0.0,-0.23,delivered_on_time,2026-08-01T20:34:08.476050,D106,D106,,eta-v3.1,completed,2,0,0,0,0,0,0,,3,0,0,,5,2,1,25.467842599999997,33.34299816666667,0,0,0,0,Chinese,bike,24.0
O00928,C0249,R019,D056,Bengaluru,2026-08-17 18:53:00,2026-08-17 20:18:24,2026-08-17 19:25:58.392322,2026-08-17 20:30:29.772368,delivered,18.0,severe,clear,delivered,1,1.0,12.1,delivered_late,2026-08-17T20:38:41.693728,D056,D056,,eta-v3.1,completed,0,0,0,0,0,0,1,CUSTOMER_CREDIT,3,0,0,,5,2,1,32.97320536666667,64.52300076666667,0,1,0,0,Cafe,scooter,19.0
O00929,C0859,R051,D094,Bengaluru,2026-08-07 22:13:00,,2026-08-07 22:26:13.383789,2026-08-07 23:14:54.509048,delivered,7.76,severe,rain,delivered,1,0.0,-4.49,delivered_on_time,2026-08-07T23:42:24.176783,D094,D094,,eta-v3.1,completed,1,0,0,1,0,0,0,,3,0,0,,5,2,1,13.22306315,48.68542098333333,0,0,0,0,Cafe,bike,24.0
O00930,C0220,R022,D120,Bengaluru,2026-08-15 18:46:00,,2026-08-15 19:36:31.818799,2026-08-15 20:19:42.080527,delivered,10.58,high,clear,delivered,1,1.0,29.48,delivered_late,2026-08-15T20:09:47.587559,D120,D120,,eta-v3.1,completed,1,0,0,1,1,1,0,,3,0,0,,7,4,1,50.53031331666667,43.1710288,1,0,0,0,South Indian,scooter,22.0
O00931,C0388,R030,D087,Bengaluru,2026-08-03 22:58:00,2026-08-04 00:17:48,2026-08-03 23:18:00.013146,2026-08-04 00:06:19.307256,delivered,18.0,high,clear,delivered,1,0.0,-11.48,delivered_on_time,2026-08-04T00:27:48,D087,D087,,eta-v3.2,completed,2,0,0,1,0,0,0,,3,0,1,preparing,5,2,1,20.0002191,48.3215685,0,0,0,0,South Indian,bike,62.0
O00932,C0454,R021,D071,Bengaluru,2026-08-27 11:51:00,2026-08-27 13:03:48,2026-08-27 12:18:36.015414,2026-08-27 13:02:17.700334,delivered,18.0,low,clear,delivered,1,0.0,-1.5,delivered_on_time,2026-08-27T13:06:29.423276,D071,D071,,eta-v3.1,completed,1,0,0,0,0,0,0,,3,0,0,,7,4,1,27.600256899999998,43.69474866666667,0,0,0,0,Biryani,scooter,30.0
O00933,C0645,R051,D010,Bengaluru,2026-08-20 12:46:00,2026-08-20 14:08:18,2026-08-20 13:10:01.418201,2026-08-20 14:08:46.929272,delivered,18.0,high,rain,delivered,1,1.0,0.48,delivered_late,2026-08-20T14:23:18,D010,D010,,eta-v3.1,completed,2,0,0,0,0,0,1,DRIVER_REASSIGNMENT,4,0,0,,5,2,1,24.023636683333333,58.75851785,0,1,0,0,Cafe,ebike,7.0
O00934,C0761,R027,D117,Bengaluru,2026-08-21 20:18:00,2026-08-21 21:30:48,2026-08-21 20:50:24.075543,2026-08-21 21:38:25.193680,delivered,18.0,low,clear,delivered,1,1.0,7.62,delivered_late,2026-08-21T21:35:29.798996,D117,D117,,eta-v3.2,completed,0,0,0,0,0,0,0,,3,0,0,,6,3,1,32.40125905,48.018635616666664,0,0,0,0,Biryani,scooter,34.0
O00935,C0094,R060,D060,Bengaluru,2026-08-03 15:17:00,,2026-08-03 15:47:25.208803,2026-08-03 16:15:47.593295,delivered,8.36,medium,clear,delivered,1,1.0,3.44,delivered_late,2026-08-03T16:24:46.890094,D060,D060,,eta-v3.2,completed,1,0,0,0,0,0,0,,3,0,1,preparing,5,2,1,30.420146716666668,28.373074866666666,0,0,0,0,Chinese,bike,24.0
O00936,C0767,R055,D068,Bengaluru,2026-08-25 20:15:00,,2026-08-25 20:42:30.754239,2026-08-25 21:30:43.188479,delivered,17.85,medium,clear,delivered,1,1.0,0.44,delivered_late,2026-08-25T21:34:16.538034,D068,D068,,eta-v3.1,completed,1,0,0,0,0,0,0,,3,0,1,preparing,5,2,1,27.51257065,48.20723733333333,0,0,0,0,Burgers,scooter,1.0
O00937,C0889,R050,D054,Bengaluru,2026-08-28 23:33:00,,2026-08-28 23:54:28.597113,2026-08-29 00:39:43.777639,delivered,13.23,high,clear,delivered,1,0.0,-3.06,delivered_on_time,2026-08-29T00:53:27.108992,D054,D054,,eta-v3.2,completed,3,0,0,1,0,0,0,,3,0,0,,6,3,1,21.47661855,45.25300876666667,0,0,0,0,Cafe,bike,15.0
O00938,C0321,R055,D119,Bengaluru,2026-08-11 17:52:00,2026-08-11 19:07:36,2026-08-11 18:15:40.657672,2026-08-11 19:00:57.561680,delivered,18.0,medium,clear,delivered,1,0.0,-6.64,delivered_on_time,2026-08-11T19:12:09.227264,D119,D119,,eta-v3.1,completed,2,0,0,0,0,0,0,,4,1,0,,7,4,1,23.67762786666667,45.281733466666665,0,0,0,0,Burgers,bike,15.0
O00939,C0415,R032,D081,Bengaluru,2026-08-18 11:33:00,2026-08-18 13:00:54,2026-08-18 12:07:21.023050,2026-08-18 13:16:37.480128,delivered,18.0,severe,rain,delivered,1,1.0,15.72,delivered_late,2026-08-18T13:23:54,D081,D081,,eta-v3.1,completed,2,0,1,0,0,0,1,PRIORITY_DISPATCH,4,0,0,,6,3,1,34.350384166666664,69.27428463333334,1,1,0,0,Pizza,scooter,15.0
O00940,C0404,R052,D050,Bengaluru,2026-08-02 12:23:00,,2026-08-02 13:00:06.026978,2026-08-02 13:44:50.834107,delivered,15.01,medium,clear,delivered,1,1.0,12.52,delivered_late,2026-08-02T13:36:19.563918,D050,D050,,eta-v3.2,completed,3,0,0,0,0,0,1,DRIVER_REASSIGNMENT,3,0,0,,5,2,1,37.100449633333334,44.74678548333333,0,1,0,0,Desserts,bike,59.0
O00941,C0826,R060,D002,Bengaluru,2026-08-09 19:10:00,,2026-08-09 19:48:57.976221,2026-08-09 20:26:41.904963,delivered,11.85,medium,clear,delivered,1,1.0,14.01,delivered_late,2026-08-09T20:17:50.153235,D002,D002,,eta-v3.2,completed,0,0,0,1,1,1,0,,3,0,1,preparing,8,5,1,38.966270349999995,37.732145700000004,1,0,0,0,Chinese,scooter,8.0
O00942,C0834,R010,D025,Bengaluru,2026-08-21 22:15:00,,2026-08-21 22:38:27.910246,2026-08-21 23:04:04.667779,delivered,10.09,low,clear,delivered,1,0.0,-7.1,delivered_on_time,2026-08-21T23:11:10.781504,D025,D025,,eta-v3.1,completed,2,0,0,0,0,0,0,,4,0,1,preparing,6,3,1,23.465170766666667,25.61262555,0,0,0,0,North Indian,bike,28.0
O00943,C0063,R050,D105,Bengaluru,2026-08-08 16:09:00,2026-08-08 17:28:48,2026-08-08 16:35:07.654140,2026-08-08 17:31:53.980700,delivered,18.0,high,clear,delivered,1,1.0,3.1,delivered_late,2026-08-08T17:38:48,D072,D105,2026-08-08T16:16:12.367875,eta-v3.2,completed,2,0,0,0,0,0,0,,3,0,0,,8,5,1,26.127569,56.77210933333333,0,0,0,0,Cafe,bike,18.0
O00944,C0276,R030,D115,Bengaluru,2026-08-10 18:46:00,,2026-08-10 19:07:29.909754,2026-08-10 19:26:43.171400,delivered,5.35,medium,clear,delivered,1,0.0,-8.31,delivered_on_time,2026-08-10T19:39:07.297115,D115,D115,,eta-v3.1,completed,1,0,0,1,0,0,0,,3,0,0,,5,2,1,21.4984959,19.221027433333333,0,0,0,0,South Indian,bike,20.0
O00945,C0309,R019,D015,Bengaluru,2026-08-27 11:22:00,2026-08-27 12:49:54,2026-08-27 12:06:10.185039,2026-08-27 13:13:42.369252,delivered,18.0,severe,rain,delivered,1,1.0,23.81,delivered_late,2026-08-27T13:18:41.210879,D015,D015,,eta-v3.1,completed,0,0,0,0,0,0,0,,3,0,0,,7,4,1,44.16975065,67.53640355,0,0,0,0,Cafe,ebike,23.0
O00946,C0815,R002,D092,Bengaluru,2026-08-18 17:24:00,2026-08-18 18:39:36,2026-08-18 17:40:28.298049,2026-08-18 18:28:10.688777,delivered,18.0,medium,clear,delivered,1,0.0,-11.42,delivered_on_time,2026-08-18T18:43:36,D092,D092,,eta-v3.1,completed,1,0,0,0,0,0,0,,3,0,0,,7,4,1,16.47163415,47.706512133333334,0,0,0,0,Burgers,scooter,7.0
O00947,C0814,R001,D091,Bengaluru,2026-08-07 20:25:00,2026-08-07 21:40:36,2026-08-07 20:54:35.484502,2026-08-07 21:49:06.516180,delivered,18.0,medium,clear,delivered,1,1.0,8.51,delivered_late,2026-08-07T21:44:36,D004,D091,2026-08-07T20:38:58.292018,eta-v3.1,completed,3,0,1,0,0,0,1,DRIVER_REASSIGNMENT,3,0,0,,6,3,1,29.591408366666666,54.51719463333333,1,1,0,0,South Indian,bike,47.0
O00948,C0345,R043,D040,Bengaluru,2026-08-20 17:56:00,,2026-08-20 18:40:54.640680,2026-08-20 19:15:33.413404,delivered,7.5,medium,heavy_rain,delivered,1,1.0,20.0,delivered_late,2026-08-20T19:20:14.721315,D040,D040,,eta-v3.2,completed,1,0,0,1,0,0,0,,3,0,0,,5,2,1,44.910678,34.64621206666666,0,0,0,0,Burgers,bike,27.0
O00949,C0265,R008,D093,Bengaluru,2026-08-17 11:41:00,,2026-08-17 11:56:10.130664,2026-08-17 12:22:57.374211,delivered,6.05,medium,clear,delivered,1,0.0,-8.55,delivered_on_time,2026-08-17T12:35:30.113802,D093,D093,,eta-v3.1,completed,2,0,0,1,0,0,0,,3,0,0,,8,5,1,15.168844400000001,26.787392450000002,0,0,0,0,Cafe,ebike,28.0
O00950,C0070,R004,D020,Bengaluru,2026-08-09 11:31:00,2026-08-09 12:46:36,2026-08-09 12:01:55.702225,2026-08-09 12:55:17.477630,delivered,18.0,medium,clear,delivered,1,1.0,8.69,delivered_late,2026-08-09T12:50:36,D020,D020,,eta-v3.2,completed,2,0,0,0,0,0,0,,3,0,1,handed_off,6,3,1,30.928370416666667,53.36292341666667,0,0,0,0,South Indian,bike,10.0
O00951,C0077,R053,D022,Bengaluru,2026-08-28 18:40:00,,2026-08-28 19:01:47.707494,2026-08-28 19:33:34.625091,delivered,6.3,high,rain,delivered,1,0.0,-4.15,delivered_on_time,2026-08-28T19:57:29.513104,D022,D022,,eta-v3.2,completed,0,0,0,0,0,0,1,DRIVER_REASSIGNMENT,3,0,0,,7,4,1,21.7951249,31.781959949999997,0,1,0,0,North Indian,scooter,35.0
O00952,C0218,R058,D114,Bengaluru,2026-08-05 22:20:00,2026-08-05 23:38:06,2026-08-05 22:53:48.127969,2026-08-05 23:50:06.485747,delivered,18.0,medium,rain,delivered,1,1.0,12.01,delivered_late,2026-08-05T23:48:17.931125,D114,D114,,eta-v3.2,completed,2,0,1,0,0,0,0,,3,0,0,,6,3,1,33.80213281666666,56.30596296666667,1,0,0,0,North Indian,bike,59.0
O00953,C0773,R022,D002,Bengaluru,2026-08-13 12:48:00,,2026-08-13 12:59:45.454139,2026-08-13 13:24:18.376963,delivered,3.61,medium,rain,delivered,1,0.0,-11.58,delivered_on_time,2026-08-13T13:44:53.136545,D002,D002,,eta-v3.2,completed,1,0,0,0,0,0,1,PRIORITY_DISPATCH,3,0,0,,6,3,1,11.757568983333334,24.548713733333333,0,1,0,0,South Indian,scooter,8.0
O00954,C0217,R016,D050,Bengaluru,2026-08-10 15:03:00,,2026-08-10 15:43:08.608842,2026-08-10 16:31:51.246018,delivered,12.02,high,clear,delivered,1,1.0,21.62,delivered_late,2026-08-10T16:20:51.010807,D050,D050,,eta-v3.2,completed,3,0,1,0,0,0,1,DRIVER_REASSIGNMENT,3,0,0,,5,2,1,40.143480700000005,48.7106196,1,1,0,0,Biryani,bike,59.0
O00955,C0703,R037,D078,Bengaluru,2026-08-09 21:25:00,2026-08-09 22:40:36,2026-08-09 22:06:41.487359,2026-08-09 22:51:10.800754,delivered,18.0,medium,clear,delivered,1,1.0,10.58,delivered_late,2026-08-09T22:50:23.636908,D078,D078,,eta-v3.1,completed,3,0,0,1,1,1,0,,3,0,1,ready,5,2,1,41.691455983333334,44.488556583333335,1,0,0,0,Cafe,bike,18.0
O00956,C0499,R037,D001,Bengaluru,2026-08-19 18:11:00,2026-08-19 19:23:48,2026-08-19 18:42:16.480735,2026-08-19 19:24:10.255263,delivered,18.0,low,clear,delivered,1,1.0,0.37,delivered_late,2026-08-19T19:27:42.357285,D001,D001,,eta-v3.2,completed,0,0,0,0,0,0,0,,3,0,0,,8,5,1,31.27467891666667,41.89624213333333,0,0,0,0,Cafe,bike,31.0
O00957,C0167,R047,D018,Bengaluru,2026-08-04 21:11:00,,2026-08-04 21:36:53.793723,2026-08-04 22:19:20.156067,delivered,8.1,medium,heavy_rain,delivered,1,1.0,7.53,delivered_late,2026-08-04T22:28:59.751692,D018,D018,,eta-v3.2,completed,3,0,0,1,0,0,0,,3,0,0,,8,5,1,25.89656205,42.4393724,0,0,0,0,South Indian,bike,16.0
O00958,C0295,R015,D031,Bengaluru,2026-08-28 22:15:00,,2026-08-28 22:30:02.814286,,cancelled,12.92,high,clear,cancelled,0,,,cancelled,2026-08-28T23:34:11.188338,D031,D031,,eta-v3.2,cancelled,0,0,0,1,0,0,1,DRIVER_REASSIGNMENT,2,0,1,preparing,1,0,0,15.046904766666668,,0,1,0,0,Cafe,ebike,17.0
O00959,C0640,R029,D064,Bengaluru,2026-08-18 13:42:00,,2026-08-18 14:09:23.912701,2026-08-18 15:03:32.210787,delivered,14.79,high,clear,delivered,1,1.0,8.48,delivered_late,2026-08-18T15:06:25.077511,D064,D064,,eta-v3.2,completed,0,0,0,0,0,0,0,,4,0,0,,7,4,1,27.398545016666667,54.13830143333333,0,0,0,0,Burgers,bike,17.0
O00960,C0682,R025,D062,Bengaluru,2026-08-19 13:04:00,2026-08-19 14:19:36,2026-08-19 13:40:20.955898,2026-08-19 14:26:24.035836,delivered,18.0,medium,clear,delivered,1,1.0,6.8,delivered_late,2026-08-19T14:26:41.602536,D062,D062,,eta-v3.1,completed,0,0,0,1,1,1,0,,3,0,0,,7,4,1,36.34926496666667,46.0513323,1,0,0,0,South Indian,bike,32.0
O00961,C0357,R056,D029,Bengaluru,2026-08-28 11:10:00,2026-08-28 12:25:18,2026-08-28 11:34:03.842723,2026-08-28 12:27:57.361488,delivered,18.0,low,rain,delivered,1,1.0,2.66,delivered_late,2026-08-28T12:30:18,D029,D029,,eta-v3.2,completed,3,0,0,0,0,0,0,,3,0,0,,7,4,1,24.064045383333333,53.891979416666665,0,0,0,0,Biryani,bike,19.0
O00962,C0484,R038,D072,Bengaluru,2026-08-11 21:39:00,2026-08-11 22:54:36,2026-08-11 22:05:34.809144,2026-08-11 22:54:28.443560,delivered,18.0,medium,clear,delivered,1,0.0,-0.13,delivered_on_time,2026-08-11T22:58:36,D072,D072,,eta-v3.1,completed,2,0,0,0,0,0,1,DRIVER_REASSIGNMENT,3,0,0,,8,5,1,26.5801524,48.893906933333334,0,1,0,0,Pizza,scooter,22.0
O00963,C0255,R043,D100,Bengaluru,2026-08-16 13:49:00,,2026-08-16 14:05:27.159039,2026-08-16 14:53:17.179377,delivered,11.68,severe,clear,delivered,1,0.0,-7.84,delivered_on_time,2026-08-16T15:19:07.804303,D100,D100,,eta-v3.2,completed,2,0,0,0,0,0,0,,3,0,0,,8,5,1,16.45265065,47.833672299999996,0,0,0,0,Burgers,scooter,7.0
O00964,C0092,R005,D080,Bengaluru,2026-08-23 21:53:00,,2026-08-23 22:02:25.977426,2026-08-23 22:39:07.148659,delivered,10.16,high,clear,delivered,1,0.0,-17.21,delivered_on_time,2026-08-23T23:06:20.032107,D080,D080,,eta-v3.1,completed,2,0,0,0,0,0,0,,3,0,0,,6,3,1,9.432957100000001,36.68618721666667,0,0,0,0,North Indian,bike,12.0
O00965,C0396,R058,D026,Bengaluru,2026-08-23 15:01:00,2026-08-23 16:23:18,2026-08-23 15:20:04.906157,2026-08-23 16:18:26.229890,delivered,18.0,high,rain,delivered,1,0.0,-4.86,delivered_on_time,2026-08-23T16:38:18,D026,D026,,eta-v3.1,completed,0,0,0,0,0,0,1,RESTAURANT_CONTACT,3,0,0,,5,2,1,19.081769283333333,58.355395550000004,0,1,0,0,North Indian,scooter,19.0
O00966,C0784,R010,D112,Bengaluru,2026-08-06 20:21:00,,2026-08-06 20:44:29.958553,2026-08-06 21:36:45.910869,delivered,17.28,high,clear,delivered,1,0.0,-2.52,delivered_on_time,2026-08-06T21:49:17.125658,D112,D112,,eta-v3.2,completed,1,0,0,0,0,0,0,,3,0,0,,6,3,1,23.499309216666667,52.26587193333333,0,0,0,0,North Indian,bike,19.0
O00967,C0317,R051,D024,Bengaluru,2026-08-19 21:50:00,,2026-08-19 22:09:22.741115,2026-08-19 22:45:39.075386,delivered,9.95,medium,rain,delivered,1,0.0,-5.54,delivered_on_time,2026-08-19T23:00:11.316526,D024,D024,,eta-v3.2,completed,2,0,0,0,0,0,1,RESTAURANT_CONTACT,3,0,0,,7,4,1,19.379018583333334,36.27223785,0,1,0,0,Cafe,bike,32.0
O00968,C0799,R010,D101,Bengaluru,2026-08-11 20:59:00,2026-08-11 22:17:06,2026-08-11 21:18:29.088234,2026-08-11 22:11:21.764935,delivered,18.0,medium,rain,delivered,1,0.0,-5.74,delivered_on_time,2026-08-11T22:27:36.893526,D101,D101,,eta-v3.1,completed,3,0,0,0,0,0,0,,3,0,0,,7,4,1,19.4848039,52.877945016666665,0,0,0,0,North Indian,scooter,19.0
O00969,C0326,R031,D096,Bengaluru,2026-08-23 17:23:00,2026-08-23 18:35:48,2026-08-23 17:44:35.700747,2026-08-23 18:28:59.786797,delivered,18.0,low,clear,delivered,1,0.0,-6.8,delivered_on_time,2026-08-23T18:35:48,D042,D096,2026-08-23T17:35:47.221173,eta-v3.2,completed,3,0,0,0,0,0,1,PRIORITY_DISPATCH,4,0,0,,6,3,1,21.595012450000002,44.40143416666667,0,1,0,0,Chinese,bike,20.0
O00970,C0200,R053,D119,Bengaluru,2026-08-22 21:52:00,,2026-08-22 22:29:35.144310,2026-08-22 22:59:08.802273,delivered,7.0,medium,rain,delivered,1,1.0,12.15,delivered_late,2026-08-22T23:01:53.206839,D119,D119,,eta-v3.1,completed,3,0,1,0,0,0,0,,3,0,0,,5,2,1,37.585738500000005,29.56096605,1,0,0,0,North Indian,bike,15.0
O00971,C0261,R028,D079,Bengaluru,2026-08-13 16:20:00,2026-08-13 17:35:36,2026-08-13 16:40:17.988763,2026-08-13 17:33:35.396453,delivered,18.0,medium,clear,delivered,1,0.0,-2.01,delivered_on_time,2026-08-13T17:39:36,D079,D079,,eta-v3.1,completed,1,0,0,0,0,0,0,,3,0,1,handed_off,8,5,1,20.29981271666667,53.29012816666667,0,0,0,0,Biryani,scooter,22.0
O00972,C0506,R051,D022,Bengaluru,2026-08-11 11:39:00,,2026-08-11 12:12:41.398634,2026-08-11 12:51:30.594031,delivered,7.67,medium,rain,delivered,1,1.0,16.11,delivered_late,2026-08-11T12:47:12.380132,D022,D022,,eta-v3.1,completed,0,0,0,1,0,0,0,,3,0,1,preparing,6,3,1,33.68997723333333,38.81992328333333,0,0,0,0,Cafe,scooter,35.0
O00973,C0046,R057,D001,Bengaluru,2026-08-04 19:33:00,,2026-08-04 20:01:41.203903,2026-08-04 20:27:48.671877,delivered,7.63,medium,clear,delivered,1,1.0,0.99,delivered_late,2026-08-04T20:30:49.020326,D001,D001,,eta-v3.2,completed,0,0,0,1,0,0,1,DRIVER_REASSIGNMENT,3,0,1,handed_off,6,3,1,28.686731716666667,26.124466233333333,0,1,0,0,Cafe,bike,31.0
O00974,C0500,R052,D106,Bengaluru,2026-08-25 17:03:00,2026-08-25 18:30:54,2026-08-25 17:15:34.416125,2026-08-25 18:23:32.980052,delivered,18.0,severe,rain,delivered,1,0.0,-7.35,delivered_on_time,2026-08-25T18:53:54,D106,D106,,eta-v3.1,completed,3,0,0,0,0,0,0,,3,0,0,,7,4,1,12.573602083333332,67.97606545000001,0,0,0,0,Desserts,bike,24.0
O00975,C0446,R034,D072,Bengaluru,2026-08-21 17:37:00,,2026-08-21 17:57:45.440257,2026-08-21 18:32:05.452631,delivered,9.42,medium,clear,delivered,1,0.0,-2.48,delivered_on_time,2026-08-21T18:38:34.442619,D072,D072,,eta-v3.2,completed,1,0,0,0,0,0,1,PRIORITY_DISPATCH,3,0,0,,5,2,1,20.757337616666668,34.333539566666666,0,1,0,0,Pizza,scooter,22.0
O00976,C0858,R038,D034,Bengaluru,2026-08-14 23:01:00,2026-08-15 00:16:18,2026-08-14 23:42:00.741035,2026-08-15 00:31:51.538796,delivered,18.0,low,rain,delivered,1,1.0,15.56,delivered_late,2026-08-15T00:21:18,D034,D034,,eta-v3.1,completed,0,0,0,0,0,0,0,,3,0,0,,6,3,1,41.01235058333334,49.84662934999999,0,0,0,0,Pizza,scooter,32.0
O00977,C0254,R051,D016,Bengaluru,2026-08-27 12:20:00,,2026-08-27 13:13:02.367831,2026-08-27 14:05:27.474032,delivered,15.02,high,clear,delivered,1,1.0,31.92,delivered_late,2026-08-27T13:50:15.221935,D016,D016,,eta-v3.1,completed,2,0,1,1,1,1,0,,3,0,0,,7,4,1,53.03946385,52.41843668333333,1,0,0,0,Cafe,scooter,46.0
O00978,C0889,R027,D104,Bengaluru,2026-08-23 18:31:00,,2026-08-23 18:51:16.666830,2026-08-23 19:46:01.165664,delivered,14.03,severe,clear,delivered,1,0.0,-2.05,delivered_on_time,2026-08-23T20:06:04.050108,D104,D104,,eta-v3.2,completed,0,0,0,0,0,0,0,,3,0,0,,6,3,1,20.2777805,54.74164723333333,0,0,0,0,Biryani,bike,30.0
O00979,C0450,R050,D038,Bengaluru,2026-08-24 19:58:00,,2026-08-24 20:08:15.029397,2026-08-24 20:38:34.692361,delivered,7.05,medium,clear,delivered,1,0.0,-12.04,delivered_on_time,2026-08-24T20:54:36.852790,D038,D038,,eta-v3.1,completed,1,0,0,0,0,0,0,,4,0,0,,6,3,1,10.25048995,30.327716066666667,0,0,0,0,Cafe,bike,22.0
O00980,C0015,R028,D016,Bengaluru,2026-08-27 19:40:00,2026-08-27 20:55:36,2026-08-27 20:31:37.484111,2026-08-27 21:19:28.956202,delivered,18.0,medium,clear,delivered,1,1.0,23.88,delivered_late,2026-08-27T21:03:52.022901,D016,D016,,eta-v3.2,completed,3,0,1,0,0,0,0,,3,0,1,preparing,6,3,1,51.624735183333335,47.85786818333334,1,0,0,0,Biryani,scooter,46.0
O00981,C0208,R052,D094,Bengaluru,2026-08-22 18:50:00,,2026-08-22 19:19:59.443622,2026-08-22 20:02:22.399277,delivered,16.04,low,clear,delivered,1,1.0,3.69,delivered_late,2026-08-22T19:59:03.263960,D094,D094,,eta-v3.1,completed,3,0,0,0,0,0,1,DRIVER_REASSIGNMENT,3,0,0,,5,2,1,29.990727033333332,42.382594250000004,0,1,0,0,Desserts,bike,24.0
O00982,C0798,R027,D067,Bengaluru,2026-08-17 20:54:00,2026-08-17 22:13:48,2026-08-17 21:13:57.297300,2026-08-17 22:15:35.236687,delivered,18.0,high,clear,delivered,1,1.0,1.79,delivered_late,2026-08-17T22:23:48,D067,D067,,eta-v3.1,completed,3,0,0,0,0,0,0,,3,0,1,ready,5,2,1,19.954954999999998,61.63232311666666,0,0,0,0,Biryani,bike,9.0
O00983,C0556,R008,D044,Bengaluru,2026-08-15 19:12:00,,2026-08-15 19:25:59.785734,2026-08-15 20:04:57.914455,delivered,12.92,medium,clear,delivered,1,0.0,-11.96,delivered_on_time,2026-08-15T20:21:06.764189,D044,D044,,eta-v3.1,completed,3,0,0,1,1,1,0,,3,0,0,,6,3,1,13.996428900000002,38.96881201666667,1,0,0,0,Cafe,scooter,19.0
O00984,C0075,R014,D053,Bengaluru,2026-08-07 20:56:00,2026-08-07 22:08:48,2026-08-07 21:22:57.617823,2026-08-07 22:15:52.506467,delivered,18.0,low,clear,delivered,1,1.0,7.08,delivered_late,2026-08-07T22:09:18.815766,D053,D053,,eta-v3.1,completed,0,0,0,0,0,0,0,,4,0,0,,6,3,1,26.96029705,52.91481073333333,0,0,0,0,Biryani,bike,22.0
O00985,C0579,R037,D071,Bengaluru,2026-08-26 19:57:00,,2026-08-26 20:30:16.354201,2026-08-26 21:04:49.635612,delivered,13.53,medium,clear,delivered,1,1.0,1.62,delivered_late,2026-08-26T21:08:15.337925,D071,D071,,eta-v3.2,completed,1,0,0,0,0,0,1,DRIVER_REASSIGNMENT,3,0,1,handed_off,8,5,1,33.27257001666667,34.554690183333335,0,1,0,0,Cafe,scooter,30.0
O00986,C0713,R008,D056,Bengaluru,2026-08-26 22:31:00,,2026-08-26 22:53:19.971787,2026-08-26 23:32:59.520668,delivered,11.51,high,clear,delivered,1,0.0,-4.17,delivered_on_time,2026-08-26T23:47:09.877250,D056,D056,,eta-v3.1,completed,2,0,0,1,0,0,1,DRIVER_REASSIGNMENT,3,0,0,,8,5,1,22.332863116666665,39.65914801666667,0,1,0,0,Cafe,scooter,19.0
O00987,C0617,R050,D056,Bengaluru,2026-08-17 22:46:00,2026-08-17 23:58:48,2026-08-17 23:00:17.480757,2026-08-17 23:44:25.577751,delivered,18.0,low,clear,delivered,1,0.0,-14.37,delivered_on_time,2026-08-17T23:58:48,D056,D056,,eta-v3.1,completed,2,0,0,1,0,0,0,,3,0,0,,5,2,1,14.29134595,44.1349499,0,0,0,0,Cafe,scooter,19.0
O00988,C0389,R023,D063,Bengaluru,2026-08-04 13:23:00,,2026-08-04 13:57:58.569651,2026-08-04 14:41:31.086690,delivered,13.47,medium,rain,delivered,1,1.0,9.94,delivered_late,2026-08-04T14:42:05.401932,D063,D063,,eta-v3.2,completed,4,0,1,1,1,1,0,,4,0,0,,8,5,1,34.97616085,43.54195065,1,0,0,0,Pizza,scooter,50.0
O00989,C0781,R023,D113,Bengaluru,2026-08-24 20:56:00,,2026-08-24 21:14:12.264571,2026-08-24 21:36:26.466375,delivered,5.3,medium,clear,delivered,1,0.0,-8.49,delivered_on_time,2026-08-24T21:48:55.817829,D113,D113,,eta-v3.1,completed,3,0,0,0,0,0,0,,3,0,0,,7,4,1,18.204409516666665,22.236696733333336,0,0,0,0,Pizza,ebike,30.0
O00990,C0637,R011,D066,Bengaluru,2026-08-19 21:36:00,,2026-08-19 21:57:40.052569,2026-08-19 22:28:34.066850,delivered,10.2,medium,clear,delivered,1,0.0,-6.65,delivered_on_time,2026-08-19T22:40:21.774362,D066,D066,,eta-v3.1,completed,3,0,0,0,0,0,1,DRIVER_REASSIGNMENT,3,0,1,preparing,6,3,1,21.667542816666664,30.900238016666666,0,1,0,0,Chinese,scooter,21.0
O00991,C0164,R033,D001,Bengaluru,2026-08-19 20:42:00,2026-08-19 21:54:48,2026-08-19 21:18:06.123295,2026-08-19 22:06:13.971000,delivered,18.0,low,clear,delivered,1,1.0,11.43,delivered_late,2026-08-19T21:57:08.066145,D001,D001,,eta-v3.1,completed,2,0,0,1,1,1,0,,3,0,0,,8,5,1,36.10205491666667,48.13079508333333,1,0,0,0,Cafe,bike,31.0
O00992,C0568,R053,D022,Bengaluru,2026-08-04 13:03:00,,2026-08-04 13:46:06.832195,2026-08-04 14:19:38.514741,delivered,4.42,high,clear,delivered,1,1.0,25.37,delivered_late,2026-08-04T14:09:44.987003,D022,D022,,eta-v3.1,completed,2,0,0,0,0,0,0,,3,0,0,,5,2,1,43.113869916666665,33.52804243333333,0,0,0,0,North Indian,scooter,35.0
O00993,C0283,R051,D081,Bengaluru,2026-08-04 13:11:00,,2026-08-04 13:46:01.506150,2026-08-04 14:02:54.204601,delivered,3.65,low,clear,delivered,1,1.0,9.24,delivered_late,2026-08-04T14:01:12.938235,D081,D081,,eta-v3.1,completed,0,0,0,1,0,0,1,RESTAURANT_CONTACT,3,0,1,ready,6,3,1,35.0251025,16.878307516666666,0,1,0,0,Cafe,scooter,15.0
O00994,C0217,R060,D112,Bengaluru,2026-08-11 14:00:00,,2026-08-11 14:20:48.872255,2026-08-11 15:09:31.959713,delivered,12.84,high,clear,delivered,1,1.0,0.57,delivered_late,2026-08-11T15:18:57.638227,D112,D112,,eta-v3.2,completed,2,0,0,0,0,0,0,,3,0,0,,5,2,1,20.814537583333333,48.7181243,0,0,0,0,Chinese,bike,19.0
O00995,C0746,R020,D040,Bengaluru,2026-08-22 17:33:00,2026-08-22 18:45:48,2026-08-22 18:30:31.333726,2026-08-22 19:17:31.238213,delivered,18.0,low,clear,delivered,1,1.0,31.72,delivered_late,2026-08-22T18:55:19.092460,D040,D040,,eta-v3.1,completed,2,0,1,1,1,1,0,,3,0,0,,7,4,1,57.522228766666665,46.99840811666666,1,0,0,0,Burgers,bike,27.0
O00996,C0563,R011,D050,Bengaluru,2026-08-26 20:41:00,2026-08-26 21:56:18,2026-08-26 21:01:43.236508,2026-08-26 21:53:16.778036,delivered,18.0,low,rain,delivered,1,0.0,-3.02,delivered_on_time,2026-08-26T22:02:06.088064,D050,D050,,eta-v3.1,completed,0,0,0,1,0,0,1,RESTAURANT_CONTACT,3,0,0,,6,3,1,20.720608466666665,51.55902546666667,0,1,0,0,Chinese,bike,59.0
O00997,C0417,R036,D063,Bengaluru,2026-08-14 22:35:00,,2026-08-14 23:09:13.425045,2026-08-14 23:37:33.217826,delivered,6.03,medium,clear,delivered,1,1.0,12.1,delivered_late,2026-08-14T23:29:27.484239,D063,D063,,eta-v3.1,completed,0,0,0,1,1,1,0,,3,0,0,,8,5,1,34.22375075,28.329879683333335,1,0,0,0,North Indian,scooter,50.0
O00998,C0706,R030,D107,Bengaluru,2026-08-16 15:10:00,,2026-08-16 15:31:29.566377,2026-08-16 15:58:57.293678,delivered,10.11,medium,clear,delivered,1,0.0,-10.09,delivered_on_time,2026-08-16T16:14:16.062484,D030,D107,2026-08-16T15:14:38.419767,eta-v3.2,completed,3,0,0,0,0,0,1,RESTAURANT_CONTACT,3,0,1,handed_off,5,2,1,21.492772950000003,27.462121683333333,0,1,0,0,South Indian,bike,17.0
O00999,C0845,R039,D032,Bengaluru,2026-08-28 13:56:00,,2026-08-28 14:23:04.408734,2026-08-28 14:56:37.364735,delivered,9.58,high,clear,delivered,1,0.0,-1.49,delivered_on_time,2026-08-28T15:08:06.976178,D032,D032,,eta-v3.2,completed,3,0,0,0,0,0,0,,3,0,0,,8,5,1,27.0734789,33.549266683333336,0,0,0,0,Biryani,ebike,5.0
O01000,C0877,R044,D063,Bengaluru,2026-08-26 16:04:00,2026-08-26 17:19:36,2026-08-26 16:37:53.067514,2026-08-26 17:23:34.733888,delivered,18.0,medium,clear,delivered,1,1.0,3.98,delivered_late,2026-08-26T17:25:16.804708,D063,D063,,eta-v3.2,completed,1,0,0,1,0,0,1,PRIORITY_DISPATCH,3,0,0,,5,2,1,33.884458566666666,45.69443956666667,0,1,0,0,Cafe,scooter,50.0
O01001,C0181,R001,D013,Bengaluru,2026-08-15 17:07:00,2026-08-15 18:19:48,2026-08-15 17:48:10.490470,2026-08-15 18:28:47.808559,delivered,18.0,low,clear,delivered,1,1.0,9.0,delivered_late,2026-08-15T18:27:26.169252,D013,D013,,eta-v3.2,completed,0,0,0,0,0,0,1,DRIVER_REASSIGNMENT,3,0,0,,5,2,1,41.17484116666667,40.62196815,0,1,0,0,South Indian,bike,43.0
O01002,C0022,R051,D098,Bengaluru,2026-08-03 18:27:00,,2026-08-03 18:55:15.337282,2026-08-03 19:32:32.630051,delivered,9.57,medium,clear,delivered,1,1.0,7.64,delivered_late,2026-08-03T19:28:54.020628,D098,D098,,eta-v3.1,completed,0,0,0,1,1,1,1,RESTAURANT_CONTACT,4,0,0,,5,2,1,28.255621366666666,37.28821281666667,1,1,0,0,Cafe,scooter,7.0
O01003,C0622,R048,D069,Bengaluru,2026-08-15 12:32:00,,2026-08-15 12:53:03.161074,2026-08-15 13:13:49.387835,delivered,7.42,low,clear,delivered,1,0.0,-8.76,delivered_on_time,2026-08-15T13:22:35.274763,D113,D069,2026-08-15T12:37:08.371161,eta-v3.2,completed,2,0,0,0,0,0,1,DRIVER_REASSIGNMENT,3,0,0,,6,3,1,21.052684566666667,20.770446016666664,0,1,0,0,South Indian,scooter,16.0
O01004,C0502,R002,D028,Bengaluru,2026-08-01 11:27:00,,2026-08-01 11:40:58.064267,2026-08-01 12:21:53.298595,delivered,14.8,low,clear,delivered,1,0.0,-11.2,delivered_on_time,2026-08-01T12:33:05.112659,D028,D028,,eta-v3.1,completed,2,0,0,0,0,0,1,RESTAURANT_CONTACT,3,0,0,,5,2,1,13.967737783333332,40.92057213333333,0,1,0,0,Burgers,bike,10.0
O01005,C0365,R027,D046,Bengaluru,2026-08-26 21:12:00,2026-08-26 22:27:36,2026-08-26 21:38:28.600392,2026-08-26 22:32:02.413758,delivered,18.0,medium,clear,delivered,1,1.0,4.44,delivered_late,2026-08-26T22:31:36,D046,D046,,eta-v3.2,completed,0,0,0,0,0,0,0,,4,0,0,,5,2,1,26.4766732,53.5635561,0,0,0,0,Biryani,bike,38.0
O01006,C0582,R041,D093,Bengaluru,2026-08-08 20:44:00,2026-08-08 22:03:48,2026-08-08 21:17:13.274938,2026-08-08 22:17:27.834470,delivered,18.0,high,clear,delivered,1,1.0,13.66,delivered_late,2026-08-08T22:19:02.298404,D093,D093,,eta-v3.1,completed,2,0,1,1,0,0,0,,3,0,0,,5,2,1,33.221248966666664,60.24265886666667,1,0,0,0,Desserts,ebike,28.0
O01007,C0633,R035,D049,Bengaluru,2026-08-22 18:58:00,,2026-08-22 19:14:40.651780,2026-08-22 20:01:17.002680,delivered,17.41,medium,clear,delivered,1,0.0,-11.08,delivered_on_time,2026-08-22T20:16:21.690845,D049,D049,,eta-v3.2,completed,2,0,0,0,0,0,1,RESTAURANT_CONTACT,3,0,0,,7,4,1,16.67752966666667,46.605848333333334,0,1,0,0,North Indian,bike,17.0
O01008,C0027,R019,D058,Bengaluru,2026-08-02 15:38:00,2026-08-02 16:56:06,2026-08-02 15:55:13.235750,2026-08-02 16:50:11.391252,delivered,18.0,medium,rain,delivered,1,0.0,-5.91,delivered_on_time,2026-08-02T17:05:11.093694,D058,D058,,eta-v3.2,completed,1,0,0,0,0,0,1,DRIVER_REASSIGNMENT,3,0,0,,5,2,1,17.220595833333334,54.969258366666665,0,1,0,0,Cafe,scooter,15.0
O01009,C0148,R047,D097,Bengaluru,2026-08-22 12:26:00,,2026-08-22 12:42:03.461668,2026-08-22 13:21:00.686457,delivered,10.44,medium,clear,delivered,1,0.0,-4.71,delivered_on_time,2026-08-22T13:29:43.343933,D097,D097,,eta-v3.2,completed,1,0,0,1,0,0,0,,3,0,0,,8,5,1,16.057694466666668,38.95374648333333,0,0,0,0,South Indian,ebike,19.0
O01010,C0200,R025,D116,Bengaluru,2026-08-06 14:44:00,,2026-08-06 15:01:36.563806,2026-08-06 16:06:37.329657,delivered,14.69,severe,clear,delivered,1,1.0,4.18,delivered_late,2026-08-06T16:20:26.635087,D116,D116,,eta-v3.1,completed,0,0,0,0,0,0,0,,3,0,0,,7,4,1,17.60939676666667,65.01276418333333,0,0,0,0,South Indian,bike,15.0
O01011,C0654,R004,D007,Bengaluru,2026-08-01 14:03:00,,2026-08-01 14:26:19.038408,2026-08-01 14:57:18.254195,delivered,6.84,medium,rain,delivered,1,0.0,-0.36,delivered_on_time,2026-08-01T15:06:40.149024,D007,D007,,eta-v3.1,completed,2,0,0,0,0,0,0,,3,0,1,handed_off,7,4,1,23.317306799999997,30.986929783333334,0,0,0,0,South Indian,bike,26.0
O01012,C0895,R022,D062,Bengaluru,2026-08-26 12:23:00,,2026-08-26 12:45:47.865666,2026-08-26 13:40:00.505796,delivered,15.69,high,clear,delivered,1,1.0,2.06,delivered_late,2026-08-26T13:47:56.898491,D062,D062,,eta-v3.1,completed,0,0,0,0,0,0,1,DRIVER_REASSIGNMENT,3,0,0,,5,2,1,22.7977611,54.21066883333334,0,1,0,0,South Indian,bike,32.0
O01013,C0590,R033,D019,Bengaluru,2026-08-24 21:32:00,2026-08-24 22:57:48,2026-08-24 21:45:22.355435,2026-08-24 22:53:39.760299,delivered,18.0,high,heavy_rain,delivered,1,0.0,-4.14,delivered_on_time,2026-08-24T23:19:48,D019,D019,,eta-v3.2,completed,1,0,0,0,0,0,0,,3,0,0,,7,4,1,13.372590583333334,68.29008106666667,0,0,0,0,Cafe,scooter,58.0
O01014,C0799,R009,D095,Bengaluru,2026-08-12 18:47:00,2026-08-12 20:12:24,2026-08-12 19:09:29.651287,,delivered,18.0,severe,clear,delivered,1,,,unknown,2026-08-12T20:33:12.306701,D095,D095,,eta-v3.1,completed,0,0,0,0,0,0,0,,2,0,0,,5,2,1,22.494188116666667,,0,0,0,0,Burgers,bike,6.0
O01015,C0280,R013,D105,Bengaluru,2026-08-22 12:53:00,,2026-08-22 13:05:57.422525,2026-08-22 13:36:22.156994,delivered,9.69,low,clear,delivered,1,0.0,-11.98,delivered_on_time,2026-08-22T13:48:21.031547,D105,D105,,eta-v3.1,completed,1,0,0,0,0,0,0,,3,0,0,,8,5,1,12.957042083333333,30.41224115,0,0,0,0,Pizza,bike,18.0
O01016,C0080,R035,D024,Bengaluru,2026-08-17 13:46:00,,2026-08-17 14:09:27.817334,2026-08-17 14:50:32.520472,delivered,11.54,high,clear,delivered,1,0.0,-1.69,delivered_on_time,2026-08-17T15:02:15.982047,D024,D024,,eta-v3.2,completed,2,0,0,1,0,0,1,PRIORITY_DISPATCH,3,0,1,handed_off,5,2,1,23.463622233333336,41.07838563333333,0,1,0,0,North Indian,bike,32.0
O01017,C0693,R045,D109,Bengaluru,2026-08-26 19:07:00,,2026-08-26 19:29:03.441625,2026-08-26 20:13:18.057704,delivered,13.48,medium,clear,delivered,1,1.0,0.19,delivered_late,2026-08-26T20:18:16.360403,D109,D109,,eta-v3.1,completed,2,0,0,0,0,0,0,,3,0,0,,8,5,1,22.057360416666665,44.24360131666666,0,0,0,0,Cafe,bike,36.0
O01018,C0845,R027,D009,Bengaluru,2026-08-22 19:11:00,2026-08-22 20:26:36,2026-08-22 19:32:46.062982,2026-08-22 20:20:29.111170,delivered,18.0,medium,clear,delivered,1,0.0,-6.11,delivered_on_time,2026-08-22T20:30:36,D009,D009,,eta-v3.1,completed,0,0,0,0,0,0,1,RESTAURANT_CONTACT,3,0,0,,8,5,1,21.767716366666665,47.7174698,0,1,0,0,Biryani,ebike,15.0
O01019,C0815,R009,D001,Bengaluru,2026-08-18 16:24:00,2026-08-18 17:42:48,2026-08-18 16:34:00.966668,2026-08-18 17:33:00.174458,delivered,18.0,low,heavy_rain,delivered,1,0.0,-9.8,delivered_on_time,2026-08-18T17:54:48,D001,D001,,eta-v3.1,completed,0,0,0,0,0,0,0,,4,0,1,preparing,6,3,1,10.016111133333334,58.9867965,0,0,0,0,Burgers,bike,31.0
O01020,C0816,R028,D017,Bengaluru,2026-08-08 19:56:00,,2026-08-08 20:18:26.157514,2026-08-08 21:02:05.481816,delivered,7.17,medium,heavy_rain,delivered,1,1.0,7.23,delivered_late,2026-08-08T21:13:02.802042,D017,D017,,eta-v3.1,completed,0,0,0,1,1,1,1,PRIORITY_DISPATCH,3,0,0,,5,2,1,22.435958566666667,43.65540503333333,1,1,0,0,Biryani,bike,17.0
O01021,C0290,R048,D035,Bengaluru,2026-08-27 12:57:00,2026-08-27 14:16:48,2026-08-27 13:19:48.897313,2026-08-27 14:17:50.290594,delivered,18.0,high,clear,delivered,1,1.0,1.04,delivered_late,2026-08-27T14:26:48,D035,D035,,eta-v3.1,completed,2,0,0,0,0,0,0,,3,0,1,ready,5,2,1,22.814955216666664,58.02322135,0,0,0,0,South Indian,scooter,5.0
O01022,C0831,R052,D050,Bengaluru,2026-08-14 21:21:00,,2026-08-14 21:29:47.448144,2026-08-14 21:48:37.916495,delivered,5.68,low,clear,delivered,1,0.0,-19.3,delivered_on_time,2026-08-14T22:07:55.736861,D050,D050,,eta-v3.1,completed,2,0,0,1,0,0,0,,3,0,0,,7,4,1,8.790802399999999,18.841139183333333,0,0,0,0,Desserts,bike,59.0
O01023,C0116,R039,D084,Bengaluru,2026-08-04 19:27:00,,2026-08-04 19:56:35.992831,,cancelled,4.7,medium,clear,cancelled,0,,,cancelled,2026-08-04T20:18:40.347282,D084,D084,,eta-v3.2,cancelled,0,0,0,1,0,0,1,RESTAURANT_CONTACT,2,0,0,,1,0,0,29.599880516666666,,0,1,0,0,Biryani,scooter,33.0
O01024,C0232,R041,D090,Bengaluru,2026-08-28 12:48:00,2026-08-28 14:10:18,2026-08-28 13:28:30.808995,2026-08-28 14:26:58.138192,delivered,18.0,high,rain,delivered,1,1.0,16.67,delivered_late,2026-08-28T14:27:02.181337,D090,D090,,eta-v3.1,completed,0,0,0,0,0,0,0,,3,0,0,,5,2,1,40.51348325,58.45548661666667,0,0,0,0,Desserts,bike,12.0
O01025,C0392,R019,D015,Bengaluru,2026-08-18 13:17:00,2026-08-18 14:29:48,2026-08-18 13:36:50.633539,2026-08-18 14:21:54.223143,delivered,18.0,low,clear,delivered,1,0.0,-7.9,delivered_on_time,2026-08-18T14:31:41.900260,D015,D015,,eta-v3.2,completed,1,0,0,0,0,0,1,PRIORITY_DISPATCH,3,0,1,preparing,7,4,1,19.843892316666665,45.05982673333333,0,1,0,0,Cafe,ebike,23.0
O01026,C0786,R014,D115,Bengaluru,2026-08-08 19:37:00,2026-08-08 20:52:36,2026-08-08 19:52:59.797073,2026-08-08 20:45:58.792666,delivered,18.0,medium,clear,delivered,1,0.0,-6.62,delivered_on_time,2026-08-08T20:56:36,D115,D115,,eta-v3.1,completed,0,0,0,1,0,0,0,,3,0,0,,7,4,1,15.996617883333332,52.98325988333333,0,0,0,0,Biryani,bike,20.0
O01027,C0285,R020,D034,Bengaluru,2026-08-05 20:43:00,2026-08-05 21:58:18,2026-08-05 21:07:59.373980,2026-08-05 21:57:42.761471,delivered,18.0,low,rain,delivered,1,0.0,-0.59,delivered_on_time,2026-08-05T22:03:37.351691,D034,D034,,eta-v3.1,completed,3,0,0,0,0,0,0,,3,0,0,,5,2,1,24.989566333333336,49.72312485,0,0,0,0,Burgers,scooter,32.0
O01028,C0080,R004,D033,Bengaluru,2026-08-24 12:53:00,,2026-08-24 13:26:02.698286,2026-08-24 14:15:01.674812,delivered,15.13,medium,clear,delivered,1,1.0,12.46,delivered_late,2026-08-24T14:06:33.830992,D033,D033,,eta-v3.1,completed,0,0,0,0,0,0,0,,3,0,1,preparing,7,4,1,33.04497143333334,48.982942099999995,0,0,0,0,South Indian,scooter,33.0
O01029,C0605,R044,D101,Bengaluru,2026-08-01 19:41:00,,2026-08-01 20:11:01.234013,2026-08-01 20:55:39.925033,delivered,13.12,medium,rain,delivered,1,1.0,6.82,delivered_late,2026-08-01T21:01:11.094811,D101,D101,,eta-v3.2,completed,0,0,0,1,0,0,0,,3,0,1,handed_off,7,4,1,30.020566883333334,44.64485033333334,0,0,0,0,Cafe,scooter,19.0
O01030,C0408,R047,D072,Bengaluru,2026-08-16 17:20:00,2026-08-16 18:39:48,2026-08-16 18:02:45.901175,2026-08-16 19:01:09.344020,delivered,18.0,high,clear,delivered,1,1.0,21.36,delivered_late,2026-08-16T19:00:16.056120,D072,D072,,eta-v3.2,completed,2,0,1,0,0,0,0,,4,0,0,,5,2,1,42.765019583333334,58.390714083333336,1,0,0,0,South Indian,scooter,22.0
O01031,C0526,R054,D010,Bengaluru,2026-08-10 20:14:00,2026-08-10 21:26:48,2026-08-10 20:42:25.477146,2026-08-10 21:28:25.181580,delivered,18.0,low,clear,delivered,1,1.0,1.62,delivered_late,2026-08-10T21:27:01.587085,D010,D010,,eta-v3.2,completed,3,0,0,0,0,0,1,PRIORITY_DISPATCH,3,0,1,handed_off,6,3,1,28.424619099999997,45.9950739,0,1,0,0,South Indian,ebike,7.0
O01032,C0605,R057,D053,Bengaluru,2026-08-23 16:06:00,2026-08-23 17:21:36,2026-08-23 16:36:43.452369,2026-08-23 17:24:19.414600,delivered,18.0,medium,clear,delivered,1,1.0,2.72,delivered_late,2026-08-23T17:25:36,D053,D053,,eta-v3.1,completed,1,0,0,0,0,0,0,,4,0,0,,5,2,1,30.72420615,47.59937051666667,0,0,0,0,Cafe,bike,22.0
O01033,C0069,R017,D076,Bengaluru,2026-08-25 20:27:00,2026-08-25 21:52:24,2026-08-25 21:10:25.139964,2026-08-25 22:13:05.142284,delivered,18.0,severe,clear,delivered,1,1.0,20.69,delivered_late,2026-08-25T22:13:11.007864,D076,D076,,eta-v3.1,completed,3,0,0,0,0,0,0,,3,0,0,,6,3,1,43.4189994,62.66670533333333,0,0,0,0,North Indian,bike,9.0
O01034,C0261,R040,D076,Bengaluru,2026-08-28 18:16:00,,2026-08-28 18:44:55.877517,,delivered,15.48,medium,clear,delivered,1,,,unknown,2026-08-28T19:32:05.118496,D076,D076,,eta-v3.2,completed,2,0,0,0,0,0,0,,2,0,0,,8,5,1,28.93129195,,0,0,0,0,Desserts,bike,9.0
O01035,C0316,R049,D102,Bengaluru,2026-08-12 18:50:00,,2026-08-12 19:10:43.770435,2026-08-12 20:13:13.561689,delivered,14.35,high,rain,delivered,1,1.0,8.58,delivered_late,2026-08-12T20:19:38.608651,D102,D102,,eta-v3.2,completed,4,0,1,0,0,0,0,,3,0,1,ready,5,2,1,20.729507249999997,62.4965209,1,0,0,0,Chinese,scooter,16.0
O01036,C0276,R018,D099,Bengaluru,2026-08-17 15:47:00,,2026-08-17 16:21:59.799755,2026-08-17 17:04:27.312581,delivered,10.11,high,clear,delivered,1,1.0,14.23,delivered_late,2026-08-17T17:00:36.874368,D099,D099,,eta-v3.1,completed,0,0,0,0,0,0,0,,3,0,0,,7,4,1,34.99666258333333,42.458547100000004,0,0,0,0,South Indian,bike,6.0
O01037,C0676,R059,D052,Bengaluru,2026-08-17 13:08:00,,2026-08-17 13:28:22.161006,2026-08-17 14:02:53.255699,delivered,10.79,low,clear,delivered,1,0.0,-2.77,delivered_on_time,2026-08-17T14:06:10.109710,D052,D052,,eta-v3.2,completed,0,0,0,0,0,0,0,,4,0,0,,8,5,1,20.369350100000002,34.51824488333333,0,0,0,0,Burgers,bike,10.0
O01038,C0760,R006,D052,Bengaluru,2026-08-28 13:56:00,,2026-08-28 14:16:10.404652,2026-08-28 14:58:14.885752,delivered,17.33,low,clear,delivered,1,0.0,-9.15,delivered_on_time,2026-08-28T15:08:30.033785,D052,D052,,eta-v3.2,completed,0,0,0,0,0,0,0,,4,1,0,,5,2,1,20.173410866666664,42.074685,0,0,0,0,Pizza,bike,10.0
O01039,C0186,R009,D067,Bengaluru,2026-08-13 20:15:00,2026-08-13 21:34:48,2026-08-13 20:37:10.644235,2026-08-13 21:31:02.871233,delivered,18.0,high,clear,delivered,1,0.0,-3.75,delivered_on_time,2026-08-13T21:45:16.020483,D067,D067,,eta-v3.2,completed,2,0,0,0,0,0,0,,3,0,1,handed_off,5,2,1,22.177403916666666,53.87044996666667,0,0,0,0,Burgers,bike,9.0
O01040,C0601,R003,D006,Bengaluru,2026-08-01 19:03:00,2026-08-01 20:22:48,2026-08-01 19:24:04.111763,2026-08-01 20:19:38.372219,delivered,18.0,high,clear,delivered,1,0.0,-3.16,delivered_on_time,2026-08-01T20:33:20.282677,D006,D006,,eta-v3.1,completed,2,0,0,0,0,0,0,,3,0,0,,6,3,1,21.068529383333335,55.5710076,0,0,0,0,Chinese,bike,12.0
O01041,C0209,R013,D022,Bengaluru,2026-08-09 19:14:00,,2026-08-09 20:04:20.453502,2026-08-09 20:48:52.180778,delivered,14.11,medium,clear,delivered,1,1.0,27.44,delivered_late,2026-08-09T20:26:07.628322,D022,D022,,eta-v3.1,completed,2,0,1,0,0,0,0,,3,0,0,,8,5,1,50.3408917,44.528787933333334,1,0,0,0,Pizza,scooter,35.0
O01042,C0275,R017,D021,Bengaluru,2026-08-06 15:16:00,,2026-08-06 15:47:48.269519,2026-08-06 16:50:13.248466,delivered,12.22,severe,heavy_rain,delivered,1,1.0,14.95,delivered_late,2026-08-06T17:06:25.058489,D021,D021,,eta-v3.2,completed,3,0,0,0,0,0,0,,3,0,0,,8,5,1,31.80449198333333,62.41631578333333,0,0,0,0,North Indian,scooter,38.0
O01043,C0101,R008,D021,Bengaluru,2026-08-22 19:58:00,,2026-08-22 20:22:23.738143,2026-08-22 21:19:23.213919,delivered,17.64,high,clear,delivered,1,1.0,2.34,delivered_late,2026-08-22T21:28:15.106696,D021,D021,,eta-v3.2,completed,0,0,0,0,0,0,0,,3,0,0,,8,5,1,24.395635716666668,56.99126293333334,0,0,0,0,Cafe,scooter,38.0
O01044,C0249,R018,D016,Bengaluru,2026-08-05 21:48:00,,2026-08-05 22:15:38.226925,2026-08-05 22:45:44.697860,delivered,6.93,high,clear,delivered,1,1.0,1.2,delivered_late,2026-08-05T22:55:09.846854,D016,D016,,eta-v3.2,completed,1,0,0,0,0,0,0,,4,0,0,,6,3,1,27.637115416666667,30.10784891666667,0,0,0,0,South Indian,scooter,46.0
O01045,C0608,R024,D070,Bengaluru,2026-08-28 20:38:00,2026-08-28 21:59:36,2026-08-28 20:56:51.061534,2026-08-28 21:56:40.869201,delivered,18.0,medium,heavy_rain,delivered,1,0.0,-2.92,delivered_on_time,2026-08-28T22:16:17.612702,D070,D070,,eta-v3.1,completed,0,0,0,0,0,0,0,,3,0,1,handed_off,6,3,1,18.851025566666667,59.83012778333333,0,0,0,0,South Indian,bike,22.0
O01046,C0850,R027,D090,Bengaluru,2026-08-05 23:41:00,2026-08-06 01:00:48,2026-08-06 00:11:10.801507,2026-08-06 01:14:15.516214,delivered,18.0,high,clear,delivered,1,1.0,13.46,delivered_late,2026-08-06T01:12:14.876356,D090,D090,,eta-v3.1,completed,0,0,0,0,0,0,0,,3,0,1,preparing,6,3,1,30.180025116666666,63.07857845,0,0,0,0,Biryani,bike,12.0
O01047,C0518,R030,D021,Bengaluru,2026-08-01 13:11:00,,2026-08-01 13:47:22.467159,2026-08-01 14:34:56.220875,delivered,15.08,high,clear,delivered,1,1.0,10.26,delivered_late,2026-08-01T14:37:22.371884,D021,D021,,eta-v3.2,completed,2,0,0,1,0,0,0,,3,0,0,,5,2,1,36.374452649999995,47.562561933333335,0,0,0,0,South Indian,scooter,38.0
O01048,C0848,R012,D051,Bengaluru,2026-08-10 13:24:00,2026-08-10 14:43:48,2026-08-10 13:53:15.845565,2026-08-10 14:48:59.819170,delivered,18.0,high,clear,delivered,1,1.0,5.2,delivered_late,2026-08-10T14:56:56.824028,D051,D051,,eta-v3.1,completed,3,0,0,0,0,0,0,,3,0,0,,5,2,1,29.26409275,55.73289341666667,0,0,0,0,Biryani,bike,34.0
O01049,C0090,R002,D082,Bengaluru,2026-08-26 20:54:00,2026-08-26 22:09:36,2026-08-26 21:29:10.457870,2026-08-26 22:15:48.288397,delivered,18.0,medium,clear,delivered,1,1.0,6.2,delivered_late,2026-08-26T22:13:36,D082,D082,,eta-v3.1,completed,0,0,0,0,0,0,0,,3,0,0,,6,3,1,35.174297833333334,46.63050878333333,0,0,0,0,Burgers,scooter,44.0
O01050,C0649,R058,D110,Bengaluru,2026-08-25 17:11:00,2026-08-25 18:26:18,2026-08-25 17:29:55.825280,2026-08-25 18:23:19.142991,delivered,18.0,low,rain,delivered,1,0.0,-2.98,delivered_on_time,2026-08-25T18:31:18,D110,D110,,eta-v3.2,completed,0,0,0,1,0,0,0,,3,0,1,handed_off,5,2,1,18.930421333333335,53.38862851666667,0,0,0,0,North Indian,bike,5.0
O01051,C0571,R028,D042,Bengaluru,2026-08-22 17:17:00,2026-08-22 18:29:48,2026-08-22 17:41:36.979266,2026-08-22 18:26:09.565846,delivered,18.0,low,clear,delivered,1,0.0,-3.64,delivered_on_time,2026-08-22T18:31:26.746590,D042,D042,,eta-v3.1,completed,2,0,0,0,0,0,0,,3,0,0,,5,2,1,24.6163211,44.543109666666666,0,0,0,0,Biryani,bike,33.0
O01052,C0704,R002,D066,Bengaluru,2026-08-04 17:52:00,2026-08-04 19:17:24,2026-08-04 18:08:07.975887,,delivered,18.0,severe,clear,delivered,1,,,unknown,2026-08-04T19:35:24,D066,D066,,eta-v3.1,completed,3,0,0,0,0,0,0,,2,0,0,,6,3,1,16.132931449999997,,0,0,0,0,Burgers,scooter,21.0
O01053,C0821,R049,D064,Bengaluru,2026-08-19 18:25:00,,2026-08-19 18:55:48.952065,2026-08-19 19:07:24.726535,delivered,6.06,low,clear,delivered,1,0.0,-5.32,delivered_on_time,2026-08-19T19:14:34.185319,D064,D064,,eta-v3.1,completed,1,0,0,0,0,0,0,,3,0,0,,8,5,1,30.81586775,11.596241166666665,0,0,0,0,Chinese,bike,17.0
O01054,C0482,R051,D087,Bengaluru,2026-08-12 18:04:00,,2026-08-12 18:39:48.391798,2026-08-12 19:23:23.520233,delivered,12.79,medium,rain,delivered,1,1.0,12.23,delivered_late,2026-08-12T19:26:41.807391,D087,D087,,eta-v3.2,completed,0,0,0,0,0,0,0,,3,0,0,,6,3,1,35.806529966666666,43.585473916666665,0,0,0,0,Cafe,bike,62.0
O01055,C0076,R013,D108,Bengaluru,2026-08-28 11:57:00,,2026-08-28 12:23:49.454606,2026-08-28 12:38:58.225538,delivered,1.9,medium,rain,delivered,1,0.0,-2.32,delivered_on_time,2026-08-28T12:52:37.854339,D108,D108,,eta-v3.1,completed,0,0,0,0,0,0,1,RESTAURANT_CONTACT,4,0,1,handed_off,8,5,1,26.824243433333333,15.1461822,0,1,0,0,Pizza,scooter,5.0
O01056,C0898,R052,D005,Bengaluru,2026-08-06 20:06:00,,2026-08-06 20:22:40.721599,2026-08-06 21:12:12.535206,delivered,16.89,medium,rain,delivered,1,0.0,-9.55,delivered_on_time,2026-08-06T21:31:46.805288,D005,D005,,eta-v3.1,completed,3,0,0,0,0,0,0,,3,0,0,,6,3,1,16.678693316666667,49.53022678333333,0,0,0,0,Desserts,bike,26.0
O01057,C0278,R023,D089,Bengaluru,2026-08-17 19:28:00,,2026-08-17 19:54:29.256017,2026-08-17 20:20:42.816056,delivered,8.33,low,clear,delivered,1,1.0,0.22,delivered_late,2026-08-17T20:21:36.886299,D089,D089,,eta-v3.1,completed,2,0,0,1,0,0,0,,3,0,0,,7,4,1,26.487600283333332,26.22600065,0,0,0,0,Pizza,bike,19.0
O01058,C0356,R013,D034,Bengaluru,2026-08-14 20:08:00,,2026-08-14 21:01:56.238771,,cancelled,6.26,low,clear,cancelled,0,,,cancelled,2026-08-14T21:08:55.663659,D034,D034,,eta-v3.1,cancelled,0,0,0,0,0,0,1,CUSTOMER_CREDIT,2,0,0,,1,0,0,53.93731285,,0,1,0,0,Pizza,scooter,32.0
O01059,C0505,R042,D105,Bengaluru,2026-08-03 19:14:00,2026-08-03 20:41:54,2026-08-03 19:48:49.432794,2026-08-03 21:01:48.610929,delivered,18.0,severe,rain,delivered,1,1.0,19.91,delivered_late,2026-08-03T21:04:54,D105,D105,,eta-v3.2,completed,0,0,0,0,0,0,0,,3,0,1,ready,6,3,1,34.823879899999994,72.98630225000001,0,0,0,0,Chinese,bike,18.0
O01060,C0057,R011,D046,Bengaluru,2026-08-26 15:03:00,2026-08-26 16:15:48,2026-08-26 15:33:30.003991,2026-08-26 16:19:14.894808,delivered,18.0,low,clear,delivered,1,1.0,3.45,delivered_late,2026-08-26T16:15:48,D046,D046,,eta-v3.1,completed,3,0,0,0,0,0,1,DRIVER_REASSIGNMENT,3,0,0,,8,5,1,30.500066516666667,45.74818028333333,0,1,0,0,Chinese,bike,38.0
O01061,C0683,R012,D075,Bengaluru,2026-08-01 18:03:00,,2026-08-01 18:27:39.272030,2026-08-01 19:21:21.805305,delivered,15.92,high,rain,delivered,1,1.0,0.43,delivered_late,2026-08-01T19:35:56.275754,D075,D075,,eta-v3.1,completed,2,0,0,0,0,0,0,,3,0,0,,8,5,1,24.654533833333335,53.70888791666666,0,0,0,0,Biryani,bike,22.0
O01062,C0424,R042,D117,Bengaluru,2026-08-03 20:02:00,2026-08-03 21:21:48,2026-08-03 20:32:19.576405,2026-08-03 21:25:15.757529,delivered,18.0,high,clear,delivered,1,1.0,3.46,delivered_late,2026-08-03T21:31:48,D117,D117,,eta-v3.1,completed,3,0,0,0,0,0,0,,3,0,0,,8,5,1,30.326273416666666,52.93635206666667,0,0,0,0,Chinese,scooter,34.0
O01063,C0171,R017,D055,Bengaluru,2026-08-27 23:05:00,2026-08-28 00:24:48,2026-08-27 23:26:01.428913,2026-08-28 00:25:21.624782,delivered,18.0,high,clear,delivered,1,1.0,0.56,delivered_late,2026-08-28T00:34:48,D055,D055,,eta-v3.2,completed,0,0,0,1,0,0,0,,3,0,0,,6,3,1,21.023815216666666,59.33659781666667,0,0,0,0,North Indian,bike,14.0
O01064,C0533,R052,D097,Bengaluru,2026-08-09 15:30:00,2026-08-09 16:49:48,2026-08-09 15:55:36.803271,2026-08-09 16:54:05.901009,delivered,18.0,high,clear,delivered,1,1.0,4.3,delivered_late,2026-08-09T16:59:48,D097,D097,,eta-v3.2,completed,0,0,0,1,0,0,0,,3,0,1,handed_off,7,4,1,25.61338785,58.4849623,0,0,0,0,Desserts,ebike,19.0
O01065,C0689,R022,D040,Bengaluru,2026-08-03 11:21:00,,2026-08-03 11:53:55.531640,2026-08-03 12:19:43.741016,delivered,9.27,low,clear,delivered,1,1.0,4.26,delivered_late,2026-08-03T12:15:28.159866,D040,D040,,eta-v3.2,completed,1,0,0,0,0,0,0,,3,0,1,handed_off,7,4,1,32.925527333333335,25.8034896,0,0,0,0,South Indian,bike,27.0
O01066,C0025,R027,D101,Bengaluru,2026-08-28 22:26:00,2026-08-28 23:41:36,2026-08-28 22:44:17.751062,,cancelled,18.0,medium,clear,cancelled,0,,,cancelled,2026-08-28T23:45:56.049940,D101,D101,,eta-v3.1,cancelled,0,0,0,0,0,0,0,,3,0,0,,1,0,0,18.295851033333335,,0,0,0,0,Biryani,scooter,19.0
O01067,C0788,R031,D070,Bengaluru,2026-08-19 18:45:00,,2026-08-19 19:09:53.807457,2026-08-19 20:00:05.273355,delivered,11.87,severe,rain,delivered,1,1.0,0.07,delivered_late,2026-08-19T20:24:56.812744,D070,D070,,eta-v3.1,completed,3,0,0,0,0,0,0,,3,0,1,ready,7,4,1,24.896790950000003,50.1910983,0,0,0,0,Chinese,bike,22.0
O01068,C0244,R014,D079,Bengaluru,2026-08-15 20:59:00,2026-08-15 22:14:36,2026-08-15 21:20:51.520837,2026-08-15 22:13:21.738057,delivered,18.0,medium,clear,delivered,1,0.0,-1.24,delivered_on_time,2026-08-15T22:18:36,D079,D079,,eta-v3.1,completed,2,0,0,0,0,0,1,RESTAURANT_CONTACT,3,0,0,,5,2,1,21.858680616666668,52.50362033333333,0,1,0,0,Biryani,scooter,22.0
O01069,C0789,R034,D044,Bengaluru,2026-08-11 22:20:00,2026-08-11 23:32:48,2026-08-11 22:44:00.157200,2026-08-11 23:30:44.700509,delivered,18.0,low,clear,delivered,1,0.0,-2.05,delivered_on_time,2026-08-11T23:33:39.039897,D044,D044,,eta-v3.1,completed,3,0,0,0,0,0,0,,3,0,1,preparing,5,2,1,24.00262,46.742388483333336,0,0,0,0,Pizza,scooter,19.0
O01070,C0436,R020,D026,Bengaluru,2026-08-13 12:43:00,,2026-08-13 13:11:38.794160,2026-08-13 13:30:53.597260,delivered,5.65,low,clear,delivered,1,1.0,1.04,delivered_late,2026-08-13T13:31:54.548393,D026,D026,,eta-v3.1,completed,1,0,0,0,0,0,0,,3,0,1,handed_off,8,5,1,28.646569333333332,19.246718333333334,0,0,0,0,Burgers,scooter,19.0
O01071,C0379,R041,D031,Bengaluru,2026-08-23 22:43:00,2026-08-23 23:55:48,2026-08-23 23:21:46.336494,2026-08-24 00:06:32.217757,delivered,18.0,low,clear,delivered,1,1.0,10.74,delivered_late,2026-08-24T00:04:59.972681,D031,D031,,eta-v3.1,completed,1,0,0,1,0,0,1,PRIORITY_DISPATCH,3,0,0,,8,5,1,38.7722749,44.76468771666667,0,1,0,0,Desserts,ebike,17.0
O01072,C0689,R046,D084,Bengaluru,2026-08-28 20:11:00,,2026-08-28 20:38:07.632394,2026-08-28 21:33:09.454400,delivered,16.78,high,clear,delivered,1,1.0,4.91,delivered_late,2026-08-28T21:38:14.681007,D084,D084,,eta-v3.2,completed,0,0,0,0,0,0,1,RESTAURANT_CONTACT,3,0,0,,7,4,1,27.127206566666665,55.03036676666667,0,1,0,0,Chinese,scooter,33.0
O01073,C0011,R023,D074,Bengaluru,2026-08-07 21:29:00,,2026-08-07 21:53:33.973664,2026-08-07 22:39:05.912988,delivered,16.23,medium,clear,delivered,1,0.0,-1.79,delivered_on_time,2026-08-07T22:46:27.531620,D074,D074,,eta-v3.1,completed,3,0,0,1,0,0,0,,3,0,0,,8,5,1,24.566227733333335,45.532322066666666,0,0,0,0,Pizza,bike,6.0
O01074,C0305,R018,D067,Bengaluru,2026-08-07 19:37:00,,2026-08-07 20:15:58.299600,2026-08-07 20:50:04.555319,delivered,14.88,low,clear,delivered,1,1.0,6.83,delivered_late,2026-08-07T20:48:18.550976,D067,D067,,eta-v3.2,completed,0,0,0,0,0,0,0,,4,1,1,ready,7,4,1,38.97166,34.10426198333333,0,0,0,0,South Indian,bike,9.0
O01075,C0491,R025,D089,Bengaluru,2026-08-11 21:39:00,,2026-08-11 22:02:22.698105,2026-08-11 22:41:42.884375,delivered,3.87,high,heavy_rain,delivered,1,1.0,6.58,delivered_late,2026-08-11T22:58:08.957795,D089,D089,,eta-v3.1,completed,0,0,0,0,0,0,0,,3,0,0,,8,5,1,23.37830175,39.336437833333335,0,0,0,0,South Indian,bike,19.0
O01076,C0274,R045,D075,Bengaluru,2026-08-21 11:36:00,,2026-08-21 12:07:11.547543,2026-08-21 12:52:52.074335,delivered,11.61,medium,rain,delivered,1,1.0,12.2,delivered_late,2026-08-21T12:49:40.333343,D091,D075,2026-08-21T11:44:17.793883,eta-v3.2,completed,2,0,1,0,0,0,0,,3,0,0,,6,3,1,31.19245905,45.675446533333336,1,0,0,0,Cafe,bike,22.0
O01077,C0463,R006,D115,Bengaluru,2026-08-19 21:19:00,2026-08-19 22:40:36,2026-08-19 21:36:29.077835,,cancelled,18.0,medium,heavy_rain,cancelled,0,,,cancelled,2026-08-19T22:57:25.308963,D115,D115,,eta-v3.2,cancelled,3,0,0,0,0,0,1,PRIORITY_DISPATCH,2,0,0,,1,0,0,17.484630583333335,,0,1,0,0,Pizza,bike,20.0
O01078,C0563,R029,D018,Bengaluru,2026-08-25 21:10:00,,2026-08-25 21:23:37.168537,,cancelled,8.46,medium,clear,cancelled,0,,,cancelled,2026-08-25T22:09:53.154697,D018,D018,,eta-v3.2,cancelled,2,0,0,1,0,0,1,DRIVER_REASSIGNMENT,2,0,0,,1,0,0,13.619475616666668,,0,1,0,0,Burgers,bike,16.0
O01079,C0686,R018,D067,Bengaluru,2026-08-11 15:57:00,,2026-08-11 16:26:14.005923,2026-08-11 17:03:14.578512,delivered,13.94,medium,clear,delivered,1,0.0,-0.84,delivered_on_time,2026-08-11T17:09:56.243173,D067,D067,,eta-v3.1,completed,1,0,0,0,0,0,0,,3,0,0,,6,3,1,29.233432049999998,37.00954315,0,0,0,0,South Indian,bike,9.0
O01080,C0625,R054,D009,Bengaluru,2026-08-24 20:36:00,2026-08-24 21:51:18,2026-08-24 20:59:24.141759,,delivered,18.0,low,rain,delivered,1,,,unknown,2026-08-24T21:56:18,D009,D009,,eta-v3.2,completed,0,0,0,0,0,0,0,,2,0,0,,6,3,1,23.40236265,,0,0,0,0,South Indian,ebike,15.0
O01081,C0554,R048,D082,Bengaluru,2026-08-13 17:14:00,,2026-08-13 18:19:53.467196,2026-08-13 19:06:02.677891,delivered,9.42,high,clear,delivered,1,1.0,50.27,delivered_late,2026-08-13T18:37:31.815963,D082,D082,,eta-v3.2,completed,0,0,0,0,0,0,0,,3,0,1,preparing,6,3,1,65.89111993333333,46.153511583333334,0,0,0,0,South Indian,scooter,44.0
O01082,C0677,R029,D033,Bengaluru,2026-08-14 16:25:00,,2026-08-14 16:52:03.014118,2026-08-14 17:44:10.330019,delivered,15.47,low,heavy_rain,delivered,1,1.0,5.68,delivered_late,2026-08-14T17:51:44.152572,D033,D033,,eta-v3.1,completed,2,0,0,2,1,1,0,,3,0,1,handed_off,7,4,1,27.0502353,52.12193168333333,1,0,0,0,Burgers,scooter,33.0
O01083,C0281,R011,D117,Bengaluru,2026-08-01 19:08:00,2026-08-01 20:20:48,2026-08-01 19:49:51.710400,2026-08-01 20:34:53.904706,delivered,18.0,low,clear,delivered,1,1.0,14.1,delivered_late,2026-08-01T20:26:52.743264,D117,D117,,eta-v3.2,completed,3,0,1,0,0,0,0,,3,0,0,,6,3,1,41.86184,45.03657176666666,1,0,0,0,Chinese,scooter,34.0
O01084,C0823,R046,D108,Bengaluru,2026-08-06 12:58:00,,2026-08-06 13:16:08.740959,2026-08-06 14:21:06.870413,delivered,17.69,severe,rain,delivered,1,0.0,-4.12,delivered_on_time,2026-08-06T14:48:14.337155,D108,D108,,eta-v3.2,completed,2,0,0,0,0,0,0,,4,0,0,,5,2,1,18.14568265,64.96882423333334,0,0,0,0,Chinese,scooter,5.0
O01085,C0846,R026,D074,Bengaluru,2026-08-12 16:35:00,2026-08-12 17:47:48,2026-08-12 16:56:50.642234,2026-08-12 17:38:36.002993,delivered,18.0,low,clear,delivered,1,0.0,-9.2,delivered_on_time,2026-08-12T17:47:48,D074,D074,,eta-v3.1,completed,0,0,0,0,0,0,0,,4,0,1,preparing,5,2,1,21.84403723333333,41.75601265,0,0,0,0,Desserts,bike,6.0
O01086,C0273,R046,D049,Bengaluru,2026-08-25 17:15:00,2026-08-25 18:30:36,2026-08-25 17:32:39.714023,2026-08-25 18:16:45.625876,delivered,18.0,medium,clear,delivered,1,0.0,-13.84,delivered_on_time,2026-08-25T18:34:36,D049,D049,,eta-v3.1,completed,3,0,0,0,0,0,0,,4,0,0,,8,5,1,17.661900383333332,44.09853088333333,0,0,0,0,Chinese,bike,17.0
O01087,C0714,R017,D120,Bengaluru,2026-08-02 19:32:00,,2026-08-02 20:05:35.387861,2026-08-02 20:51:21.080393,delivered,17.09,low,clear,delivered,1,1.0,8.45,delivered_late,2026-08-02T20:43:29.195882,D120,D120,,eta-v3.1,completed,2,0,1,0,0,0,0,,3,0,0,,6,3,1,33.58979768333333,45.7615422,1,0,0,0,North Indian,scooter,22.0
O01088,C0488,R023,D105,Bengaluru,2026-08-09 19:46:00,,2026-08-09 20:20:55.454727,2026-08-09 20:44:47.958677,delivered,9.15,low,clear,delivered,1,1.0,4.59,delivered_late,2026-08-09T20:40:12.409675,D105,D105,,eta-v3.1,completed,0,0,0,1,0,0,0,,4,1,1,handed_off,6,3,1,34.924245449999994,23.875065833333334,0,0,0,0,Pizza,bike,18.0
O01089,C0424,R013,D112,Bengaluru,2026-08-21 14:03:00,2026-08-21 15:18:36,2026-08-21 14:36:47.904764,2026-08-21 15:27:11.077344,delivered,18.0,medium,clear,delivered,1,1.0,8.58,delivered_late,2026-08-21T15:31:42.064812,D112,D112,,eta-v3.1,completed,4,0,1,0,0,0,0,,4,0,0,,6,3,1,33.79841273333333,50.386209666666666,1,0,0,0,Pizza,bike,19.0
O01090,C0338,R016,D112,Bengaluru,2026-08-03 17:56:00,2026-08-03 19:08:48,2026-08-03 18:13:57.364603,2026-08-03 19:01:37.420245,delivered,18.0,low,clear,delivered,1,0.0,-7.18,delivered_on_time,2026-08-03T19:08:48,D112,D112,,eta-v3.1,completed,3,0,0,1,0,0,0,,3,0,1,handed_off,8,5,1,17.956076716666665,47.66759403333333,0,0,0,0,Biryani,bike,19.0
O01091,C0609,R021,D059,Bengaluru,2026-08-05 20:43:00,2026-08-05 21:55:48,2026-08-05 21:08:27.791472,2026-08-05 21:55:38.785518,delivered,18.0,low,clear,delivered,1,0.0,-0.15,delivered_on_time,2026-08-05T21:55:50.161246,D059,D059,,eta-v3.2,completed,2,0,0,0,0,0,0,,3,0,0,,5,2,1,25.4631912,47.1832341,0,0,0,0,Biryani,bike,7.0
O01092,C0858,R042,D116,Bengaluru,2026-08-24 22:13:00,,2026-08-24 22:40:37.890573,2026-08-24 23:16:15.447779,delivered,11.31,low,rain,delivered,1,1.0,2.01,delivered_late,2026-08-24T23:19:14.650810,D116,D116,,eta-v3.2,completed,0,0,0,0,0,0,0,,3,0,0,,6,3,1,27.631509549999997,35.62595343333333,0,0,0,0,Chinese,bike,15.0
O01093,C0064,R042,D029,Bengaluru,2026-08-04 17:00:00,,2026-08-04 17:06:20.937945,2026-08-04 17:28:33.083782,delivered,5.11,medium,clear,delivered,1,0.0,-19.99,delivered_on_time,2026-08-04T17:52:40.852564,D029,D029,,eta-v3.2,completed,2,0,0,0,0,0,0,,3,0,0,,5,2,1,6.3489657500000005,22.202430616666668,0,0,0,0,Chinese,bike,19.0
O01094,C0216,R010,D119,Bengaluru,2026-08-05 12:32:00,,2026-08-05 13:08:31.521741,2026-08-05 13:57:59.231919,delivered,12.62,high,clear,delivered,1,1.0,17.48,delivered_late,2026-08-05T13:56:57.502974,D056,D119,2026-08-05T12:45:59.964441,eta-v3.1,completed,3,0,1,1,1,1,1,CUSTOMER_CREDIT,3,0,0,,6,3,1,36.52536235,49.461836299999995,1,1,0,0,North Indian,bike,15.0
O01095,C0894,R003,D115,Bengaluru,2026-08-10 19:24:00,2026-08-10 20:36:48,2026-08-10 19:44:12.854236,2026-08-10 20:27:41.245047,delivered,18.0,low,clear,delivered,1,0.0,-9.11,delivered_on_time,2026-08-10T20:37:03.344695,D115,D115,,eta-v3.1,completed,1,0,0,0,0,0,0,,3,0,1,preparing,8,5,1,20.214237266666665,43.473180183333334,0,0,0,0,Chinese,bike,20.0
O01096,C0456,R046,D060,Bengaluru,2026-08-11 15:09:00,,2026-08-11 15:27:35.666845,,cancelled,9.86,low,clear,cancelled,0,,,cancelled,2026-08-11T16:04:42.595917,D060,D060,,eta-v3.1,cancelled,1,0,0,0,0,0,0,,2,0,1,ready,1,0,0,18.594447416666664,,0,0,0,0,Chinese,bike,24.0
O01097,C0551,R039,D008,Bengaluru,2026-08-24 19:26:00,2026-08-24 20:38:48,2026-08-24 19:55:50.018799,2026-08-24 20:40:53.497529,delivered,18.0,low,clear,delivered,1,1.0,2.09,delivered_late,2026-08-24T20:38:48,D008,D008,,eta-v3.2,completed,1,0,0,0,0,0,0,,3,0,0,,7,4,1,29.83364665,45.05797883333333,0,0,0,0,Biryani,ebike,23.0
O01098,C0023,R057,D041,Bengaluru,2026-08-10 22:11:00,2026-08-10 23:30:48,2026-08-10 22:34:17.608398,2026-08-10 23:30:33.256242,delivered,18.0,high,clear,delivered,1,0.0,-0.25,delivered_on_time,2026-08-10T23:40:48,D041,D041,,eta-v3.1,completed,2,0,0,0,0,0,0,,3,0,0,,6,3,1,23.293473300000002,56.2607974,0,0,0,0,Cafe,bike,83.0
O01099,C0016,R045,D111,Bengaluru,2026-08-22 18:25:00,2026-08-22 19:43:48,2026-08-22 18:58:31.425369,2026-08-22 19:55:06.817015,delivered,18.0,low,heavy_rain,delivered,1,1.0,11.31,delivered_late,2026-08-22T19:59:02.567009,D111,D111,,eta-v3.2,completed,4,0,1,0,0,0,0,,3,0,1,preparing,8,5,1,33.523756150000004,56.58986076666667,1,0,0,0,Cafe,bike,30.0
O01100,C0496,R012,D058,Bengaluru,2026-08-21 16:12:00,,2026-08-21 16:22:29.990808,2026-08-21 17:03:54.734530,delivered,13.47,medium,clear,delivered,1,0.0,-14.18,delivered_on_time,2026-08-21T17:22:05.834259,D058,D058,,eta-v3.2,completed,2,0,0,0,0,0,0,,3,0,0,,5,2,1,10.4998468,41.41239536666667,0,0,0,0,Biryani,scooter,15.0
O01101,C0164,R054,D055,Bengaluru,2026-08-05 12:21:00,2026-08-05 13:36:36,2026-08-05 12:49:00.960850,2026-08-05 13:37:52.992097,delivered,18.0,medium,clear,delivered,1,1.0,1.28,delivered_late,2026-08-05T13:40:36,D055,D055,,eta-v3.1,completed,0,0,0,0,0,0,0,,3,0,0,,6,3,1,28.016014166666665,48.867187449999996,0,0,0,0,South Indian,bike,14.0
O01102,C0634,R021,D010,Bengaluru,2026-08-12 18:25:00,,2026-08-12 19:31:48.324377,2026-08-12 20:16:09.835907,delivered,13.53,medium,clear,delivered,1,1.0,44.95,delivered_late,2026-08-12T19:43:35.796995,D010,D010,,eta-v3.1,completed,2,0,0,0,0,0,0,,3,0,0,,8,5,1,66.80540628333333,44.358525500000006,0,0,0,0,Biryani,ebike,7.0
O01103,C0642,R014,D086,Bengaluru,2026-08-18 19:15:00,2026-08-18 20:34:48,2026-08-18 19:40:52.262120,2026-08-18 20:41:42.616649,delivered,18.0,high,clear,delivered,1,1.0,6.91,delivered_late,2026-08-18T20:45:08.004702,D086,D086,,eta-v3.1,completed,0,0,0,0,0,0,0,,3,0,1,preparing,8,5,1,25.871035333333335,60.839242150000004,0,0,0,0,Biryani,bike,28.0
O01104,C0642,R015,D105,Bengaluru,2026-08-01 11:41:00,,2026-08-01 11:55:12.820600,2026-08-01 12:41:17.622276,delivered,12.46,high,clear,delivered,1,0.0,-7.87,delivered_on_time,2026-08-01T13:00:32.188559,D105,D105,,eta-v3.2,completed,1,0,0,0,0,0,0,,4,0,0,,8,5,1,14.213676666666666,46.080027933333334,0,0,0,0,Cafe,bike,18.0
O01105,C0526,R016,D005,Bengaluru,2026-08-22 15:57:00,,2026-08-22 16:25:18.433048,2026-08-22 17:09:20.394902,delivered,14.8,low,rain,delivered,1,1.0,3.76,delivered_late,2026-08-22T17:10:34.746750,D005,D005,,eta-v3.2,completed,2,0,0,0,0,0,0,,3,0,0,,8,5,1,28.307217466666668,44.03269756666667,0,0,0,0,Biryani,bike,26.0
O01106,C0268,R006,D071,Bengaluru,2026-08-23 18:50:00,,2026-08-23 19:37:37.371643,2026-08-23 19:49:55.046399,delivered,1.47,medium,clear,delivered,1,1.0,19.02,delivered_late,2026-08-23T19:43:44.657771,D071,D071,,eta-v3.2,completed,4,1,0,2,1,1,0,,3,0,0,,8,5,1,47.622860716666665,12.294579266666666,1,0,0,0,Pizza,scooter,30.0
O01107,C0660,R040,D038,Bengaluru,2026-08-21 19:52:00,,2026-08-21 20:35:41.852841,2026-08-21 21:13:51.660760,delivered,16.11,low,clear,delivered,1,1.0,13.02,delivered_late,2026-08-21T21:00:55.259492,D038,D038,,eta-v3.1,completed,4,0,1,0,0,0,0,,3,0,0,,6,3,1,43.69754735,38.16346531666667,1,0,0,0,Desserts,bike,22.0
O01108,C0010,R035,D098,Bengaluru,2026-08-03 16:20:00,,2026-08-03 16:40:16.260774,2026-08-03 17:16:32.343524,delivered,10.02,medium,rain,delivered,1,0.0,-4.8,delivered_on_time,2026-08-03T17:30:20.173057,D098,D098,,eta-v3.1,completed,0,0,0,0,0,0,1,CUSTOMER_CREDIT,4,1,1,preparing,6,3,1,20.271012900000002,36.26804583333333,0,1,0,0,North Indian,scooter,7.0
O01109,C0299,R046,D106,Bengaluru,2026-08-03 18:10:00,,2026-08-03 18:19:50.219434,2026-08-03 19:06:07.544585,delivered,13.51,high,clear,delivered,1,0.0,-14.26,delivered_on_time,2026-08-03T19:30:22.866721,D106,D106,,eta-v3.1,completed,2,0,0,0,0,0,0,,3,0,1,preparing,5,2,1,9.836990566666666,46.28875251666667,0,0,0,0,Chinese,bike,24.0
O01110,C0155,R024,D064,Bengaluru,2026-08-24 19:31:00,,2026-08-24 19:56:05.606077,2026-08-24 20:42:31.754889,delivered,12.82,high,clear,delivered,1,1.0,2.61,delivered_late,2026-08-24T20:51:49.257379,D064,D064,,eta-v3.1,completed,3,0,0,1,0,0,0,,3,0,0,,6,3,1,25.093434616666666,46.43581353333333,0,0,0,0,South Indian,bike,17.0
O01111,C0072,R017,D019,Bengaluru,2026-08-15 14:39:00,2026-08-15 15:51:48,2026-08-15 15:19:55.637375,2026-08-15 16:09:49.216099,delivered,18.0,low,clear,delivered,1,1.0,18.02,delivered_late,2026-08-15T15:53:13.465011,D019,D019,,eta-v3.1,completed,0,0,0,0,0,0,0,,3,0,0,,6,3,1,40.92728958333333,49.89297873333333,0,0,0,0,North Indian,scooter,58.0
O01112,C0215,R026,D030,Bengaluru,2026-08-12 23:30:00,2026-08-13 00:48:06,2026-08-12 23:56:19.209832,2026-08-13 00:50:25.217891,delivered,18.0,medium,rain,delivered,1,1.0,2.32,delivered_late,2026-08-13T00:57:44.051228,D030,D030,,eta-v3.1,completed,0,0,0,0,0,0,1,CUSTOMER_CREDIT,3,0,0,,6,3,1,26.320163866666668,54.10013431666666,0,1,0,0,Desserts,scooter,19.0
O01113,C0411,R018,D028,Bengaluru,2026-08-01 18:09:00,,2026-08-01 18:23:53.380281,2026-08-01 18:58:40.349270,delivered,9.98,medium,clear,delivered,1,0.0,-9.09,delivered_on_time,2026-08-01T19:11:45.538427,D028,D028,,eta-v3.1,completed,2,0,0,0,0,0,1,RESTAURANT_CONTACT,3,0,1,preparing,8,5,1,14.889671349999999,34.782816483333335,0,1,0,0,South Indian,bike,10.0
O01114,C0352,R014,D015,Bengaluru,2026-08-28 15:25:00,2026-08-28 16:40:36,2026-08-28 15:47:41.871627,2026-08-28 16:41:47.961835,delivered,18.0,medium,clear,delivered,1,1.0,1.2,delivered_late,2026-08-28T16:46:11.452687,D015,D015,,eta-v3.1,completed,3,0,0,0,0,0,1,RESTAURANT_CONTACT,4,0,1,handed_off,6,3,1,22.69786045,54.10150346666667,0,1,0,0,Biryani,ebike,23.0
O01115,C0813,R053,D117,Bengaluru,2026-08-25 19:16:00,2026-08-25 20:41:24,2026-08-25 19:38:10.739433,2026-08-25 20:40:27.102548,delivered,18.0,severe,clear,delivered,1,0.0,-0.95,delivered_on_time,2026-08-25T20:59:24,D117,D117,,eta-v3.1,completed,0,0,0,0,0,0,1,DRIVER_REASSIGNMENT,4,0,1,ready,7,4,1,22.178990549999998,62.27271858333334,0,1,0,0,North Indian,scooter,34.0
O01116,C0324,R052,D090,Bengaluru,2026-08-11 14:41:00,2026-08-11 15:53:48,2026-08-11 14:55:23.520002,2026-08-11 15:44:04.055755,delivered,18.0,low,clear,delivered,1,0.0,-9.73,delivered_on_time,2026-08-11T15:53:48,D090,D090,,eta-v3.1,completed,0,0,0,0,0,0,0,,3,0,1,handed_off,7,4,1,14.392000033333334,48.67559588333334,0,0,0,0,Desserts,bike,12.0
O01117,C0810,R052,D084,Bengaluru,2026-08-01 18:20:00,2026-08-01 19:35:36,2026-08-01 18:40:32.961824,2026-08-01 19:19:17.056072,delivered,18.0,medium,clear,delivered,1,0.0,-16.32,delivered_on_time,2026-08-01T19:39:36,D084,D084,,eta-v3.1,completed,3,0,0,1,0,0,1,CUSTOMER_CREDIT,4,0,0,,8,5,1,20.549363733333333,38.73490413333333,0,1,0,0,Desserts,scooter,33.0
O01118,C0210,R024,D034,Bengaluru,2026-08-19 20:30:00,,2026-08-19 20:59:45.990280,2026-08-19 21:44:03.302164,delivered,11.56,high,clear,delivered,1,1.0,7.77,delivered_late,2026-08-19T21:46:16.813041,D034,D034,,eta-v3.1,completed,3,0,0,0,0,0,0,,3,0,0,,5,2,1,29.766504666666666,44.288531400000004,0,0,0,0,South Indian,scooter,32.0
O01119,C0365,R028,D028,Bengaluru,2026-08-24 15:04:00,,2026-08-24 15:17:37.290147,,cancelled,17.41,medium,rain,cancelled,0,,,cancelled,2026-08-24T16:30:01.672206,D028,D028,,eta-v3.1,cancelled,1,0,0,0,0,0,1,RESTAURANT_CONTACT,2,0,0,,1,0,0,13.621502450000001,,0,1,0,0,Biryani,bike,10.0
O01120,C0295,R031,D010,Bengaluru,2026-08-19 20:37:00,2026-08-19 22:02:24,2026-08-19 21:08:45.999078,2026-08-19 22:12:50.414424,delivered,18.0,severe,clear,delivered,1,1.0,10.44,delivered_late,2026-08-19T22:22:09.766835,D010,D010,,eta-v3.1,completed,0,0,0,0,0,0,0,,3,0,0,,6,3,1,31.7666513,64.0735891,0,0,0,0,Chinese,ebike,7.0
O01121,C0201,R015,D009,Bengaluru,2026-08-20 21:31:00,,2026-08-20 21:55:36.472198,2026-08-20 22:38:25.382380,delivered,16.01,low,clear,delivered,1,0.0,-1.21,delivered_on_time,2026-08-20T22:45:41.479279,D009,D009,,eta-v3.2,completed,0,0,0,0,0,0,0,,3,0,0,,8,5,1,24.607869966666666,42.8151697,0,0,0,0,Cafe,ebike,15.0
O01122,C0680,R052,D058,Bengaluru,2026-08-16 21:14:00,2026-08-16 22:26:48,2026-08-16 21:33:30.924706,2026-08-16 22:23:44.556588,delivered,18.0,low,clear,delivered,1,0.0,-3.06,delivered_on_time,2026-08-16T22:26:48,D044,D058,2026-08-16T21:25:03.580841,eta-v3.2,completed,0,0,0,0,0,0,1,RESTAURANT_CONTACT,3,0,1,handed_off,8,5,1,19.515411766666666,50.22719803333334,0,1,0,0,Desserts,scooter,15.0
O01123,C0098,R014,D063,Bengaluru,2026-08-23 19:12:00,2026-08-23 20:24:48,2026-08-23 19:40:21.599533,2026-08-23 20:20:40.486474,delivered,18.0,low,clear,delivered,1,0.0,-4.13,delivered_on_time,2026-08-23T20:24:49.265305,D063,D063,,eta-v3.2,completed,0,0,0,0,0,0,0,,3,0,0,,5,2,1,28.35999221666667,40.31478235,0,0,0,0,Biryani,scooter,50.0
O01124,C0176,R008,D100,Bengaluru,2026-08-19 12:53:00,2026-08-19 14:05:48,2026-08-19 13:17:43.575405,2026-08-19 13:57:19.401905,delivered,18.0,low,clear,delivered,1,0.0,-8.48,delivered_on_time,2026-08-19T14:07:18.749930,D100,D100,,eta-v3.2,completed,1,0,0,1,0,0,0,,3,0,1,handed_off,5,2,1,24.72625675,39.59710833333334,0,0,0,0,Cafe,scooter,7.0
O01125,C0249,R043,D025,Bengaluru,2026-08-18 18:19:00,,2026-08-18 18:25:45.717901,2026-08-18 19:07:43.441621,delivered,11.35,medium,clear,delivered,1,0.0,-12.9,delivered_on_time,2026-08-18T19:24:37.717040,D025,D025,,eta-v3.1,completed,1,0,0,0,0,0,0,,3,0,0,,6,3,1,6.761965016666666,41.962061999999996,0,0,0,0,Burgers,bike,28.0
O01126,C0674,R055,D082,Bengaluru,2026-08-02 15:21:00,,2026-08-02 15:33:04.788481,2026-08-02 16:06:00.064060,delivered,13.55,low,clear,delivered,1,0.0,-18.46,delivered_on_time,2026-08-02T16:26:53.741437,D082,D082,,eta-v3.2,completed,2,0,0,0,0,0,0,,3,0,0,,6,3,1,12.079808016666668,32.92125965,0,0,0,0,Burgers,scooter,44.0
O01127,C0610,R050,D107,Bengaluru,2026-08-21 18:22:00,2026-08-21 19:34:48,2026-08-21 18:52:43.718866,2026-08-21 19:36:00.603906,delivered,18.0,low,clear,delivered,1,1.0,1.21,delivered_late,2026-08-21T19:35:42.819021,D107,D107,,eta-v3.1,completed,0,0,0,0,0,0,0,,3,0,0,,5,2,1,30.728647766666665,43.28141733333334,0,0,0,0,Cafe,bike,17.0
O01128,C0512,R018,D030,Bengaluru,2026-08-14 19:27:00,2026-08-14 20:48:36,2026-08-14 19:51:44.625062,2026-08-14 20:50:46.263299,delivered,18.0,medium,heavy_rain,delivered,1,1.0,2.17,delivered_late,2026-08-14T21:04:36,D030,D030,,eta-v3.2,completed,1,0,0,0,0,0,0,,3,0,1,ready,7,4,1,24.743751033333336,59.027303950000004,0,0,0,0,South Indian,scooter,19.0
O01129,C0866,R012,D092,Bengaluru,2026-08-11 20:55:00,,2026-08-11 21:17:40.697706,2026-08-11 21:49:38.240971,delivered,4.33,high,rain,delivered,1,1.0,1.05,delivered_late,2026-08-11T22:03:34.970002,D092,D092,,eta-v3.1,completed,2,0,0,0,0,0,0,,4,0,0,,6,3,1,22.6782951,31.959054416666667,0,0,0,0,Biryani,scooter,7.0
O01130,C0866,R015,D099,Bengaluru,2026-08-28 15:37:00,,2026-08-28 15:52:28.220909,2026-08-28 16:14:27.206113,delivered,3.86,medium,clear,delivered,1,0.0,-8.45,delivered_on_time,2026-08-28T16:26:54.310518,D099,D099,,eta-v3.1,completed,0,0,0,0,0,0,0,,3,0,0,,5,2,1,15.470348483333334,21.983086733333334,0,0,0,0,Cafe,bike,6.0
O01131,C0532,R006,D099,Bengaluru,2026-08-05 19:30:00,2026-08-05 20:49:48,2026-08-05 19:53:49.381338,2026-08-05 20:46:59.734670,delivered,18.0,high,clear,delivered,1,0.0,-2.8,delivered_on_time,2026-08-05T21:01:18.087880,D099,D099,,eta-v3.2,completed,1,0,0,1,0,0,0,,3,0,0,,6,3,1,23.823022299999998,53.17255553333334,0,0,0,0,Pizza,bike,6.0
O01132,C0367,R010,D104,Bengaluru,2026-08-19 18:03:00,,2026-08-19 18:49:20.242900,2026-08-19 19:24:01.401437,delivered,8.4,high,clear,delivered,1,1.0,21.39,delivered_late,2026-08-19T19:12:38.098935,D104,D104,,eta-v3.2,completed,1,0,0,1,0,0,1,RESTAURANT_CONTACT,3,0,0,,8,5,1,46.33738166666667,34.68597561666666,0,1,0,0,North Indian,bike,30.0
O01133,C0890,R029,D018,Bengaluru,2026-08-10 15:27:00,2026-08-10 16:46:48,2026-08-10 16:10:41.060583,2026-08-10 17:05:53.763805,delivered,18.0,high,clear,delivered,1,1.0,19.1,delivered_late,2026-08-10T17:04:03.107592,D018,D018,,eta-v3.2,completed,0,0,0,0,0,0,0,,4,1,0,,5,2,1,43.68434305,55.21172036666667,0,0,0,0,Burgers,bike,16.0
O01134,C0795,R038,D025,Bengaluru,2026-08-11 21:55:00,2026-08-11 23:10:36,2026-08-11 22:21:21.024596,2026-08-11 23:13:34.612268,delivered,18.0,medium,clear,delivered,1,1.0,2.98,delivered_late,2026-08-11T23:16:15.038762,D025,D025,,eta-v3.1,completed,0,0,0,0,0,0,0,,3,0,1,handed_off,8,5,1,26.35040993333333,52.2264612,0,0,0,0,Pizza,bike,28.0
O01135,C0721,R015,D076,Bengaluru,2026-08-23 17:19:00,,2026-08-23 17:49:40.919361,2026-08-23 18:29:24.781119,delivered,13.89,low,clear,delivered,1,1.0,6.23,delivered_late,2026-08-23T18:24:48.100733,D076,D076,,eta-v3.1,completed,1,0,0,0,0,0,0,,4,1,1,preparing,7,4,1,30.68198935,39.7310293,0,0,0,0,Cafe,bike,9.0
O01136,C0681,R021,D077,Bengaluru,2026-08-24 13:54:00,2026-08-24 15:09:36,2026-08-24 14:20:59.247255,2026-08-24 15:12:25.586962,delivered,18.0,medium,clear,delivered,1,1.0,2.83,delivered_late,2026-08-24T15:16:07.284078,D077,D077,,eta-v3.2,completed,3,0,0,0,0,0,0,,3,0,1,handed_off,8,5,1,26.98745425,51.43899511666667,0,0,0,0,Biryani,bike,4.0
O01137,C0119,R060,D027,Bengaluru,2026-08-27 11:35:00,2026-08-27 13:00:48,2026-08-27 11:56:03.255612,2026-08-27 13:01:13.284488,delivered,18.0,high,heavy_rain,delivered,1,1.0,0.42,delivered_late,2026-08-27T13:24:00.324908,D027,D027,,eta-v3.1,completed,1,0,0,0,0,0,0,,3,0,0,,5,2,1,21.054260199999998,65.16714793333333,0,0,0,0,Chinese,ebike,4.0
O01138,C0373,R009,D024,Bengaluru,2026-08-15 21:04:00,2026-08-15 22:19:36,2026-08-15 21:43:54.490103,2026-08-15 22:30:01.266874,delivered,18.0,medium,clear,delivered,1,1.0,10.42,delivered_late,2026-08-15T22:27:57.834013,D024,D024,,eta-v3.2,completed,0,0,0,1,0,0,1,RESTAURANT_CONTACT,3,0,0,,6,3,1,39.90816838333333,46.11294618333333,0,1,0,0,Burgers,bike,32.0
O01139,C0294,R039,D058,Bengaluru,2026-08-14 17:11:00,,2026-08-14 17:36:00.508357,2026-08-14 17:57:38.699243,delivered,6.35,medium,clear,delivered,1,0.0,-4.5,delivered_on_time,2026-08-14T18:09:39.950938,D058,D058,,eta-v3.1,completed,1,0,0,1,0,0,1,PRIORITY_DISPATCH,4,1,0,,6,3,1,25.008472616666666,21.636514766666668,0,1,0,0,Biryani,scooter,15.0
O01140,C0555,R035,D059,Bengaluru,2026-08-19 23:13:00,2026-08-20 00:25:48,2026-08-19 23:38:28.449869,2026-08-20 00:28:14.803212,delivered,18.0,low,clear,delivered,1,1.0,2.45,delivered_late,2026-08-20T00:30:42.056463,D059,D059,,eta-v3.2,completed,1,0,0,0,0,0,0,,3,0,1,handed_off,7,4,1,25.474164483333332,49.77255571666667,0,0,0,0,North Indian,bike,7.0
O01141,C0520,R014,D068,Bengaluru,2026-08-16 19:22:00,,2026-08-16 20:00:38.164704,2026-08-16 20:54:17.512590,delivered,16.63,high,clear,delivered,1,1.0,15.37,delivered_late,2026-08-16T20:48:56.571941,D068,D068,,eta-v3.1,completed,0,0,0,1,0,0,1,DRIVER_REASSIGNMENT,3,0,0,,7,4,1,38.636078399999995,53.6557981,0,1,0,0,Biryani,scooter,1.0
O01142,C0528,R041,D028,Bengaluru,2026-08-26 13:08:00,2026-08-26 14:23:36,2026-08-26 13:40:19.978315,2026-08-26 14:30:10.204032,delivered,18.0,medium,clear,delivered,1,1.0,6.57,delivered_late,2026-08-26T14:31:56.191838,D028,D028,,eta-v3.1,completed,3,0,0,2,1,1,0,,3,0,0,,6,3,1,32.332971916666665,49.83709528333333,1,0,0,0,Desserts,bike,10.0
O01143,C0053,R056,D017,Bengaluru,2026-08-02 21:03:00,2026-08-02 22:21:06,2026-08-02 21:25:24.906462,2026-08-02 22:22:03.635979,delivered,18.0,medium,rain,delivered,1,1.0,0.96,delivered_late,2026-08-02T22:30:06,D017,D017,,eta-v3.1,completed,1,0,0,0,0,0,1,CUSTOMER_CREDIT,4,1,0,,8,5,1,22.4151077,56.64549195,0,1,0,0,Biryani,bike,17.0
O01144,C0788,R055,D017,Bengaluru,2026-08-26 21:59:00,2026-08-26 23:21:18,2026-08-26 22:44:58.916772,2026-08-26 23:51:26.036977,delivered,18.0,high,rain,delivered,1,1.0,30.13,delivered_late,2026-08-26T23:42:40.942274,D017,D017,,eta-v3.2,completed,4,0,1,1,1,1,0,,3,0,0,,7,4,1,45.9819462,66.45200341666667,1,0,0,0,Burgers,bike,17.0
O01145,C0448,R035,D047,Bengaluru,2026-08-02 20:37:00,2026-08-02 21:56:48,2026-08-02 21:01:14.623348,2026-08-02 21:57:59.674709,delivered,18.0,high,clear,delivered,1,1.0,1.19,delivered_late,2026-08-02T22:06:48,D047,D047,,eta-v3.1,completed,3,0,0,0,0,0,0,,4,1,1,preparing,8,5,1,24.243722466666668,56.75085601666667,0,0,0,0,North Indian,scooter,10.0
O01146,C0364,R024,D068,Bengaluru,2026-08-04 13:05:00,2026-08-04 14:30:24,2026-08-04 13:27:53.248984,2026-08-04 14:36:35.230297,delivered,18.0,severe,clear,delivered,1,1.0,6.19,delivered_late,2026-08-04T14:48:24,D068,D068,,eta-v3.2,completed,0,0,0,0,0,0,0,,4,0,0,,5,2,1,22.887483066666668,68.69968855,0,0,0,0,South Indian,scooter,1.0
O01147,C0457,R004,D060,Bengaluru,2026-08-03 18:03:00,,2026-08-03 18:28:53.121567,2026-08-03 19:09:21.311240,delivered,9.68,high,clear,delivered,1,1.0,4.03,delivered_late,2026-08-03T19:15:19.801748,D060,D060,,eta-v3.2,completed,0,0,0,0,0,0,1,DRIVER_REASSIGNMENT,3,0,0,,6,3,1,25.88535945,40.46982788333333,0,1,0,0,South Indian,bike,24.0
O01148,C0406,R036,D107,Bengaluru,2026-08-04 18:11:00,,2026-08-04 18:38:32.745645,2026-08-04 19:20:09.785281,delivered,11.54,low,rain,delivered,1,1.0,7.42,delivered_late,2026-08-04T19:18:51.084047,D107,D107,,eta-v3.1,completed,0,0,0,0,0,0,1,RESTAURANT_CONTACT,3,0,0,,7,4,1,27.54576075,41.61732726666666,0,1,0,0,North Indian,bike,17.0
O01149,C0475,R020,D041,Bengaluru,2026-08-22 20:37:00,,2026-08-22 21:04:53.833501,,delivered,4.92,high,clear,delivered,1,,,unknown,2026-08-22T21:40:39.171092,D041,D041,,eta-v3.1,completed,2,0,0,0,0,0,0,,2,0,1,handed_off,7,4,1,27.897225016666667,,0,0,0,0,Burgers,bike,83.0
O01150,C0052,R014,D085,Bengaluru,2026-08-17 21:31:00,2026-08-17 22:46:36,2026-08-17 21:56:09.524131,,cancelled,18.0,medium,clear,cancelled,0,,,cancelled,2026-08-17T22:52:15.845558,D085,D085,,eta-v3.2,cancelled,0,0,0,1,0,0,0,,2,0,0,,1,0,0,25.158735516666663,,0,0,0,0,Biryani,bike,26.0
O01151,C0424,R007,D114,Bengaluru,2026-08-20 19:49:00,2026-08-20 21:04:36,2026-08-20 20:10:27.987029,2026-08-20 20:57:26.784161,delivered,18.0,medium,clear,delivered,1,0.0,-7.15,delivered_on_time,2026-08-20T21:10:31.993833,D114,D114,,eta-v3.1,completed,3,0,0,1,0,0,1,PRIORITY_DISPATCH,3,0,1,ready,6,3,1,21.466450483333332,46.9799522,0,1,0,0,North Indian,bike,59.0
O01152,C0018,R026,D075,Bengaluru,2026-08-14 14:11:00,2026-08-14 15:26:36,2026-08-14 14:44:49.254453,2026-08-14 15:34:47.577682,delivered,18.0,medium,clear,delivered,1,1.0,8.19,delivered_late,2026-08-14T15:30:46.193560,D011,D075,2026-08-14T14:31:49.728400,eta-v3.2,completed,2,0,0,1,1,1,0,,3,0,0,,6,3,1,33.82090755,49.972053816666666,1,0,0,0,Desserts,bike,22.0
O01153,C0581,R024,D054,Bengaluru,2026-08-19 20:10:00,2026-08-19 21:22:48,2026-08-19 20:54:39.299331,2026-08-19 21:43:50.301176,delivered,18.0,low,clear,delivered,1,1.0,21.04,delivered_late,2026-08-19T21:31:10.484346,D054,D054,,eta-v3.2,completed,2,0,1,1,1,1,0,,3,0,1,handed_off,8,5,1,44.65498885,49.18336408333333,1,0,0,0,South Indian,bike,15.0
O01154,C0561,R031,D016,Bengaluru,2026-08-06 20:46:00,,2026-08-06 21:08:12.186518,2026-08-06 21:46:36.307038,delivered,12.85,medium,clear,delivered,1,0.0,-4.17,delivered_on_time,2026-08-06T21:54:46.600808,D016,D016,,eta-v3.1,completed,2,0,0,1,0,0,0,,3,0,0,,7,4,1,22.203108633333333,38.40200866666667,0,0,0,0,Chinese,scooter,46.0
O01155,C0681,R025,D092,Bengaluru,2026-08-25 21:02:00,,2026-08-25 21:22:42.204184,2026-08-25 21:53:59.605929,delivered,11.81,medium,clear,delivered,1,0.0,-10.6,delivered_on_time,2026-08-25T22:09:18.870123,D092,D092,,eta-v3.1,completed,2,0,0,0,0,0,0,,3,0,1,ready,6,3,1,20.703403066666667,31.29002908333333,0,0,0,0,South Indian,scooter,7.0
O01156,C0353,R048,D075,Bengaluru,2026-08-22 22:07:00,,2026-08-22 22:40:04.758309,2026-08-22 23:33:11.877178,delivered,17.9,high,clear,delivered,1,1.0,6.61,delivered_late,2026-08-22T23:39:12.507880,D075,D075,,eta-v3.1,completed,1,0,0,0,0,0,0,,4,1,1,handed_off,5,2,1,33.07930515,53.118647816666666,0,0,0,0,South Indian,bike,22.0
O01157,C0175,R025,D106,Bengaluru,2026-08-18 12:19:00,2026-08-18 13:44:24,2026-08-18 12:48:18.334409,,cancelled,18.0,severe,clear,cancelled,0,,,cancelled,2026-08-18T14:03:33.227474,D106,D106,,eta-v3.2,cancelled,3,0,0,1,0,0,1,DRIVER_REASSIGNMENT,2,0,0,,1,0,0,29.305573483333333,,0,1,0,0,South Indian,bike,24.0
O01158,C0367,R023,D077,Bengaluru,2026-08-15 19:30:00,,2026-08-15 19:49:33.967686,2026-08-15 20:13:54.903030,delivered,5.16,medium,clear,delivered,1,0.0,-4.73,delivered_on_time,2026-08-15T20:22:38.431831,D077,D077,,eta-v3.2,completed,3,0,0,0,0,0,0,,4,0,1,handed_off,5,2,1,19.5661281,24.3489224,0,0,0,0,Pizza,bike,4.0
O01159,C0549,R003,D090,Bengaluru,2026-08-07 16:11:00,2026-08-07 17:23:48,2026-08-07 16:36:09.135467,2026-08-07 17:24:30.738283,delivered,18.0,low,clear,delivered,1,1.0,0.71,delivered_late,2026-08-07T17:24:16.132905,D089,D090,2026-08-07T16:18:01.519095,eta-v3.2,completed,1,0,0,0,0,0,0,,3,0,1,preparing,7,4,1,25.152257783333333,48.36004693333334,0,0,0,0,Chinese,bike,12.0
O01160,C0498,R003,D042,Bengaluru,2026-08-17 22:36:00,2026-08-17 23:55:48,2026-08-17 23:17:32.686871,2026-08-18 00:14:52.183203,delivered,18.0,high,clear,delivered,1,1.0,19.07,delivered_late,2026-08-18T00:11:38.275972,D042,D042,,eta-v3.2,completed,3,0,1,0,0,0,1,CUSTOMER_CREDIT,3,0,0,,5,2,1,41.544781183333335,57.32493886666667,1,1,0,0,Chinese,bike,33.0
O01161,C0551,R034,D061,Bengaluru,2026-08-07 12:35:00,2026-08-07 13:47:48,2026-08-07 13:01:27.944214,2026-08-07 13:43:48.996869,delivered,18.0,low,clear,delivered,1,0.0,-3.98,delivered_on_time,2026-08-07T13:49:32.254358,D061,D061,,eta-v3.1,completed,2,0,0,0,0,0,1,DRIVER_REASSIGNMENT,3,0,0,,6,3,1,26.465736900000003,42.350877583333336,0,1,0,0,Pizza,bike,32.0
O01162,C0637,R026,D016,Bengaluru,2026-08-13 13:06:00,2026-08-13 14:18:48,2026-08-13 13:20:54.927404,2026-08-13 14:13:17.775875,delivered,18.0,low,clear,delivered,1,0.0,-5.5,delivered_on_time,2026-08-13T14:18:48,D016,D016,,eta-v3.1,completed,3,0,0,0,0,0,0,,3,0,0,,6,3,1,14.915456733333334,52.38080785,0,0,0,0,Desserts,scooter,46.0
O01163,C0799,R023,D014,Bengaluru,2026-08-22 20:49:00,2026-08-22 22:08:48,2026-08-22 21:14:41.992829,2026-08-22 22:09:09.374853,delivered,18.0,high,clear,delivered,1,1.0,0.36,delivered_late,2026-08-22T22:19:14.855808,D014,D014,,eta-v3.1,completed,0,0,0,1,0,0,0,,3,0,0,,6,3,1,25.699880483333335,54.456367066666665,0,0,0,0,Pizza,bike,16.0
O01164,C0273,R017,D039,Bengaluru,2026-08-28 18:57:00,2026-08-28 20:15:06,2026-08-28 19:21:53.925211,2026-08-28 20:23:37.951832,delivered,18.0,medium,rain,delivered,1,1.0,8.53,delivered_late,2026-08-28T20:24:06,D039,D039,,eta-v3.2,completed,3,0,1,0,0,0,0,,4,0,1,preparing,8,5,1,24.898753516666666,61.733777016666664,1,0,0,0,North Indian,scooter,13.0
O01165,C0857,R041,D025,Bengaluru,2026-08-04 11:04:00,2026-08-04 12:16:48,2026-08-04 11:40:55.118402,2026-08-04 12:25:47.755547,delivered,18.0,low,clear,delivered,1,1.0,9.0,delivered_late,2026-08-04T12:16:48,D025,D025,,eta-v3.1,completed,0,0,0,0,0,0,0,,3,0,0,,6,3,1,36.91864003333333,44.877285750000006,0,0,0,0,Desserts,bike,28.0
O01166,C0390,R028,D085,Bengaluru,2026-08-17 18:45:00,2026-08-17 20:10:24,2026-08-17 19:03:45.891479,2026-08-17 20:04:00.984689,delivered,18.0,severe,clear,delivered,1,0.0,-6.38,delivered_on_time,2026-08-17T20:28:24,D085,D085,,eta-v3.1,completed,0,0,0,1,0,0,0,,3,0,0,,7,4,1,18.764857983333332,60.2515535,0,0,0,0,Biryani,bike,26.0
O01167,C0446,R050,D086,Bengaluru,2026-08-17 12:41:00,,2026-08-17 13:23:34.470399,2026-08-17 14:00:21.109019,delivered,8.73,high,clear,delivered,1,1.0,19.02,delivered_late,2026-08-17T13:55:14.849268,D086,D086,,eta-v3.1,completed,2,0,1,0,0,0,0,,3,0,0,,8,5,1,42.57450665,36.77731033333334,1,0,0,0,Cafe,bike,28.0
O01168,C0055,R023,D114,Bengaluru,2026-08-16 13:43:00,,2026-08-16 14:14:49.034007,2026-08-16 14:44:46.452970,delivered,11.59,low,clear,delivered,1,1.0,2.44,delivered_late,2026-08-16T14:42:20.134412,D114,D114,,eta-v3.2,completed,0,0,0,0,0,0,0,,3,0,1,ready,7,4,1,31.81723345,29.95698271666667,0,0,0,0,Pizza,bike,59.0
O01169,C0097,R058,D103,Bengaluru,2026-08-20 18:36:00,2026-08-20 19:55:48,2026-08-20 19:16:07.191846,2026-08-20 20:17:37.652323,delivered,18.0,high,clear,delivered,1,1.0,21.83,delivered_late,2026-08-20T20:05:48,D057,D103,2026-08-20T18:45:29.087679,eta-v3.1,completed,4,1,0,0,0,0,0,,3,0,0,,5,2,1,40.1198641,61.50767461666667,0,0,0,0,North Indian,scooter,28.0
O01170,C0125,R008,D048,Bengaluru,2026-08-05 20:26:00,2026-08-05 21:47:36,2026-08-05 20:59:27.055004,2026-08-05 22:02:48.487521,delivered,18.0,medium,heavy_rain,delivered,1,1.0,15.21,delivered_late,2026-08-05T22:03:36,D001,D048,2026-08-05T20:32:16.747624,eta-v3.2,completed,4,0,1,1,1,1,1,CUSTOMER_CREDIT,3,0,0,,8,5,1,33.45091673333334,63.35720861666667,1,1,0,0,Cafe,bike,11.0
O01171,C0018,R011,D057,Bengaluru,2026-08-03 22:12:00,,2026-08-03 22:29:58.955032,2026-08-03 23:26:38.423530,delivered,16.37,high,rain,delivered,1,0.0,-4.23,delivered_on_time,2026-08-03T23:45:52.443966,D057,D057,,eta-v3.2,completed,3,0,0,0,0,0,0,,3,0,1,ready,5,2,1,17.98258386666667,56.657808300000006,0,0,0,0,Chinese,scooter,7.0
O01172,C0806,R001,D116,Bengaluru,2026-08-19 18:16:00,2026-08-19 19:31:36,2026-08-19 18:32:10.352620,2026-08-19 19:24:37.857488,delivered,18.0,medium,clear,delivered,1,0.0,-6.97,delivered_on_time,2026-08-19T19:35:51.997238,D022,D116,2026-08-19T18:27:14.929856,eta-v3.1,completed,3,0,0,0,0,0,0,,3,0,0,,6,3,1,16.172543666666666,52.45841446666667,0,0,0,0,South Indian,bike,15.0
O01173,C0345,R023,D043,Bengaluru,2026-08-18 19:03:00,,2026-08-18 19:21:47.929722,2026-08-18 20:03:35.039975,delivered,17.53,low,clear,delivered,1,0.0,-11.24,delivered_on_time,2026-08-18T20:14:49.386253,D043,D043,,eta-v3.1,completed,1,0,0,0,0,0,0,,3,0,0,,5,2,1,18.7988287,41.78517088333333,0,0,0,0,Pizza,bike,14.0
O01174,C0627,R051,D101,Bengaluru,2026-08-27 18:15:00,2026-08-27 19:34:48,2026-08-27 18:33:33.059821,2026-08-27 19:23:19.342611,delivered,18.0,high,clear,delivered,1,0.0,-11.48,delivered_on_time,2026-08-27T19:44:48,D101,D101,,eta-v3.1,completed,1,0,0,0,0,0,0,,3,0,0,,8,5,1,18.550997016666667,49.771379833333334,0,0,0,0,Cafe,scooter,19.0
O01175,C0001,R019,D115,Bengaluru,2026-08-24 17:43:00,2026-08-24 18:58:36,2026-08-24 18:03:17.471811,,delivered,18.0,medium,clear,delivered,1,,,unknown,2026-08-24T19:02:36,D115,D115,,eta-v3.2,completed,2,0,0,0,0,0,0,,2,0,1,preparing,5,2,1,20.29119685,,0,0,0,0,Cafe,bike,20.0
O01176,C0761,R007,D110,Bengaluru,2026-08-07 20:34:00,2026-08-07 21:56:18,2026-08-07 21:06:33.913033,2026-08-07 22:09:25.520690,delivered,18.0,high,rain,delivered,1,1.0,13.13,delivered_late,2026-08-07T22:11:50.165218,D110,D110,,eta-v3.1,completed,0,0,0,0,0,0,0,,4,1,1,handed_off,8,5,1,32.56521721666667,62.86012761666667,0,0,0,0,North Indian,bike,5.0
O01177,C0167,R022,D095,Bengaluru,2026-08-07 17:56:00,,2026-08-07 18:16:00.393574,2026-08-07 18:58:14.516433,delivered,10.77,high,clear,delivered,1,0.0,-2.37,delivered_on_time,2026-08-07T19:10:36.526318,D095,D095,,eta-v3.1,completed,0,0,0,0,0,0,1,RESTAURANT_CONTACT,4,0,0,,7,4,1,20.006559566666667,42.235380983333336,0,1,0,0,South Indian,bike,6.0
O01178,C0581,R057,D057,Bengaluru,2026-08-27 22:10:00,2026-08-27 23:25:36,2026-08-27 22:47:48.173662,2026-08-27 23:35:56.076213,delivered,18.0,medium,clear,delivered,1,1.0,10.33,delivered_late,2026-08-27T23:37:09.447903,D057,D057,,eta-v3.2,completed,3,0,0,0,0,0,0,,4,0,1,preparing,8,5,1,37.80289436666667,48.131709183333335,0,0,0,0,Cafe,scooter,7.0
O01179,C0092,R012,D054,Bengaluru,2026-08-08 14:40:00,,2026-08-08 15:13:17.274842,2026-08-08 16:06:09.916216,delivered,14.94,high,clear,delivered,1,1.0,12.8,delivered_late,2026-08-08T16:03:50.569719,D054,D054,,eta-v3.2,completed,1,0,0,0,0,0,0,,3,0,0,,7,4,1,33.28791403333334,52.87735623333333,0,0,0,0,Biryani,bike,15.0
O01180,C0111,R004,D087,Bengaluru,2026-08-28 20:14:00,2026-08-28 21:29:36,2026-08-28 20:50:37.964792,2026-08-28 21:39:32.017785,delivered,18.0,medium,clear,delivered,1,1.0,9.93,delivered_late,2026-08-28T21:33:36,D087,D087,,eta-v3.1,completed,0,0,0,1,0,0,0,,3,0,1,handed_off,6,3,1,36.63274653333334,48.900883216666664,0,0,0,0,South Indian,bike,62.0
O01181,C0194,R045,D041,Bengaluru,2026-08-28 12:45:00,2026-08-28 14:04:48,2026-08-28 13:10:39.965431,2026-08-28 14:02:00.736568,delivered,18.0,high,clear,delivered,1,0.0,-2.79,delivered_on_time,2026-08-28T14:14:48,D041,D041,,eta-v3.2,completed,3,0,0,0,0,0,1,PRIORITY_DISPATCH,3,0,0,,6,3,1,25.666090516666667,51.346185616666666,0,1,0,0,Cafe,bike,83.0
O01182,C0423,R005,D011,Bengaluru,2026-08-11 18:10:00,2026-08-11 19:22:48,2026-08-11 18:44:42.902005,2026-08-11 19:30:14.762499,delivered,18.0,low,clear,delivered,1,1.0,7.45,delivered_late,2026-08-11T19:22:48,D011,D011,,eta-v3.1,completed,0,0,0,0,0,0,1,CUSTOMER_CREDIT,3,0,1,preparing,7,4,1,34.715033416666664,45.53100823333333,0,1,0,0,North Indian,scooter,18.0
O01183,C0761,R004,D113,Bengaluru,2026-08-02 18:40:00,,2026-08-02 19:22:41.221994,2026-08-02 19:48:45.150980,delivered,9.01,low,clear,delivered,1,1.0,14.83,delivered_late,2026-08-02T19:39:37.769161,D113,D113,,eta-v3.2,completed,3,0,0,1,1,1,0,,3,0,1,ready,7,4,1,42.68703323333333,26.065483099999998,1,0,0,0,South Indian,ebike,30.0
O01184,C0860,R008,D045,Bengaluru,2026-08-04 21:54:00,,2026-08-04 22:15:21.221503,2026-08-04 22:51:17.688095,delivered,12.1,medium,clear,delivered,1,0.0,-5.92,delivered_on_time,2026-08-04T23:01:52.594285,D045,D045,,eta-v3.1,completed,0,0,0,0,0,0,1,DRIVER_REASSIGNMENT,3,0,0,,6,3,1,21.353691716666667,35.94110986666667,0,1,0,0,Cafe,scooter,21.0
O01185,C0881,R049,D077,Bengaluru,2026-08-04 18:26:00,2026-08-04 19:41:18,2026-08-04 19:00:13.415878,2026-08-04 19:53:26.419325,delivered,18.0,low,rain,delivered,1,1.0,12.14,delivered_late,2026-08-04T19:47:06.866722,D077,D077,,eta-v3.2,completed,3,0,1,1,1,1,0,,3,0,1,ready,8,5,1,34.22359796666667,53.21672411666667,1,0,0,0,Chinese,bike,4.0
O01186,C0872,R059,D020,Bengaluru,2026-08-06 18:30:00,2026-08-06 19:42:48,2026-08-06 18:58:32.586035,2026-08-06 19:42:22.924165,delivered,18.0,low,clear,delivered,1,0.0,-0.42,delivered_on_time,2026-08-06T19:44:57.795779,D020,D020,,eta-v3.2,completed,1,0,0,0,0,0,0,,4,0,0,,6,3,1,28.543100583333334,43.83896883333333,0,0,0,0,Burgers,bike,10.0
O01187,C0450,R042,D015,Bengaluru,2026-08-26 20:03:00,2026-08-26 21:15:48,2026-08-26 20:47:03.954027,2026-08-26 21:39:20.595835,delivered,18.0,low,clear,delivered,1,1.0,23.54,delivered_late,2026-08-26T21:23:47.225993,D015,D015,,eta-v3.2,completed,2,0,0,0,0,0,1,PRIORITY_DISPATCH,3,0,1,ready,8,5,1,44.06590045,52.277363466666664,0,1,0,0,Chinese,ebike,23.0
O01188,C0137,R020,D110,Bengaluru,2026-08-08 14:25:00,,2026-08-08 14:54:34.186362,2026-08-08 15:26:58.015251,delivered,12.31,low,clear,delivered,1,1.0,1.12,delivered_late,2026-08-08T15:25:50.711877,D110,D110,,eta-v3.1,completed,1,0,0,1,0,0,1,PRIORITY_DISPATCH,4,1,0,,5,2,1,29.569772699999998,32.39714815,0,1,0,0,Burgers,bike,5.0
O01189,C0129,R004,D063,Bengaluru,2026-08-18 19:21:00,,2026-08-18 19:50:32.196603,2026-08-18 20:35:26.283749,delivered,16.21,medium,clear,delivered,1,1.0,2.6,delivered_late,2026-08-18T20:38:59.016463,D063,D063,,eta-v3.1,completed,2,0,0,0,0,0,1,DRIVER_REASSIGNMENT,3,0,1,ready,8,5,1,29.53661005,44.90145243333333,0,1,0,0,South Indian,scooter,50.0
O01190,C0240,R016,D029,Bengaluru,2026-08-24 22:49:00,2026-08-25 00:04:36,2026-08-24 23:06:37.061154,2026-08-24 23:58:50.065639,delivered,18.0,medium,clear,delivered,1,0.0,-5.77,delivered_on_time,2026-08-25T00:08:43.671865,D029,D029,,eta-v3.1,completed,3,0,0,1,0,0,0,,3,0,0,,7,4,1,17.6176859,52.216741416666665,0,0,0,0,Biryani,bike,19.0
O01191,C0596,R029,D054,Bengaluru,2026-08-12 20:08:00,2026-08-12 21:33:24,2026-08-12 20:34:11.566069,2026-08-12 21:40:09.712898,delivered,18.0,severe,clear,delivered,1,1.0,6.76,delivered_late,2026-08-12T21:51:24,D054,D054,,eta-v3.1,completed,1,0,0,1,1,1,0,,3,0,0,,7,4,1,26.192767816666667,65.96911381666666,1,0,0,0,Burgers,bike,15.0
O01192,C0020,R031,D010,Bengaluru,2026-08-03 18:59:00,,2026-08-03 19:23:31.843252,2026-08-03 20:02:44.992419,delivered,14.01,medium,clear,delivered,1,0.0,-3.47,delivered_on_time,2026-08-03T20:10:13.071312,D010,D010,,eta-v3.1,completed,2,0,0,0,0,0,1,PRIORITY_DISPATCH,3,0,0,,6,3,1,24.530720866666666,39.219152783333335,0,1,0,0,Chinese,ebike,7.0
O01193,C0316,R037,D063,Bengaluru,2026-08-03 13:13:00,,2026-08-03 13:37:22.920935,2026-08-03 14:23:18.168566,delivered,14.5,high,clear,delivered,1,0.0,-2.14,delivered_on_time,2026-08-03T14:36:10.667867,D063,D063,,eta-v3.1,completed,1,0,0,0,0,0,1,RESTAURANT_CONTACT,3,0,0,,8,5,1,24.382015583333335,45.92079385,0,1,0,0,Cafe,scooter,50.0
O01194,C0775,R060,D060,Bengaluru,2026-08-27 11:50:00,2026-08-27 13:12:18,2026-08-27 12:14:35.355436,2026-08-27 13:15:56.743816,delivered,18.0,high,rain,delivered,1,1.0,3.65,delivered_late,2026-08-27T13:29:14.086142,D060,D060,,eta-v3.2,completed,2,0,0,0,0,0,0,,3,0,0,,7,4,1,24.589257266666667,61.356473,0,0,0,0,Chinese,bike,24.0
O01195,C0106,R028,D037,Bengaluru,2026-08-07 14:50:00,2026-08-07 16:05:36,2026-08-07 15:20:19.233165,,delivered,18.0,medium,clear,delivered,1,,,unknown,2026-08-07T16:10:34.609056,D037,D037,,eta-v3.1,completed,2,0,0,1,0,0,0,,2,0,1,preparing,7,4,1,30.32055275,,0,0,0,0,Biryani,scooter,10.0
O01196,C0227,R019,D109,Bengaluru,2026-08-04 18:50:00,2026-08-04 20:05:36,2026-08-04 19:07:27.180917,2026-08-04 19:57:06.523381,delivered,18.0,medium,clear,delivered,1,0.0,-8.49,delivered_on_time,2026-08-04T20:10:07.391473,D109,D109,,eta-v3.2,completed,2,0,0,0,0,0,0,,3,0,0,,6,3,1,17.453015283333333,49.65570773333333,0,0,0,0,Cafe,bike,36.0
O01197,C0032,R034,D118,Bengaluru,2026-08-17 16:34:00,2026-08-17 17:56:18,2026-08-17 17:20:52.591452,2026-08-17 18:27:54.591417,delivered,18.0,high,rain,delivered,1,1.0,31.61,delivered_late,2026-08-17T18:12:34.791483,D118,D118,,eta-v3.1,completed,0,0,0,2,1,1,0,,3,0,1,ready,7,4,1,46.8765242,67.03333275,1,0,0,0,Pizza,bike,7.0
O01198,C0093,R042,D101,Bengaluru,2026-08-25 17:58:00,2026-08-25 19:13:36,2026-08-25 18:34:45.930529,2026-08-25 19:20:31.328873,delivered,18.0,medium,clear,delivered,1,1.0,6.92,delivered_late,2026-08-25T19:17:45.765428,D101,D101,,eta-v3.1,completed,0,0,0,1,1,1,1,CUSTOMER_CREDIT,4,0,1,ready,7,4,1,36.76550881666667,45.75663906666667,1,1,0,0,Chinese,scooter,19.0
O01199,C0556,R060,D036,Bengaluru,2026-08-14 12:40:00,,2026-08-14 12:57:16.882328,2026-08-14 13:42:48.786574,delivered,7.83,severe,clear,delivered,1,0.0,-1.23,delivered_on_time,2026-08-14T14:02:02.338765,D036,D036,,eta-v3.2,completed,2,0,0,0,0,0,1,RESTAURANT_CONTACT,3,0,0,,7,4,1,17.28137213333333,45.53173743333333,0,1,0,0,Chinese,bike,20.0
O01200,C0756,R049,D001,Bengaluru,2026-08-13 22:39:00,2026-08-13 23:51:48,2026-08-13 23:03:46.146230,2026-08-13 23:48:14.701648,delivered,18.0,low,clear,delivered,1,0.0,-3.55,delivered_on_time,2026-08-13T23:55:11.615382,D001,D001,,eta-v3.2,completed,0,0,0,1,0,0,1,DRIVER_REASSIGNMENT,3,0,1,ready,8,5,1,24.769103833333336,44.47592363333333,0,1,0,0,Chinese,bike,31.0
O01201,C0824,R026,D020,Bengaluru,2026-08-26 15:04:00,,2026-08-26 15:31:28.909739,2026-08-26 16:14:46.774211,delivered,12.85,high,clear,delivered,1,1.0,1.79,delivered_late,2026-08-26T16:31:11.760297,D020,D020,,eta-v3.1,completed,1,0,0,0,0,0,1,RESTAURANT_CONTACT,3,0,0,,7,4,1,27.481828983333333,43.297741200000004,0,1,0,0,Desserts,bike,10.0
O01202,C0390,R010,D076,Bengaluru,2026-08-02 13:35:00,2026-08-02 14:50:36,2026-08-02 14:06:44.275983,2026-08-02 14:50:03.188679,delivered,18.0,medium,clear,delivered,1,0.0,-0.55,delivered_on_time,2026-08-02T14:54:36,D076,D076,,eta-v3.1,completed,2,0,0,0,0,0,0,,3,0,0,,7,4,1,31.73793305,43.3152116,0,0,0,0,North Indian,bike,9.0
O01203,C0585,R048,D022,Bengaluru,2026-08-19 16:13:00,,2026-08-19 16:43:35.135408,2026-08-19 17:40:45.828523,delivered,14.73,severe,clear,delivered,1,1.0,9.23,delivered_late,2026-08-19T17:52:36.629090,D022,D022,,eta-v3.1,completed,2,0,0,1,1,1,0,,3,0,0,,6,3,1,30.585590133333334,57.17821858333333,1,0,0,0,South Indian,scooter,35.0
O01204,C0534,R054,D004,Bengaluru,2026-08-20 18:48:00,2026-08-20 20:03:36,2026-08-20 19:11:29.133436,2026-08-20 20:04:46.005765,delivered,18.0,medium,clear,delivered,1,1.0,1.17,delivered_late,2026-08-20T20:07:36,D004,D004,,eta-v3.2,completed,0,0,0,1,0,0,0,,3,0,0,,8,5,1,23.485557266666667,53.28120548333333,0,0,0,0,South Indian,bike,34.0
O01205,C0100,R010,D040,Bengaluru,2026-08-18 23:07:00,,2026-08-18 23:28:42.346574,2026-08-19 00:00:04.126944,delivered,3.14,high,clear,delivered,1,1.0,4.47,delivered_late,2026-08-19T00:05:36.053510,D041,D040,2026-08-18T23:22:14.970475,eta-v3.1,completed,2,0,0,0,0,0,1,DRIVER_REASSIGNMENT,3,0,0,,6,3,1,21.70577623333333,31.363006166666665,0,1,0,0,North Indian,bike,27.0
O01206,C0239,R020,D047,Bengaluru,2026-08-17 14:14:00,,2026-08-17 14:55:14.891298,,delivered,8.33,low,clear,delivered,1,,,unknown,2026-08-17T15:08:00.955283,D118,D047,2026-08-17T14:18:02.610960,eta-v3.2,completed,2,0,0,0,0,0,1,PRIORITY_DISPATCH,3,1,0,,8,5,1,41.2481883,,0,1,0,0,Burgers,scooter,10.0
O01207,C0467,R045,D007,Bengaluru,2026-08-06 23:59:00,2026-08-07 01:14:36,2026-08-07 00:14:32.289744,2026-08-07 01:02:13.082526,delivered,18.0,medium,clear,delivered,1,0.0,-12.38,delivered_on_time,2026-08-07T01:18:36,D007,D007,,eta-v3.2,completed,2,0,0,0,0,0,0,,3,0,0,,6,3,1,15.538162400000001,47.6798797,0,0,0,0,Cafe,bike,26.0
O01208,C0472,R019,D024,Bengaluru,2026-08-02 19:31:00,2026-08-02 20:53:18,2026-08-02 19:48:56.943914,2026-08-02 20:48:19.177491,delivered,18.0,high,rain,delivered,1,0.0,-4.98,delivered_on_time,2026-08-02T21:08:18,D024,D024,,eta-v3.1,completed,1,0,0,0,0,0,0,,3,0,1,ready,8,5,1,17.949065233333332,59.37055961666667,0,0,0,0,Cafe,bike,32.0
O01209,C0865,R059,D037,Bengaluru,2026-08-09 18:29:00,2026-08-09 19:41:48,2026-08-09 18:50:26.390485,2026-08-09 19:35:22.522400,delivered,18.0,low,clear,delivered,1,0.0,-6.42,delivered_on_time,2026-08-09T19:41:48,D037,D037,,eta-v3.2,completed,1,0,0,2,1,1,0,,3,0,0,,6,3,1,21.439841416666663,44.93553191666667,1,0,0,0,Burgers,scooter,10.0
O01210,C0338,R037,D043,Bengaluru,2026-08-26 13:18:00,2026-08-26 14:33:18,2026-08-26 13:48:10.570596,2026-08-26 14:39:25.535731,delivered,18.0,low,rain,delivered,1,1.0,6.13,delivered_late,2026-08-26T14:38:18,D043,D043,,eta-v3.1,completed,0,0,0,0,0,0,1,PRIORITY_DISPATCH,3,0,0,,7,4,1,30.1761766,51.24941891666666,0,1,0,0,Cafe,bike,14.0
O01211,C0076,R032,D034,Bengaluru,2026-08-16 11:34:00,2026-08-16 12:49:36,2026-08-16 11:59:09.024986,2026-08-16 12:49:13.280750,delivered,18.0,medium,clear,delivered,1,0.0,-0.38,delivered_on_time,2026-08-16T12:56:29.789051,D034,D034,,eta-v3.1,completed,1,0,0,0,0,0,0,,3,0,0,,8,5,1,25.15041643333333,50.0709294,0,0,0,0,Pizza,scooter,32.0
O01212,C0807,R058,D078,Bengaluru,2026-08-01 11:29:00,2026-08-01 12:44:36,2026-08-01 12:02:48.391517,2026-08-01 12:54:18.363664,delivered,18.0,medium,clear,delivered,1,1.0,9.71,delivered_late,2026-08-01T12:54:34.297429,D104,D078,2026-08-01T11:35:17.515941,eta-v3.2,completed,4,0,1,0,0,0,0,,4,1,0,,5,2,1,33.806525283333336,51.499535783333336,1,0,0,0,North Indian,bike,18.0
O01213,C0183,R038,D026,Bengaluru,2026-08-03 12:34:00,2026-08-03 13:53:48,2026-08-03 13:02:32.140915,2026-08-03 14:01:44.655362,delivered,18.0,high,clear,delivered,1,1.0,7.94,delivered_late,2026-08-03T14:06:06.172174,D026,D026,,eta-v3.1,completed,1,0,0,1,1,1,1,DRIVER_REASSIGNMENT,3,0,0,,7,4,1,28.535681916666665,59.20857411666667,1,1,0,0,Pizza,scooter,19.0
O01214,C0701,R049,D060,Bengaluru,2026-08-26 12:31:00,,2026-08-26 12:59:33.008767,,delivered,15.64,low,clear,delivered,1,,,unknown,2026-08-26T13:38:50.395098,D060,D060,,eta-v3.1,completed,2,0,0,1,1,1,0,,2,0,0,,6,3,1,28.550146116666667,,1,0,0,0,Chinese,bike,24.0
O01215,C0281,R004,D057,Bengaluru,2026-08-26 22:08:00,,2026-08-26 22:32:23.959819,2026-08-26 23:10:19.228154,delivered,14.63,low,clear,delivered,1,0.0,-3.4,delivered_on_time,2026-08-26T23:14:46.753492,D057,D057,,eta-v3.1,completed,3,0,0,1,1,1,0,,3,0,0,,5,2,1,24.399330316666667,37.92113891666667,1,0,0,0,South Indian,scooter,7.0
O01216,C0574,R007,D102,Bengaluru,2026-08-27 18:53:00,2026-08-27 20:08:36,2026-08-27 19:23:17.417668,2026-08-27 20:12:33.991878,delivered,18.0,medium,clear,delivered,1,1.0,3.97,delivered_late,2026-08-27T20:14:26.736274,D102,D102,,eta-v3.1,completed,0,0,0,0,0,0,0,,3,0,0,,6,3,1,30.29029446666667,49.276236833333336,0,0,0,0,North Indian,scooter,16.0
O01217,C0400,R028,D066,Bengaluru,2026-08-27 16:35:00,,2026-08-27 17:19:07.959192,2026-08-27 18:09:50.189024,delivered,14.38,low,heavy_rain,delivered,1,1.0,23.63,delivered_late,2026-08-27T18:06:42.796732,D066,D066,,eta-v3.1,completed,0,0,0,0,0,0,1,RESTAURANT_CONTACT,3,0,0,,5,2,1,44.1326532,50.70383053333333,0,1,0,0,Biryani,scooter,21.0
O01218,C0121,R053,D073,Bengaluru,2026-08-18 19:53:00,,2026-08-18 20:01:18.248520,2026-08-18 20:31:13.328807,delivered,9.3,low,rain,delivered,1,0.0,-18.8,delivered_on_time,2026-08-18T20:55:01.427644,D073,D073,,eta-v3.2,completed,0,0,0,0,0,0,0,,3,0,1,handed_off,8,5,1,8.304142,29.918004783333334,0,0,0,0,North Indian,bike,48.0
O01219,C0670,R052,D092,Bengaluru,2026-08-13 23:58:00,2026-08-14 01:10:48,2026-08-14 00:22:57.501947,2026-08-14 01:11:12.879822,delivered,18.0,low,clear,delivered,1,1.0,0.41,delivered_late,2026-08-14T01:10:48,D092,D092,,eta-v3.1,completed,0,0,0,0,0,0,0,,3,0,0,,5,2,1,24.95836578333333,48.25629791666667,0,0,0,0,Desserts,scooter,7.0
O01220,C0582,R053,D116,Bengaluru,2026-08-20 21:08:00,2026-08-20 22:20:48,2026-08-20 21:33:57.423914,2026-08-20 22:15:18.705814,delivered,18.0,low,clear,delivered,1,0.0,-5.49,delivered_on_time,2026-08-20T22:27:11.950283,D116,D116,,eta-v3.1,completed,2,0,0,0,0,0,0,,3,0,0,,6,3,1,25.95706523333333,41.35469833333333,0,0,0,0,North Indian,bike,15.0
O01221,C0840,R020,D076,Bengaluru,2026-08-09 18:32:00,,2026-08-09 18:53:59.377291,2026-08-09 19:29:08.365544,delivered,10.54,medium,clear,delivered,1,0.0,-2.79,delivered_on_time,2026-08-09T19:35:55.972592,D076,D076,,eta-v3.2,completed,3,0,0,0,0,0,1,DRIVER_REASSIGNMENT,3,0,0,,6,3,1,21.989621516666666,35.149804216666666,0,1,0,0,Burgers,bike,9.0
O01222,C0463,R023,D016,Bengaluru,2026-08-06 14:46:00,,2026-08-06 15:14:19.835816,,cancelled,10.44,medium,rain,cancelled,0,,,cancelled,2026-08-06T16:01:54.918869,D016,D016,,eta-v3.1,cancelled,2,0,0,0,0,0,0,,2,0,0,,1,0,0,28.330596933333332,,0,0,0,0,Pizza,scooter,46.0
O01223,C0380,R030,D052,Bengaluru,2026-08-01 12:01:00,,2026-08-01 12:21:39.979746,2026-08-01 13:01:05.155441,delivered,12.66,medium,clear,delivered,1,0.0,-4.29,delivered_on_time,2026-08-01T13:09:32.185405,D052,D052,,eta-v3.1,completed,1,0,0,0,0,0,0,,3,0,0,,5,2,1,20.6663291,39.41959491666667,0,0,0,0,South Indian,bike,10.0
O01224,C0800,R037,D114,Bengaluru,2026-08-26 11:37:00,,2026-08-26 11:49:56.290208,2026-08-26 13:04:39.723814,delivered,17.06,severe,rain,delivered,1,1.0,1.73,delivered_late,2026-08-26T13:25:55.922904,D114,D114,,eta-v3.2,completed,2,0,0,0,0,0,0,,3,0,0,,8,5,1,12.938170133333333,74.72389343333333,0,0,0,0,Cafe,bike,59.0
O01225,C0316,R017,D047,Bengaluru,2026-08-24 19:02:00,2026-08-24 20:17:36,2026-08-24 19:10:17.818120,2026-08-24 20:01:08.154408,delivered,18.0,medium,clear,delivered,1,0.0,-16.46,delivered_on_time,2026-08-24T20:21:36,D047,D047,,eta-v3.2,completed,1,0,0,0,0,0,1,DRIVER_REASSIGNMENT,3,0,0,,7,4,1,8.296968666666666,50.838938133333336,0,1,0,0,North Indian,scooter,10.0
O01226,C0637,R039,D051,Bengaluru,2026-08-27 23:32:00,,2026-08-28 00:01:11.852284,2026-08-28 00:17:19.910671,delivered,4.23,medium,clear,delivered,1,0.0,-1.35,delivered_on_time,2026-08-28T00:23:40.959647,D051,D051,,eta-v3.1,completed,0,0,0,0,0,0,0,,4,1,0,,5,2,1,29.197538066666667,16.13430645,0,0,0,0,Biryani,bike,34.0
O01227,C0407,R050,D069,Bengaluru,2026-08-18 19:44:00,,2026-08-18 20:09:56.966633,2026-08-18 20:40:12.833768,delivered,9.5,medium,clear,delivered,1,0.0,-1.53,delivered_on_time,2026-08-18T20:45:44.451058,D069,D069,,eta-v3.2,completed,0,0,0,1,0,0,0,,4,0,0,,5,2,1,25.949443883333334,30.264452249999998,0,0,0,0,Cafe,scooter,16.0
O01228,C0349,R036,D037,Bengaluru,2026-08-25 14:26:00,2026-08-25 15:41:36,2026-08-25 14:34:45.057377,2026-08-25 15:21:32.161712,delivered,18.0,medium,clear,delivered,1,0.0,-20.06,delivered_on_time,2026-08-25T15:45:53.481432,D037,D037,,eta-v3.2,completed,3,0,0,0,0,0,0,,3,0,0,,8,5,1,8.750956283333332,46.78507225,0,0,0,0,North Indian,scooter,10.0
O01229,C0232,R059,D117,Bengaluru,2026-08-21 20:51:00,,2026-08-21 21:11:36.941147,2026-08-21 21:38:05.311815,delivered,9.89,low,clear,delivered,1,0.0,-8.67,delivered_on_time,2026-08-21T21:46:45.520091,D117,D117,,eta-v3.2,completed,3,0,0,0,0,0,0,,3,0,0,,7,4,1,20.615685783333333,26.47284446666667,0,0,0,0,Burgers,scooter,34.0
O01230,C0292,R023,D030,Bengaluru,2026-08-17 17:56:00,2026-08-17 19:08:48,2026-08-17 18:27:23.020447,2026-08-17 19:15:32.869282,delivered,18.0,low,clear,delivered,1,1.0,6.75,delivered_late,2026-08-17T19:11:35.602461,D030,D030,,eta-v3.1,completed,2,0,0,1,1,1,0,,3,0,0,,6,3,1,31.38367411666667,48.16414725,1,0,0,0,Pizza,scooter,19.0
O01231,C0689,R056,D091,Bengaluru,2026-08-01 11:05:00,2026-08-01 12:17:48,2026-08-01 11:21:44.054049,2026-08-01 12:07:11.607460,delivered,18.0,low,clear,delivered,1,0.0,-10.61,delivered_on_time,2026-08-01T12:17:48,D091,D091,,eta-v3.2,completed,1,0,0,0,0,0,0,,3,0,0,,6,3,1,16.73423415,45.45922351666666,0,0,0,0,Biryani,bike,47.0
O01232,C0671,R023,D056,Bengaluru,2026-08-01 16:55:00,,2026-08-01 17:40:07.555116,2026-08-01 18:24:58.831214,delivered,12.35,high,clear,delivered,1,1.0,22.05,delivered_late,2026-08-01T18:18:43.892338,D011,D056,2026-08-01T17:05:32.952651,eta-v3.1,completed,4,0,1,0,0,0,0,,3,0,0,,8,5,1,45.1259186,44.85460163333333,1,0,0,0,Pizza,scooter,19.0
O01233,C0426,R012,D062,Bengaluru,2026-08-05 18:59:00,,2026-08-05 19:41:48.212636,2026-08-05 20:13:10.543080,delivered,4.18,high,clear,delivered,1,1.0,23.39,delivered_late,2026-08-05T20:03:09.802985,D096,D062,2026-08-05T19:05:35.716680,eta-v3.2,completed,2,0,1,2,1,1,0,,3,0,0,,7,4,1,42.80354393333334,31.372174066666666,1,0,0,0,Biryani,bike,32.0
O01234,C0205,R002,D083,Bengaluru,2026-08-06 21:28:00,2026-08-06 22:43:36,2026-08-06 21:46:50.017719,2026-08-06 22:36:36.750355,delivered,18.0,medium,clear,delivered,1,0.0,-6.99,delivered_on_time,2026-08-06T22:47:41.174145,D083,D083,,eta-v3.1,completed,0,0,0,0,0,0,0,,3,0,0,,8,5,1,18.833628649999998,49.77887726666667,0,0,0,0,Burgers,bike,38.0
O01235,C0772,R032,D098,Bengaluru,2026-08-28 13:15:00,,2026-08-28 14:04:54.255957,2026-08-28 15:08:17.715971,delivered,17.85,medium,heavy_rain,delivered,1,1.0,32.0,delivered_late,2026-08-28T15:01:05.383244,D098,D098,,eta-v3.1,completed,0,0,0,1,1,1,0,,3,0,1,ready,6,3,1,49.904265949999996,63.39100023333333,1,0,0,0,Pizza,scooter,7.0
O01236,C0215,R047,D120,Bengaluru,2026-08-28 17:51:00,2026-08-28 19:06:36,2026-08-28 18:14:32.584706,2026-08-28 19:03:33.847273,delivered,18.0,medium,clear,delivered,1,0.0,-3.04,delivered_on_time,2026-08-28T19:10:46.339147,D120,D120,,eta-v3.2,completed,2,0,0,0,0,0,0,,3,0,1,handed_off,8,5,1,23.543078433333335,49.021042783333336,0,0,0,0,South Indian,scooter,22.0
O01237,C0329,R033,D009,Bengaluru,2026-08-16 18:05:00,2026-08-16 19:24:48,2026-08-16 18:36:04.006301,,cancelled,18.0,high,clear,cancelled,0,,,cancelled,2026-08-16T19:34:51.515513,D009,D009,,eta-v3.1,cancelled,3,0,0,0,0,0,0,,2,0,0,,1,0,0,31.066771683333332,,0,0,0,0,Cafe,ebike,15.0
O01238,C0265,R030,D014,Bengaluru,2026-08-26 18:32:00,,2026-08-26 18:51:49.938703,2026-08-26 19:48:01.941593,delivered,12.18,medium,heavy_rain,delivered,1,1.0,6.66,delivered_late,2026-08-26T19:57:22.563132,D014,D014,,eta-v3.1,completed,0,0,0,0,0,0,1,DRIVER_REASSIGNMENT,3,0,1,ready,8,5,1,19.832311716666666,56.20004816666667,0,1,0,0,South Indian,bike,16.0
O01239,C0628,R040,D032,Bengaluru,2026-08-11 20:27:00,2026-08-11 21:46:48,2026-08-11 20:44:28.524499,2026-08-11 21:38:56.128751,delivered,18.0,high,clear,delivered,1,0.0,-7.86,delivered_on_time,2026-08-11T21:56:48,D053,D032,2026-08-11T20:46:15.495430,eta-v3.2,completed,1,0,0,0,0,0,0,,3,0,0,,5,2,1,17.47540831666667,54.46007086666667,0,0,0,0,Desserts,ebike,5.0
O01240,C0326,R059,D081,Bengaluru,2026-08-23 19:49:00,2026-08-23 21:01:48,2026-08-23 20:25:47.845913,,cancelled,18.0,low,clear,cancelled,0,,,cancelled,2026-08-23T21:02:47.802627,D081,D081,,eta-v3.1,cancelled,3,0,0,0,0,0,1,RESTAURANT_CONTACT,2,0,0,,1,0,0,36.79743188333334,,0,1,0,0,Burgers,scooter,15.0
O01241,C0181,R049,D019,Bengaluru,2026-08-10 14:43:00,,2026-08-10 15:05:06.945959,2026-08-10 15:33:23.600018,delivered,9.15,medium,clear,delivered,1,0.0,-6.62,delivered_on_time,2026-08-10T15:44:52.696405,D019,D019,,eta-v3.2,completed,2,0,0,0,0,0,0,,3,0,0,,8,5,1,22.115765983333333,28.277567649999998,0,0,0,0,Chinese,scooter,58.0
O01242,C0435,R041,D093,Bengaluru,2026-08-02 13:10:00,,2026-08-02 13:27:04.663470,2026-08-02 13:53:18.435034,delivered,5.04,high,clear,delivered,1,0.0,-9.28,delivered_on_time,2026-08-02T14:12:35.490228,D093,D093,,eta-v3.1,completed,0,0,0,0,0,0,0,,3,0,0,,8,5,1,17.0777245,26.229526066666665,0,0,0,0,Desserts,ebike,28.0
O01243,C0226,R024,D065,Bengaluru,2026-08-08 18:06:00,2026-08-08 19:25:48,2026-08-08 18:29:31.965861,2026-08-08 19:28:14.018057,delivered,18.0,high,clear,delivered,1,1.0,2.43,delivered_late,2026-08-08T19:35:48,D065,D065,,eta-v3.2,completed,0,0,0,0,0,0,0,,3,0,1,ready,5,2,1,23.532764349999997,58.70086993333334,0,0,0,0,South Indian,bike,17.0
O01244,C0026,R014,D001,Bengaluru,2026-08-02 22:13:00,2026-08-02 23:31:06,2026-08-02 22:40:01.538575,2026-08-02 23:35:34.225338,delivered,18.0,medium,rain,delivered,1,1.0,4.47,delivered_late,2026-08-02T23:40:06,D001,D001,,eta-v3.2,completed,0,0,0,0,0,0,0,,3,0,0,,8,5,1,27.025642916666666,55.544779383333335,0,0,0,0,Biryani,bike,31.0
O01245,C0637,R045,D103,Bengaluru,2026-08-05 20:22:00,,2026-08-05 20:56:45.868244,2026-08-05 21:29:37.794053,delivered,6.03,high,clear,delivered,1,1.0,12.97,delivered_late,2026-08-05T21:26:39.602028,D103,D103,,eta-v3.2,completed,2,0,1,1,1,1,0,,4,1,0,,7,4,1,34.76447073333333,32.86543015,1,0,0,0,Cafe,scooter,28.0
O01246,C0436,R013,D023,Bengaluru,2026-08-15 17:21:00,,2026-08-15 18:12:26.178276,2026-08-15 18:50:16.168521,delivered,13.8,medium,clear,delivered,1,1.0,22.49,delivered_late,2026-08-15T18:41:36.230278,D023,D023,,eta-v3.1,completed,0,0,0,0,0,0,1,RESTAURANT_CONTACT,4,1,1,ready,8,5,1,51.4363046,37.83317075,0,1,0,0,Pizza,ebike,27.0
O01247,C0540,R055,D056,Bengaluru,2026-08-14 11:44:00,2026-08-14 12:59:36,2026-08-14 12:14:53.269697,2026-08-14 13:01:47.588903,delivered,18.0,medium,clear,delivered,1,1.0,2.19,delivered_late,2026-08-14T13:03:36,D056,D056,,eta-v3.2,completed,3,0,0,0,0,0,1,DRIVER_REASSIGNMENT,3,0,0,,8,5,1,30.88782828333333,46.905320100000004,0,1,0,0,Burgers,scooter,19.0
O01248,C0482,R040,D095,Bengaluru,2026-08-14 18:06:00,2026-08-14 19:25:48,2026-08-14 18:42:38.252518,2026-08-14 19:38:18.942174,delivered,18.0,high,clear,delivered,1,1.0,12.52,delivered_late,2026-08-14T19:41:12.228760,D095,D095,,eta-v3.2,completed,0,0,0,0,0,0,1,DRIVER_REASSIGNMENT,3,0,0,,5,2,1,36.63754196666666,55.67816093333333,0,1,0,0,Desserts,bike,6.0
O01249,C0826,R016,D060,Bengaluru,2026-08-22 21:12:00,,2026-08-22 21:34:35.078844,2026-08-22 21:55:10.337888,delivered,2.74,high,clear,delivered,1,0.0,-4.58,delivered_on_time,2026-08-22T22:11:37.704166,D060,D060,,eta-v3.1,completed,3,0,0,0,0,0,0,,3,0,0,,8,5,1,22.584647399999998,20.58765073333333,0,0,0,0,Biryani,bike,24.0
O01250,C0222,R002,D043,Bengaluru,2026-08-22 18:24:00,2026-08-22 19:43:48,2026-08-22 19:02:25.883231,2026-08-22 20:00:50.161322,delivered,18.0,high,clear,delivered,1,1.0,17.04,delivered_late,2026-08-22T19:53:48,D043,D043,,eta-v3.2,completed,3,0,0,1,0,0,0,,3,0,0,,6,3,1,38.43138718333333,58.40463485,0,0,0,0,Burgers,bike,14.0
O01251,C0181,R009,D096,Bengaluru,2026-08-14 21:52:00,2026-08-14 23:04:48,2026-08-14 22:19:18.973168,2026-08-14 23:10:16.278687,delivered,18.0,low,clear,delivered,1,1.0,5.47,delivered_late,2026-08-14T23:04:48,D096,D096,,eta-v3.2,completed,1,0,0,0,0,0,1,DRIVER_REASSIGNMENT,3,0,0,,6,3,1,27.316219466666666,50.95509198333333,0,1,0,0,Burgers,bike,20.0
O01252,C0039,R033,D022,Bengaluru,2026-08-04 19:55:00,2026-08-04 21:10:36,2026-08-04 20:11:39.697905,,delivered,18.0,medium,clear,delivered,1,,,unknown,2026-08-04T21:14:36,D022,D022,,eta-v3.1,completed,2,0,0,0,0,0,0,,2,0,0,,5,2,1,16.66163175,,0,0,0,0,Cafe,scooter,35.0
O01253,C0217,R017,D004,Bengaluru,2026-08-08 11:06:00,,2026-08-08 11:17:22.235428,2026-08-08 12:03:14.031896,delivered,14.61,medium,clear,delivered,1,0.0,-11.26,delivered_on_time,2026-08-08T12:18:59.249734,D004,D004,,eta-v3.2,completed,0,0,0,1,0,0,0,,3,0,0,,6,3,1,11.370590466666666,45.86327446666667,0,0,0,0,North Indian,bike,34.0
O01254,C0302,R039,D120,Bengaluru,2026-08-11 14:35:00,2026-08-11 15:47:48,2026-08-11 15:10:42.967972,2026-08-11 15:52:43.713545,delivered,18.0,low,clear,delivered,1,1.0,4.93,delivered_late,2026-08-11T15:51:39.813159,D120,D120,,eta-v3.1,completed,3,0,0,0,0,0,0,,4,0,0,,8,5,1,35.71613286666666,42.01242621666667,0,0,0,0,Biryani,scooter,22.0
O01255,C0679,R049,D041,Bengaluru,2026-08-25 22:07:00,,2026-08-25 22:34:48.125753,2026-08-25 23:19:18.867608,delivered,15.42,low,clear,delivered,1,1.0,4.93,delivered_late,2026-08-25T23:17:20.166572,D041,D041,,eta-v3.2,completed,0,0,0,0,0,0,0,,3,0,0,,8,5,1,27.802095883333333,44.512364250000005,0,0,0,0,Chinese,bike,83.0
O01256,C0721,R008,D033,Bengaluru,2026-08-02 20:51:00,2026-08-02 22:06:36,2026-08-02 21:16:53.980191,2026-08-02 22:05:36.476110,delivered,18.0,medium,clear,delivered,1,0.0,-0.99,delivered_on_time,2026-08-02T22:10:36,D033,D033,,eta-v3.2,completed,0,0,0,0,0,0,0,,3,0,0,,8,5,1,25.899669850000002,48.70826531666667,0,0,0,0,Cafe,scooter,33.0
O01257,C0572,R056,D001,Bengaluru,2026-08-15 14:52:00,2026-08-15 16:07:36,2026-08-15 15:21:03.506155,2026-08-15 16:17:29.430306,delivered,18.0,medium,clear,delivered,1,1.0,9.89,delivered_late,2026-08-15T16:14:16.008300,D001,D001,,eta-v3.1,completed,0,0,0,0,0,0,0,,3,0,0,,5,2,1,29.058435916666667,56.43206918333333,0,0,0,0,Biryani,bike,31.0
O01258,C0464,R030,D120,Bengaluru,2026-08-10 23:33:00,,2026-08-10 23:59:56.085581,2026-08-11 00:32:31.643764,delivered,9.08,low,clear,delivered,1,1.0,5.47,delivered_late,2026-08-11T00:27:03.651550,D120,D120,,eta-v3.2,completed,3,0,0,0,0,0,0,,3,0,0,,8,5,1,26.934759683333333,32.592636383333335,0,0,0,0,South Indian,scooter,22.0
O01259,C0267,R033,D068,Bengaluru,2026-08-17 17:09:00,2026-08-17 18:28:48,2026-08-17 17:38:27.775907,2026-08-17 18:32:49.382271,delivered,18.0,high,clear,delivered,1,1.0,4.02,delivered_late,2026-08-17T18:39:00.331302,D068,D068,,eta-v3.1,completed,1,0,0,0,0,0,1,DRIVER_REASSIGNMENT,3,0,1,ready,8,5,1,29.46293178333333,54.36010606666667,0,1,0,0,Cafe,scooter,1.0
O01260,C0654,R040,D055,Bengaluru,2026-08-11 14:35:00,2026-08-11 16:00:24,2026-08-11 14:54:03.597850,2026-08-11 15:55:30.552540,delivered,18.0,severe,clear,delivered,1,0.0,-4.89,delivered_on_time,2026-08-11T16:18:24,D055,D055,,eta-v3.2,completed,1,0,0,0,0,0,0,,3,0,1,ready,8,5,1,19.059964166666667,61.44924483333333,0,0,0,0,Desserts,bike,14.0
O01261,C0821,R042,D054,Bengaluru,2026-08-13 19:14:00,2026-08-13 20:26:48,2026-08-13 19:39:09.682218,2026-08-13 20:22:24.506703,delivered,18.0,low,clear,delivered,1,0.0,-4.39,delivered_on_time,2026-08-13T20:27:15.443691,D069,D054,2026-08-13T19:27:17.546594,eta-v3.1,completed,1,0,0,0,0,0,0,,3,0,0,,8,5,1,25.161370299999998,43.24707475,0,0,0,0,Chinese,bike,15.0
O01262,C0200,R032,D051,Bengaluru,2026-08-09 20:20:00,2026-08-09 21:32:48,2026-08-09 20:43:49.698323,2026-08-09 21:29:17.874639,delivered,18.0,low,clear,delivered,1,0.0,-3.5,delivered_on_time,2026-08-09T21:32:48,D051,D051,,eta-v3.2,completed,1,0,0,1,0,0,0,,3,0,1,handed_off,7,4,1,23.828305383333333,45.46960526666667,0,0,0,0,Pizza,bike,34.0
O01263,C0691,R033,D029,Bengaluru,2026-08-01 15:50:00,,2026-08-01 16:07:35.559422,2026-08-01 16:52:18.296394,delivered,17.47,medium,clear,delivered,1,0.0,-12.18,delivered_on_time,2026-08-01T17:10:54.807159,D029,D029,,eta-v3.1,completed,0,0,0,0,0,0,0,,3,0,0,,6,3,1,17.592657033333335,44.71228286666667,0,0,0,0,Cafe,bike,19.0
O01264,C0259,R041,D001,Bengaluru,2026-08-04 20:53:00,2026-08-04 22:08:36,2026-08-04 21:08:27.291882,2026-08-04 21:58:19.657702,delivered,18.0,medium,clear,delivered,1,0.0,-10.27,delivered_on_time,2026-08-04T22:12:36,D001,D001,,eta-v3.1,completed,3,0,0,0,0,0,0,,3,0,1,ready,6,3,1,15.4548647,49.872763666666664,0,0,0,0,Desserts,bike,31.0
O01265,C0272,R047,D035,Bengaluru,2026-08-09 21:25:00,2026-08-09 22:40:36,2026-08-09 21:49:58.805936,2026-08-09 22:39:24.320049,delivered,18.0,medium,clear,delivered,1,0.0,-1.19,delivered_on_time,2026-08-09T22:45:47.652776,D076,D035,2026-08-09T21:39:38.534560,eta-v3.1,completed,2,0,0,0,0,0,0,,3,0,0,,6,3,1,24.980098933333334,49.42523521666667,0,0,0,0,South Indian,scooter,5.0
O01266,C0426,R002,D117,Bengaluru,2026-08-26 18:06:00,,2026-08-26 18:34:34.203034,2026-08-26 19:36:06.399158,delivered,12.79,severe,rain,delivered,1,1.0,13.14,delivered_late,2026-08-26T19:45:57.946885,D117,D117,,eta-v3.1,completed,3,0,0,0,0,0,1,RESTAURANT_CONTACT,3,0,1,handed_off,8,5,1,28.570050566666666,61.53660206666667,0,1,0,0,Burgers,scooter,34.0
O01267,C0802,R030,D059,Bengaluru,2026-08-13 22:28:00,,2026-08-13 23:00:04.078623,2026-08-13 23:48:49.190017,delivered,14.89,high,clear,delivered,1,1.0,7.55,delivered_late,2026-08-13T23:51:15.937529,D059,D059,,eta-v3.2,completed,0,0,0,2,1,1,1,CUSTOMER_CREDIT,3,0,0,,7,4,1,32.06797705,48.75185656666667,1,1,0,0,South Indian,bike,7.0
O01268,C0881,R045,D010,Bengaluru,2026-08-06 18:50:00,2026-08-06 20:11:36,2026-08-06 19:32:01.340209,2026-08-06 20:41:25.341229,delivered,18.0,medium,heavy_rain,delivered,1,1.0,29.82,delivered_late,2026-08-06T20:27:36,D010,D010,,eta-v3.2,completed,0,0,0,1,1,1,0,,3,0,0,,6,3,1,42.022336816666666,69.40001699999999,1,0,0,0,Cafe,ebike,7.0
O01269,C0626,R016,D029,Bengaluru,2026-08-18 16:44:00,,2026-08-18 17:10:41.761256,2026-08-18 17:42:28.291168,delivered,7.58,medium,clear,delivered,1,1.0,4.75,delivered_late,2026-08-18T17:42:42.150987,D029,D029,,eta-v3.1,completed,0,0,0,0,0,0,0,,3,0,0,,5,2,1,26.696020933333333,31.775498533333334,0,0,0,0,Biryani,bike,19.0
O01270,C0035,R056,D021,Bengaluru,2026-08-21 11:49:00,2026-08-21 13:04:36,2026-08-21 12:24:58.657798,2026-08-21 13:20:16.588893,delivered,18.0,medium,clear,delivered,1,1.0,15.68,delivered_late,2026-08-21T13:14:12.630220,D021,D021,,eta-v3.1,completed,1,0,0,1,1,1,0,,3,0,0,,7,4,1,35.97762996666667,55.29885158333333,1,0,0,0,Biryani,scooter,38.0
O01271,C0288,R030,D015,Bengaluru,2026-08-21 19:01:00,2026-08-21 20:16:36,2026-08-21 19:22:00.842567,2026-08-21 20:10:02.156059,delivered,18.0,medium,clear,delivered,1,0.0,-6.56,delivered_on_time,2026-08-21T20:20:36,D015,D015,,eta-v3.2,completed,1,0,0,0,0,0,1,RESTAURANT_CONTACT,3,0,0,,5,2,1,21.01404278333333,48.02189153333334,0,1,0,0,South Indian,ebike,23.0
O01272,C0807,R057,D045,Bengaluru,2026-08-22 19:06:00,,2026-08-22 19:45:11.555618,2026-08-22 20:13:09.933100,delivered,6.88,medium,rain,delivered,1,1.0,12.42,delivered_late,2026-08-22T20:10:39.341067,D045,D045,,eta-v3.2,completed,3,0,1,0,0,0,1,DRIVER_REASSIGNMENT,3,0,0,,6,3,1,39.19259363333333,27.972958033333335,1,1,0,0,Cafe,scooter,21.0
O01273,C0716,R027,D018,Bengaluru,2026-08-02 19:11:00,,2026-08-02 19:38:45.515064,,cancelled,17.63,high,clear,cancelled,0,,,cancelled,2026-08-02T20:40:01.696676,D018,D018,,eta-v3.2,cancelled,1,0,0,0,0,0,0,,2,0,0,,1,0,0,27.7585844,,0,0,0,0,Biryani,bike,16.0
O01274,C0338,R057,D043,Bengaluru,2026-08-03 11:51:00,2026-08-03 13:06:36,2026-08-03 12:17:04.137258,2026-08-03 13:06:55.838503,delivered,18.0,medium,clear,delivered,1,1.0,0.33,delivered_late,2026-08-03T13:10:36,D043,D043,,eta-v3.2,completed,2,0,0,0,0,0,0,,3,0,0,,5,2,1,26.068954299999998,49.86168741666667,0,0,0,0,Cafe,bike,14.0
O01275,C0244,R008,D099,Bengaluru,2026-08-17 20:51:00,,2026-08-17 21:10:08.260612,2026-08-17 21:26:10.127780,delivered,3.25,medium,clear,delivered,1,0.0,-9.45,delivered_on_time,2026-08-17T21:41:12.271256,D099,D099,,eta-v3.1,completed,1,0,0,0,0,0,0,,3,0,1,handed_off,6,3,1,19.137676866666666,16.031119466666667,0,0,0,0,Cafe,bike,6.0
O01276,C0251,R033,D107,Bengaluru,2026-08-01 17:47:00,2026-08-01 19:12:48,2026-08-01 18:07:53.087540,2026-08-01 19:16:03.760595,delivered,18.0,high,heavy_rain,delivered,1,1.0,3.26,delivered_late,2026-08-01T19:37:24.492477,D107,D107,,eta-v3.1,completed,0,0,0,0,0,0,0,,3,0,1,ready,5,2,1,20.884792333333333,68.17788425,0,0,0,0,Cafe,bike,17.0
O01277,C0798,R048,D095,Bengaluru,2026-08-20 17:58:00,2026-08-20 19:17:48,2026-08-20 18:26:54.577202,2026-08-20 19:18:56.964893,delivered,18.0,high,clear,delivered,1,1.0,1.15,delivered_late,2026-08-20T19:31:18.964455,D095,D095,,eta-v3.2,completed,1,0,0,0,0,0,1,CUSTOMER_CREDIT,3,0,1,preparing,7,4,1,28.909620033333333,52.03979485,0,1,0,0,South Indian,bike,6.0
O01278,C0538,R019,D089,Bengaluru,2026-08-25 21:41:00,2026-08-25 22:53:48,2026-08-25 22:12:04.503815,2026-08-25 23:00:21.036885,delivered,18.0,low,clear,delivered,1,1.0,6.55,delivered_late,2026-08-25T22:55:16.827062,D089,D089,,eta-v3.2,completed,0,0,0,2,1,1,0,,3,0,0,,6,3,1,31.075063583333336,48.275551166666666,1,0,0,0,Cafe,bike,19.0
O01279,C0262,R029,D068,Bengaluru,2026-08-05 22:54:00,2026-08-06 00:19:24,2026-08-05 23:22:22.657445,2026-08-06 00:26:03.873763,delivered,18.0,severe,clear,delivered,1,1.0,6.66,delivered_late,2026-08-06T00:38:06.555929,D068,D068,,eta-v3.1,completed,2,0,0,0,0,0,0,,3,0,1,preparing,8,5,1,28.377624083333334,63.68693863333333,0,0,0,0,Burgers,scooter,1.0
O01280,C0394,R020,D076,Bengaluru,2026-08-22 20:34:00,,2026-08-22 21:08:49.439227,2026-08-22 21:51:22.575725,delivered,11.25,high,clear,delivered,1,1.0,11.76,delivered_late,2026-08-22T21:54:09.437845,D076,D076,,eta-v3.2,completed,4,0,1,1,0,0,0,,3,0,1,handed_off,7,4,1,34.823987116666665,42.552274966666666,1,0,0,0,Burgers,bike,9.0
O01281,C0552,R035,D006,Bengaluru,2026-08-21 12:15:00,2026-08-21 13:34:48,2026-08-21 12:52:44.291902,2026-08-21 13:41:26.617935,delivered,18.0,high,clear,delivered,1,1.0,6.64,delivered_late,2026-08-21T13:44:48,D006,D006,,eta-v3.1,completed,3,0,0,1,1,1,1,DRIVER_REASSIGNMENT,3,0,1,preparing,7,4,1,37.738198366666666,48.70543388333333,1,1,0,0,North Indian,bike,12.0
O01282,C0778,R046,D056,Bengaluru,2026-08-23 20:40:00,,2026-08-23 21:15:36.051916,2026-08-23 21:49:37.504078,delivered,9.52,high,clear,delivered,1,1.0,7.63,delivered_late,2026-08-23T21:51:59.937046,D056,D056,,eta-v3.2,completed,2,0,0,0,0,0,1,RESTAURANT_CONTACT,3,0,0,,8,5,1,35.600865266666666,34.024202700000004,0,1,0,0,Chinese,scooter,19.0
O01283,C0050,R010,D093,Bengaluru,2026-08-07 21:48:00,,2026-08-07 22:12:22.619970,2026-08-07 22:41:18.116656,delivered,9.83,low,clear,delivered,1,0.0,-2.34,delivered_on_time,2026-08-07T22:44:21.769613,D044,D093,2026-08-07T21:54:04.322823,eta-v3.2,completed,1,0,0,1,0,0,0,,3,0,0,,7,4,1,24.3769995,28.924944766666666,0,0,0,0,North Indian,ebike,28.0
O01284,C0432,R005,D047,Bengaluru,2026-08-12 20:33:00,2026-08-12 21:45:48,2026-08-12 20:50:08.807043,2026-08-12 21:37:15.998296,delivered,18.0,low,clear,delivered,1,0.0,-8.53,delivered_on_time,2026-08-12T21:46:46.892176,D047,D047,,eta-v3.2,completed,3,0,0,1,0,0,1,CUSTOMER_CREDIT,3,0,0,,5,2,1,17.14678405,47.11985421666667,0,1,0,0,North Indian,scooter,10.0
O01285,C0886,R040,D103,Bengaluru,2026-08-16 12:37:00,2026-08-16 13:56:48,2026-08-16 12:59:58.979328,2026-08-16 13:53:03.935830,delivered,18.0,high,clear,delivered,1,0.0,-3.73,delivered_on_time,2026-08-16T14:06:48,D103,D103,,eta-v3.2,completed,1,0,0,0,0,0,0,,3,0,1,handed_off,6,3,1,22.982988799999998,53.08260836666667,0,0,0,0,Desserts,scooter,28.0
O01286,C0295,R007,D094,Bengaluru,2026-08-04 18:22:00,2026-08-04 19:41:48,2026-08-04 18:50:06.132234,2026-08-04 19:43:07.180401,delivered,18.0,high,clear,delivered,1,1.0,1.32,delivered_late,2026-08-04T19:52:03.132918,D094,D094,,eta-v3.2,completed,0,0,0,0,0,0,1,DRIVER_REASSIGNMENT,4,0,1,handed_off,7,4,1,28.1022039,53.01746945,0,1,0,0,North Indian,bike,24.0
O01287,C0084,R034,D112,Bengaluru,2026-08-26 13:59:00,,2026-08-26 14:19:26.920952,2026-08-26 14:47:22.383208,delivered,6.85,medium,clear,delivered,1,0.0,-3.82,delivered_on_time,2026-08-26T14:55:11.554132,D112,D112,,eta-v3.2,completed,0,0,0,0,0,0,0,,3,0,0,,8,5,1,20.448682533333333,27.924370933333332,0,0,0,0,Pizza,bike,19.0
O01288,C0282,R020,D048,Bengaluru,2026-08-27 21:37:00,,2026-08-27 22:09:31.766957,,cancelled,9.14,medium,clear,cancelled,0,,,cancelled,2026-08-27T22:46:10.800072,D048,D048,,eta-v3.1,cancelled,0,0,0,0,0,0,1,DRIVER_REASSIGNMENT,2,0,0,,1,0,0,32.529449283333335,,0,1,0,0,Burgers,bike,11.0
O01289,C0004,R011,D075,Bengaluru,2026-08-02 20:05:00,2026-08-02 21:20:36,2026-08-02 20:28:34.171732,2026-08-02 21:24:59.900736,delivered,18.0,medium,clear,delivered,1,1.0,4.4,delivered_late,2026-08-02T21:24:49.737620,D075,D075,,eta-v3.1,completed,0,0,0,1,0,0,0,,3,0,0,,6,3,1,23.569528866666666,56.42881673333333,0,0,0,0,Chinese,bike,22.0
O01290,C0523,R047,D079,Bengaluru,2026-08-01 22:09:00,,2026-08-01 22:30:44.610173,2026-08-01 23:04:52.731889,delivered,10.73,medium,clear,delivered,1,0.0,-4.45,delivered_on_time,2026-08-01T23:13:19.586746,D079,D079,,eta-v3.1,completed,3,0,0,0,0,0,0,,3,0,1,ready,8,5,1,21.743502883333335,34.135361933333336,0,0,0,0,South Indian,scooter,22.0
O01291,C0301,R026,D028,Bengaluru,2026-08-01 11:20:00,2026-08-01 12:35:36,2026-08-01 11:56:41.036121,2026-08-01 12:48:40.823342,delivered,18.0,medium,clear,delivered,1,1.0,13.08,delivered_late,2026-08-01T12:40:08.410809,D028,D028,,eta-v3.1,completed,3,0,1,1,1,1,0,,3,0,1,preparing,6,3,1,36.68393535,51.996453683333336,1,0,0,0,Desserts,bike,10.0
O01292,C0498,R033,D085,Bengaluru,2026-08-26 19:18:00,2026-08-26 20:43:48,2026-08-26 19:28:47.410288,2026-08-26 20:32:34.254882,delivered,18.0,high,heavy_rain,delivered,1,0.0,-11.23,delivered_on_time,2026-08-26T21:06:32.005345,D085,D085,,eta-v3.2,completed,0,0,0,0,0,0,0,,3,0,0,,6,3,1,10.790171466666667,63.78074323333333,0,0,0,0,Cafe,bike,26.0
O01293,C0512,R014,D064,Bengaluru,2026-08-13 18:30:00,,2026-08-13 19:01:48.671221,2026-08-13 20:00:13.890988,delivered,13.6,severe,rain,delivered,1,1.0,11.57,delivered_late,2026-08-13T20:11:39.824553,D064,D064,,eta-v3.1,completed,3,0,1,0,0,0,0,,4,0,0,,5,2,1,31.81118701666667,58.420329450000004,1,0,0,0,Biryani,bike,17.0
O01294,C0269,R052,D022,Bengaluru,2026-08-26 12:20:00,2026-08-26 13:39:48,2026-08-26 12:53:09.159452,2026-08-26 13:46:54.337237,delivered,18.0,high,clear,delivered,1,1.0,7.11,delivered_late,2026-08-26T13:49:48,D022,D022,,eta-v3.1,completed,3,0,0,0,0,0,0,,3,0,1,preparing,6,3,1,33.15265753333333,53.752963083333334,0,0,0,0,Desserts,scooter,35.0
O01295,C0630,R031,D065,Bengaluru,2026-08-15 16:49:00,,2026-08-15 17:18:09.517609,2026-08-15 17:52:50.034211,delivered,11.62,medium,clear,delivered,1,1.0,1.63,delivered_late,2026-08-15T17:55:12.417772,D065,D065,,eta-v3.2,completed,1,0,0,1,0,0,1,PRIORITY_DISPATCH,3,0,0,,8,5,1,29.158626816666665,34.675276700000005,0,1,0,0,Chinese,bike,17.0
O01296,C0265,R039,D095,Bengaluru,2026-08-12 20:24:00,,2026-08-12 21:08:08.989725,2026-08-12 21:50:42.629342,delivered,11.39,high,clear,delivered,1,1.0,20.78,delivered_late,2026-08-12T21:39:55.716283,D095,D095,,eta-v3.2,completed,4,0,1,1,1,1,0,,3,0,0,,5,2,1,44.14982875,42.56066028333333,1,0,0,0,Biryani,bike,6.0
O01297,C0348,R024,D087,Bengaluru,2026-08-11 14:55:00,,2026-08-11 15:29:45.031605,2026-08-11 16:07:31.039208,delivered,11.78,medium,rain,delivered,1,1.0,7.48,delivered_late,2026-08-11T16:09:02.479844,D087,D087,,eta-v3.2,completed,0,0,0,0,0,0,0,,3,0,0,,5,2,1,34.75052675,37.76679338333334,0,0,0,0,South Indian,bike,62.0
O01298,C0121,R019,D054,Bengaluru,2026-08-25 14:34:00,2026-08-25 15:46:48,2026-08-25 15:06:28.638612,2026-08-25 15:53:46.933755,delivered,18.0,low,clear,delivered,1,1.0,6.98,delivered_late,2026-08-25T15:54:45.812341,D054,D054,,eta-v3.2,completed,3,0,0,0,0,0,0,,3,0,0,,8,5,1,32.4773102,47.304919049999995,0,0,0,0,Cafe,bike,15.0
O01299,C0800,R037,D080,Bengaluru,2026-08-28 17:26:00,,2026-08-28 17:48:09.603449,2026-08-28 18:34:19.577197,delivered,17.06,medium,clear,delivered,1,0.0,-5.31,delivered_on_time,2026-08-28T18:44:43.667755,D080,D080,,eta-v3.1,completed,3,0,0,0,0,0,0,,4,0,0,,7,4,1,22.160057483333333,46.16622913333333,0,0,0,0,Cafe,bike,12.0
O01300,C0045,R044,D072,Bengaluru,2026-08-20 18:03:00,,2026-08-20 18:40:50.679457,2026-08-20 19:03:28.951670,delivered,4.42,low,clear,delivered,1,1.0,16.2,delivered_late,2026-08-20T18:51:17.179327,D072,D072,,eta-v3.1,completed,2,0,0,1,1,1,0,,3,0,0,,8,5,1,37.84465761666667,22.637870216666666,1,0,0,0,Cafe,scooter,22.0
O01301,C0342,R003,D047,Bengaluru,2026-08-11 21:14:00,2026-08-11 22:33:48,2026-08-11 21:45:28.673616,2026-08-11 22:40:29.304587,delivered,18.0,high,clear,delivered,1,1.0,6.69,delivered_late,2026-08-11T22:43:48,D047,D047,,eta-v3.2,completed,2,0,0,0,0,0,1,RESTAURANT_CONTACT,3,0,0,,5,2,1,31.4778936,55.01051618333334,0,1,0,0,Chinese,scooter,10.0
O01302,C0116,R010,D088,Bengaluru,2026-08-26 21:07:00,,2026-08-26 21:35:26.474087,2026-08-26 22:20:27.428561,delivered,14.78,medium,clear,delivered,1,1.0,4.62,delivered_late,2026-08-26T22:19:50.566866,D088,D088,,eta-v3.2,completed,3,0,0,0,0,0,0,,3,0,0,,5,2,1,28.441234783333336,45.0159079,0,0,1,0,North Indian,scooter,28.0
O01303,C0487,R050,D034,Bengaluru,2026-08-21 18:21:00,,2026-08-21 18:47:09.144740,2026-08-21 19:03:45.787091,delivered,3.42,low,clear,delivered,1,1.0,0.59,delivered_late,2026-08-21T19:05:00.616488,D034,D034,,eta-v3.2,completed,1,0,0,0,0,0,0,,3,0,1,preparing,6,3,1,26.152412333333334,16.61070585,0,0,0,0,Cafe,scooter,32.0
O01304,C0831,R014,D035,Bengaluru,2026-08-17 20:25:00,2026-08-17 21:40:18,2026-08-17 20:50:09.227335,2026-08-17 21:39:23.386829,delivered,18.0,low,rain,delivered,1,0.0,-0.91,delivered_on_time,2026-08-17T21:45:18,D035,D035,,eta-v3.1,completed,3,0,0,1,0,0,0,,4,0,1,ready,5,2,1,25.153788916666667,49.23599156666667,0,0,0,0,Biryani,scooter,5.0
O01305,C0729,R029,D027,Bengaluru,2026-08-21 21:27:00,,2026-08-21 21:36:20.357240,2026-08-21 22:15:09.580252,delivered,11.42,high,clear,delivered,1,0.0,-17.83,delivered_on_time,2026-08-21T22:42:59.181361,D027,D027,,eta-v3.1,completed,2,0,0,0,0,0,1,DRIVER_REASSIGNMENT,3,0,1,preparing,5,2,1,9.339287333333335,38.820383533333334,0,1,0,0,Burgers,ebike,4.0
O01306,C0629,R049,D077,Bengaluru,2026-08-22 21:00:00,2026-08-22 22:18:06,2026-08-22 21:26:31.794648,2026-08-22 22:19:48.732119,delivered,18.0,medium,rain,delivered,1,1.0,1.71,delivered_late,2026-08-22T22:27:52.086107,D077,D077,,eta-v3.1,completed,0,0,0,2,1,1,0,,3,0,1,preparing,6,3,1,26.5299108,53.282291183333335,1,0,0,0,Chinese,bike,4.0
O01307,C0086,R047,D097,Bengaluru,2026-08-07 20:14:00,,2026-08-07 21:01:16.491135,2026-08-07 21:31:40.783435,delivered,7.75,medium,clear,delivered,1,1.0,23.6,delivered_late,2026-08-07T21:12:54.361654,D097,D097,,eta-v3.2,completed,5,1,1,0,0,0,0,,3,0,0,,6,3,1,47.27485225,30.40487166666667,1,0,0,0,South Indian,ebike,19.0
O01308,C0581,R008,D036,Bengaluru,2026-08-22 14:56:00,2026-08-22 16:08:48,2026-08-22 15:19:38.568123,2026-08-22 16:06:00.162001,delivered,18.0,low,clear,delivered,1,0.0,-2.8,delivered_on_time,2026-08-22T16:08:48,D038,D036,2026-08-22T15:04:43.741710,eta-v3.2,completed,0,0,0,0,0,0,0,,3,0,1,handed_off,8,5,1,23.64280205,46.35989796666667,0,0,0,0,Cafe,bike,20.0
O01309,C0374,R026,D006,Bengaluru,2026-08-12 15:38:00,2026-08-12 16:59:36,2026-08-12 15:55:15.341421,2026-08-12 16:57:01.692794,delivered,18.0,medium,heavy_rain,delivered,1,0.0,-2.57,delivered_on_time,2026-08-12T17:16:13.466734,D006,D006,,eta-v3.1,completed,0,0,0,1,0,0,0,,3,0,1,preparing,6,3,1,17.255690350000002,61.77252288333333,0,0,0,0,Desserts,bike,12.0
O01310,C0122,R041,D084,Bengaluru,2026-08-03 18:34:00,,2026-08-03 19:12:43.171367,2026-08-03 19:47:04.962371,delivered,12.55,low,clear,delivered,1,1.0,11.74,delivered_late,2026-08-03T19:35:28.509808,D084,D084,,eta-v3.1,completed,4,0,1,0,0,0,0,,3,0,0,,5,2,1,38.71952278333333,34.363183400000004,1,0,0,0,Desserts,scooter,33.0
O01311,C0203,R005,D016,Bengaluru,2026-08-09 21:37:00,,2026-08-09 21:52:34.470231,,delivered,15.16,severe,clear,delivered,1,,,unknown,2026-08-09T23:14:30.426485,D016,D016,,eta-v3.1,completed,1,0,0,0,0,0,0,,2,0,1,handed_off,5,2,1,15.574503850000001,,0,0,0,0,North Indian,scooter,46.0
O01312,C0206,R027,D056,Bengaluru,2026-08-14 19:02:00,2026-08-14 20:17:36,2026-08-14 20:03:23.614086,2026-08-14 20:54:36.321890,delivered,18.0,medium,clear,delivered,1,1.0,37.01,delivered_late,2026-08-14T20:28:19.378901,D056,D056,,eta-v3.2,completed,0,0,0,0,0,0,0,,3,0,1,ready,6,3,1,61.3935681,51.21179673333334,0,0,0,0,Biryani,scooter,19.0
O01313,C0838,R047,D087,Bengaluru,2026-08-28 20:53:00,2026-08-28 22:08:36,2026-08-28 21:31:27.974061,2026-08-28 22:24:45.314236,delivered,18.0,medium,clear,delivered,1,1.0,16.16,delivered_late,2026-08-28T22:12:36,D087,D087,,eta-v3.2,completed,2,0,1,1,0,0,1,CUSTOMER_CREDIT,3,0,0,,6,3,1,38.46623435,53.28900291666666,1,1,0,0,South Indian,bike,62.0
O01314,C0162,R015,D003,Bengaluru,2026-08-03 17:00:00,2026-08-03 18:15:36,2026-08-03 17:40:03.263644,2026-08-03 18:33:06.595657,delivered,18.0,medium,clear,delivered,1,1.0,17.51,delivered_late,2026-08-03T18:26:09.546508,D003,D003,,eta-v3.2,completed,0,0,0,2,1,1,0,,3,0,0,,5,2,1,40.05439406666667,53.05553355,1,0,0,0,Cafe,scooter,15.0
O01315,C0803,R001,D047,Bengaluru,2026-08-08 19:29:00,2026-08-08 20:41:48,2026-08-08 20:06:53.437984,2026-08-08 20:54:16.384534,delivered,18.0,low,clear,delivered,1,1.0,12.47,delivered_late,2026-08-08T20:44:37.579896,D047,D047,,eta-v3.2,completed,0,0,0,1,0,0,0,,3,0,1,preparing,8,5,1,37.890633066666666,47.3824425,0,0,0,0,South Indian,scooter,10.0
O01316,C0808,R027,D093,Bengaluru,2026-08-16 21:05:00,2026-08-16 22:17:48,2026-08-16 21:29:43.007857,2026-08-16 22:14:38.652126,delivered,18.0,low,clear,delivered,1,0.0,-3.16,delivered_on_time,2026-08-16T22:17:48,D093,D093,,eta-v3.2,completed,0,0,0,0,0,0,0,,3,0,1,preparing,5,2,1,24.716797616666668,44.92740448333333,0,0,0,0,Biryani,ebike,28.0
O01317,C0365,R055,D065,Bengaluru,2026-08-05 22:29:00,,2026-08-05 22:56:38.925176,2026-08-05 23:33:02.550957,delivered,13.03,medium,clear,delivered,1,0.0,-1.11,delivered_on_time,2026-08-05T23:38:24.812063,D065,D065,,eta-v3.1,completed,2,0,0,2,1,1,0,,3,0,0,,8,5,1,27.648752933333334,36.39376301666667,1,0,0,0,Burgers,bike,17.0
O01318,C0340,R021,D034,Bengaluru,2026-08-11 13:48:00,2026-08-11 15:07:48,2026-08-11 14:08:18.290147,2026-08-11 15:03:33.750331,delivered,18.0,high,clear,delivered,1,0.0,-4.24,delivered_on_time,2026-08-11T15:17:48,D034,D034,,eta-v3.2,completed,0,0,0,0,0,0,1,CUSTOMER_CREDIT,4,1,1,handed_off,7,4,1,20.30483578333333,55.25766973333334,0,1,0,0,Biryani,scooter,32.0
O01319,C0239,R007,D098,Bengaluru,2026-08-09 21:57:00,2026-08-09 23:12:36,2026-08-09 22:17:42.550010,2026-08-09 23:09:10.787460,delivered,18.0,medium,clear,delivered,1,0.0,-3.42,delivered_on_time,2026-08-09T23:16:36,D098,D098,,eta-v3.2,completed,2,0,0,1,0,0,0,,3,0,0,,8,5,1,20.70916683333333,51.47062416666667,0,0,0,0,North Indian,scooter,7.0
O01320,C0330,R013,D083,Bengaluru,2026-08-13 20:38:00,,2026-08-13 21:00:44.003370,2026-08-13 21:46:45.033152,delivered,6.74,high,heavy_rain,delivered,1,1.0,6.6,delivered_late,2026-08-13T22:04:28.479659,D083,D083,,eta-v3.2,completed,0,0,0,0,0,0,0,,3,0,0,,6,3,1,22.733389499999998,46.01716303333333,0,0,0,0,Pizza,bike,38.0
O01321,C0179,R026,D050,Bengaluru,2026-08-20 18:11:00,2026-08-20 19:23:48,2026-08-20 18:59:17.486873,2026-08-20 19:45:29.940935,delivered,18.0,low,clear,delivered,1,1.0,21.7,delivered_late,2026-08-20T19:25:09.304856,D050,D050,,eta-v3.2,completed,0,0,0,0,0,0,0,,3,0,0,,7,4,1,48.29144788333333,46.2075677,0,0,0,0,Desserts,bike,59.0
O01322,C0460,R040,D028,Bengaluru,2026-08-22 20:37:00,2026-08-22 22:02:24,2026-08-22 21:04:21.008692,2026-08-22 22:03:24.781472,delivered,18.0,severe,clear,delivered,1,1.0,1.01,delivered_late,2026-08-22T22:20:24,D028,D028,,eta-v3.2,completed,1,0,0,0,0,0,1,DRIVER_REASSIGNMENT,3,0,1,preparing,8,5,1,27.350144866666668,59.06287966666666,0,1,0,0,Desserts,bike,10.0
O01323,C0084,R060,D009,Bengaluru,2026-08-10 12:16:00,2026-08-10 13:31:36,2026-08-10 13:02:50.777043,2026-08-10 13:53:54.206175,delivered,18.0,medium,clear,delivered,1,1.0,22.3,delivered_late,2026-08-10T13:37:23.791819,D009,D009,,eta-v3.1,completed,4,0,1,1,1,1,0,,4,0,0,,6,3,1,46.84628405,51.057152200000004,1,0,0,0,Chinese,ebike,15.0
O01324,C0290,R029,D048,Bengaluru,2026-08-05 17:01:00,2026-08-05 18:13:48,2026-08-05 17:20:18.107245,2026-08-05 17:58:37.123525,delivered,18.0,low,clear,delivered,1,0.0,-15.18,delivered_on_time,2026-08-05T18:13:48,D048,D048,,eta-v3.1,completed,0,0,0,0,0,0,0,,3,0,0,,7,4,1,19.301787416666667,38.316938,0,0,0,0,Burgers,bike,11.0
O01325,C0382,R059,D029,Bengaluru,2026-08-24 22:04:00,2026-08-24 23:16:48,2026-08-24 22:36:50.389070,2026-08-24 23:22:08.362417,delivered,18.0,low,clear,delivered,1,1.0,5.34,delivered_late,2026-08-24T23:20:44.501465,D029,D029,,eta-v3.2,completed,2,0,0,1,1,1,0,,3,0,0,,8,5,1,32.839817833333335,45.29955578333333,1,0,0,0,Burgers,bike,19.0
O01326,C0051,R033,D031,Bengaluru,2026-08-23 13:58:00,2026-08-23 15:10:48,2026-08-23 14:27:47.108608,2026-08-23 15:10:37.358105,delivered,18.0,low,clear,delivered,1,0.0,-0.18,delivered_on_time,2026-08-23T15:10:48,D031,D031,,eta-v3.1,completed,2,0,0,0,0,0,1,CUSTOMER_CREDIT,3,0,0,,8,5,1,29.785143466666668,42.83749161666666,0,1,0,0,Cafe,ebike,17.0
O01327,C0702,R007,D080,Bengaluru,2026-08-18 22:25:00,2026-08-18 23:40:18,2026-08-18 22:43:40.149411,2026-08-18 23:38:02.434908,delivered,18.0,low,rain,delivered,1,0.0,-2.26,delivered_on_time,2026-08-18T23:45:18,D080,D080,,eta-v3.2,completed,3,0,0,1,1,1,1,CUSTOMER_CREDIT,3,0,0,,6,3,1,18.66915685,54.37142495,1,1,0,0,North Indian,bike,12.0
O01328,C0878,R044,D058,Bengaluru,2026-08-08 19:00:00,,2026-08-08 19:44:43.765591,2026-08-08 20:37:09.457244,delivered,17.16,medium,clear,delivered,1,1.0,23.33,delivered_late,2026-08-08T20:26:24.208136,D058,D058,,eta-v3.2,completed,3,1,0,1,1,1,0,,3,0,0,,5,2,1,44.72942651666666,52.42819421666666,1,0,0,0,Cafe,scooter,15.0
O01329,C0436,R050,D080,Bengaluru,2026-08-10 18:07:00,,2026-08-10 18:22:48.937035,2026-08-10 18:57:26.545040,delivered,9.59,high,clear,delivered,1,0.0,-11.69,delivered_on_time,2026-08-10T19:19:07.804340,D080,D080,,eta-v3.1,completed,2,0,0,0,0,0,0,,3,0,0,,8,5,1,15.81561725,34.626800083333336,0,0,0,0,Cafe,bike,12.0
O01330,C0078,R044,D054,Bengaluru,2026-08-02 14:05:00,,2026-08-02 14:43:10.570033,2026-08-02 15:40:13.018977,delivered,17.58,high,clear,delivered,1,1.0,16.3,delivered_late,2026-08-02T15:36:30.422106,D054,D054,,eta-v3.1,completed,3,0,0,0,0,0,0,,4,0,0,,8,5,1,38.17616721666666,57.04081573333334,0,0,0,0,Cafe,bike,15.0
O01331,C0744,R033,D088,Bengaluru,2026-08-28 23:17:00,2026-08-29 00:36:48,2026-08-28 23:54:32.108716,2026-08-29 00:50:53.383274,delivered,18.0,high,clear,delivered,1,1.0,14.09,delivered_late,2026-08-29T00:46:48,D088,D088,,eta-v3.2,completed,2,0,0,0,0,0,1,DRIVER_REASSIGNMENT,3,0,1,handed_off,6,3,1,37.53514526666667,56.354575966666665,0,1,0,0,Cafe,scooter,28.0
O01332,C0585,R002,D114,Bengaluru,2026-08-01 19:30:00,2026-08-01 20:45:36,2026-08-01 20:08:01.818841,,cancelled,18.0,medium,clear,cancelled,0,,,cancelled,2026-08-01T20:49:59.702982,D114,D114,,eta-v3.2,cancelled,2,0,0,1,0,0,1,PRIORITY_DISPATCH,2,0,1,preparing,1,0,0,38.030314016666665,,0,1,0,0,Burgers,bike,59.0
O01333,C0479,R029,D010,Bengaluru,2026-08-03 18:15:00,,2026-08-03 18:37:46.074291,2026-08-03 19:37:32.588699,delivered,15.28,severe,clear,delivered,1,1.0,2.85,delivered_late,2026-08-03T19:54:36.275380,D010,D010,,eta-v3.1,completed,1,0,0,0,0,0,0,,3,0,1,ready,5,2,1,22.767904849999997,59.775240133333334,0,0,0,0,Burgers,ebike,7.0
O01334,C0692,R041,D080,Bengaluru,2026-08-01 17:34:00,2026-08-01 18:53:48,2026-08-01 18:05:27.720632,2026-08-01 19:01:00.646634,delivered,18.0,high,clear,delivered,1,1.0,7.21,delivered_late,2026-08-01T19:07:29.370872,D080,D080,,eta-v3.2,completed,3,0,0,0,0,0,0,,3,0,0,,6,3,1,31.462010533333334,55.5487667,0,0,0,0,Desserts,bike,12.0
O01335,C0736,R028,D105,Bengaluru,2026-08-21 18:30:00,,2026-08-21 18:53:50.361236,2026-08-21 19:10:55.202769,delivered,1.95,low,clear,delivered,1,1.0,1.83,delivered_late,2026-08-21T19:09:05.324002,D105,D105,,eta-v3.2,completed,0,0,0,0,0,0,1,RESTAURANT_CONTACT,3,0,0,,7,4,1,23.83935393333333,17.080692216666666,0,1,0,0,Biryani,bike,18.0
O01336,C0238,R035,D012,Bengaluru,2026-08-23 18:11:00,2026-08-23 19:23:48,2026-08-23 18:43:27.475601,2026-08-23 19:33:04.742564,delivered,18.0,low,clear,delivered,1,1.0,9.28,delivered_late,2026-08-23T19:23:48,D012,D012,,eta-v3.1,completed,3,0,0,0,0,0,1,DRIVER_REASSIGNMENT,3,0,0,,7,4,1,32.45792668333333,49.62111605,0,1,0,0,North Indian,bike,10.0
O01337,C0274,R040,D112,Bengaluru,2026-08-21 23:47:00,2026-08-22 00:59:48,2026-08-22 00:09:32.393211,2026-08-22 00:58:02.769647,delivered,18.0,low,clear,delivered,1,0.0,-1.75,delivered_on_time,2026-08-22T00:59:48,D112,D112,,eta-v3.2,completed,3,0,0,0,0,0,0,,3,0,0,,8,5,1,22.539886850000002,48.50627393333333,0,0,0,0,Desserts,bike,19.0
O01338,C0327,R034,D013,Bengaluru,2026-08-05 14:59:00,2026-08-05 16:17:48,2026-08-05 15:31:08.662784,2026-08-05 16:36:21.975364,delivered,18.0,low,heavy_rain,delivered,1,1.0,18.57,delivered_late,2026-08-05T16:29:48,D100,D013,2026-08-05T15:07:24.141628,eta-v3.2,completed,5,1,1,0,0,0,0,,3,0,1,ready,8,5,1,32.14437973333334,65.22187633333333,1,0,0,0,Pizza,bike,43.0
O01339,C0604,R047,D010,Bengaluru,2026-08-20 19:05:00,,2026-08-20 19:29:01.141679,2026-08-20 19:53:45.274380,delivered,5.6,medium,clear,delivered,1,0.0,-0.8,delivered_on_time,2026-08-20T19:58:52.194615,D010,D010,,eta-v3.1,completed,3,0,0,0,0,0,0,,3,0,0,,8,5,1,24.019027983333334,24.735545016666666,0,0,0,0,South Indian,ebike,7.0
O01340,C0080,R042,D049,Bengaluru,2026-08-06 20:15:00,,2026-08-06 20:41:00.609627,2026-08-06 21:18:34.965229,delivered,13.96,low,clear,delivered,1,0.0,-0.73,delivered_on_time,2026-08-06T21:20:07.755461,D049,D049,,eta-v3.1,completed,3,0,0,0,0,0,0,,4,1,0,,7,4,1,26.01016045,37.572593366666666,0,0,0,0,Chinese,bike,17.0
O01341,C0478,R016,D017,Bengaluru,2026-08-09 17:17:00,,2026-08-09 17:53:07.945456,2026-08-09 18:31:04.078144,delivered,12.52,medium,clear,delivered,1,1.0,9.97,delivered_late,2026-08-09T18:25:05.653264,D017,D017,,eta-v3.1,completed,3,0,0,0,0,0,0,,3,0,0,,5,2,1,36.13242426666667,37.9355448,0,0,0,0,Biryani,bike,17.0
O01342,C0381,R027,D026,Bengaluru,2026-08-27 19:21:00,,2026-08-27 19:40:45.473448,2026-08-27 20:26:44.018835,delivered,13.01,high,clear,delivered,1,0.0,-3.59,delivered_on_time,2026-08-27T20:42:52.439977,D026,D026,,eta-v3.2,completed,2,0,0,0,0,0,0,,3,0,0,,7,4,1,19.7578908,45.97575645,0,0,0,0,Biryani,scooter,19.0
O01343,C0859,R038,D028,Bengaluru,2026-08-01 13:24:00,2026-08-01 14:36:48,2026-08-01 13:56:28.835701,,delivered,18.0,low,clear,delivered,1,,,unknown,2026-08-01T14:42:43.197733,D028,D028,,eta-v3.2,completed,2,0,0,0,0,0,0,,2,0,1,handed_off,5,2,1,32.48059501666667,,0,0,0,0,Pizza,bike,10.0
O01344,C0134,R030,D008,Bengaluru,2026-08-13 14:53:00,2026-08-13 16:05:48,2026-08-13 15:20:52.395521,2026-08-13 16:07:19.630323,delivered,18.0,low,clear,delivered,1,1.0,1.53,delivered_late,2026-08-13T16:08:03.824704,D008,D008,,eta-v3.1,completed,0,0,0,0,0,0,0,,3,0,0,,5,2,1,27.873258683333333,46.45391336666667,0,0,0,0,South Indian,ebike,23.0
O01345,C0161,R016,D002,Bengaluru,2026-08-02 19:10:00,,2026-08-02 19:30:10.348773,2026-08-02 19:53:57.070839,delivered,8.16,low,clear,delivered,1,0.0,-8.19,delivered_on_time,2026-08-02T20:02:43.866519,D002,D002,,eta-v3.1,completed,3,0,0,0,0,0,1,DRIVER_REASSIGNMENT,3,0,0,,8,5,1,20.17247955,23.7787011,0,1,0,0,Biryani,scooter,8.0
O01346,C0574,R017,D076,Bengaluru,2026-08-19 19:11:00,2026-08-19 20:36:24,2026-08-19 19:39:13.567087,,cancelled,18.0,severe,clear,cancelled,0,,,cancelled,2026-08-19T20:55:14.239083,D076,D076,,eta-v3.2,cancelled,1,0,0,0,0,0,0,,2,0,0,,1,0,0,28.226118116666665,,0,0,0,0,North Indian,bike,9.0
O01347,C0771,R040,D027,Bengaluru,2026-08-12 22:31:00,2026-08-12 23:56:24,2026-08-12 22:47:36.900272,2026-08-12 23:51:59.461035,delivered,18.0,severe,clear,delivered,1,0.0,-4.41,delivered_on_time,2026-08-13T00:14:35.329533,D038,D027,2026-08-12T22:45:08.576168,eta-v3.2,completed,3,0,0,0,0,0,1,DRIVER_REASSIGNMENT,3,0,0,,7,4,1,16.615004533333334,64.37601271666666,0,1,0,0,Desserts,ebike,4.0
O01348,C0045,R050,D045,Bengaluru,2026-08-04 20:38:00,,2026-08-04 20:49:16.066770,2026-08-04 21:33:07.156429,delivered,14.82,medium,clear,delivered,1,0.0,-13.81,delivered_on_time,2026-08-04T21:50:55.901309,D045,D045,,eta-v3.2,completed,3,0,0,0,0,0,1,RESTAURANT_CONTACT,3,0,0,,6,3,1,11.2677795,43.85149431666667,0,1,0,0,Cafe,scooter,21.0
O01349,C0771,R050,D058,Bengaluru,2026-08-16 19:03:00,2026-08-16 20:18:36,2026-08-16 19:47:08.127592,2026-08-16 20:31:17.649194,delivered,18.0,medium,clear,delivered,1,1.0,12.69,delivered_late,2026-08-16T20:31:13.754510,D058,D058,,eta-v3.2,completed,3,0,0,1,1,1,0,,3,0,0,,5,2,1,44.135459866666665,44.15869336666666,1,0,0,0,Cafe,scooter,15.0
O01350,C0149,R060,D027,Bengaluru,2026-08-05 20:57:00,,2026-08-05 21:17:08.496058,2026-08-05 22:08:01.603997,delivered,14.05,severe,clear,delivered,1,0.0,-6.08,delivered_on_time,2026-08-05T22:32:06.381930,D049,D027,2026-08-05T21:09:03.165900,eta-v3.1,completed,3,0,0,0,0,0,0,,3,0,1,preparing,6,3,1,20.141600966666665,50.88513231666666,0,0,0,0,Chinese,ebike,4.0
O01351,C0205,R054,D040,Bengaluru,2026-08-16 20:20:00,2026-08-16 21:35:36,2026-08-16 20:54:26.017959,2026-08-16 21:46:53.289624,delivered,18.0,medium,clear,delivered,1,1.0,11.29,delivered_late,2026-08-16T21:40:16.539997,D040,D040,,eta-v3.2,completed,3,0,1,1,0,0,0,,3,0,0,,7,4,1,34.43363265,52.454527750000004,1,0,0,0,South Indian,bike,27.0
O01352,C0892,R011,D102,Bengaluru,2026-08-07 12:51:00,,2026-08-07 13:15:59.473154,2026-08-07 13:58:25.477667,delivered,15.03,medium,rain,delivered,1,0.0,-4.44,delivered_on_time,2026-08-07T14:13:16.606608,D102,D102,,eta-v3.1,completed,3,0,0,1,0,0,1,RESTAURANT_CONTACT,3,0,0,,8,5,1,24.991219233333332,42.433408549999996,0,1,0,0,Chinese,scooter,16.0
O01353,C0191,R002,D043,Bengaluru,2026-08-14 16:56:00,,2026-08-14 17:24:43.303907,2026-08-14 17:57:06.899349,delivered,12.15,low,clear,delivered,1,1.0,0.6,delivered_late,2026-08-14T17:58:40.414554,D043,D043,,eta-v3.2,completed,2,0,0,1,0,0,0,,4,0,0,,5,2,1,28.721731783333333,32.39325736666667,0,0,0,0,Burgers,bike,14.0
O01354,C0506,R042,D101,Bengaluru,2026-08-25 13:15:00,2026-08-25 14:40:24,2026-08-25 13:37:59.213347,2026-08-25 14:41:06.694374,delivered,18.0,severe,clear,delivered,1,1.0,0.71,delivered_late,2026-08-25T14:59:57.255586,D101,D101,,eta-v3.1,completed,3,0,0,0,0,0,0,,3,0,1,ready,6,3,1,22.986889116666667,63.12468378333333,0,0,0,0,Chinese,scooter,19.0
O01355,C0661,R046,D118,Bengaluru,2026-08-07 13:52:00,,2026-08-07 14:10:18.275390,2026-08-07 14:36:42.814239,delivered,7.94,low,clear,delivered,1,0.0,-6.96,delivered_on_time,2026-08-07T14:46:38.652894,D118,D118,,eta-v3.2,completed,0,0,0,0,0,0,0,,3,0,0,,5,2,1,18.304589833333335,26.408980816666666,0,0,0,0,Chinese,bike,7.0
O01356,C0196,R039,D071,Bengaluru,2026-08-05 16:48:00,,2026-08-05 17:21:44.553203,2026-08-05 17:46:34.156863,delivered,7.75,low,clear,delivered,1,1.0,7.3,delivered_late,2026-08-05T17:39:16.332502,D071,D071,,eta-v3.2,completed,1,0,0,0,0,0,1,RESTAURANT_CONTACT,3,0,1,preparing,8,5,1,33.74255338333333,24.826727666666667,0,1,0,0,Biryani,scooter,30.0
O01357,C0583,R026,D045,Bengaluru,2026-08-11 19:02:00,2026-08-11 20:14:48,2026-08-11 19:46:33.913545,,cancelled,18.0,low,clear,cancelled,0,,,cancelled,2026-08-11T20:19:46.051212,D045,D045,,eta-v3.1,cancelled,3,0,0,0,0,0,0,,2,0,0,,1,0,0,44.565225749999996,,0,0,0,0,Desserts,scooter,21.0
O01358,C0311,R002,D035,Bengaluru,2026-08-08 20:11:00,2026-08-08 21:26:36,2026-08-08 20:29:09.945006,2026-08-08 21:12:28.400388,delivered,18.0,medium,clear,delivered,1,0.0,-14.13,delivered_on_time,2026-08-08T21:30:36,D035,D035,,eta-v3.1,completed,0,0,0,1,1,1,0,,3,0,0,,8,5,1,18.1657501,43.3075897,1,0,0,0,Burgers,scooter,5.0
O01359,C0249,R033,D067,Bengaluru,2026-08-05 21:03:00,2026-08-05 22:28:24,2026-08-05 21:29:27.742669,2026-08-05 22:29:46.103266,delivered,18.0,severe,clear,delivered,1,1.0,1.37,delivered_late,2026-08-05T22:46:24,D067,D067,,eta-v3.1,completed,3,0,0,0,0,0,0,,3,0,1,handed_off,8,5,1,26.462377816666667,60.306009949999996,0,0,0,0,Cafe,bike,9.0
O01360,C0877,R051,D113,Bengaluru,2026-08-14 23:46:00,2026-08-15 01:08:18,2026-08-15 00:10:22.794975,2026-08-15 01:13:05.140527,delivered,18.0,high,rain,delivered,1,1.0,4.79,delivered_late,2026-08-15T01:24:23.212207,D113,D113,,eta-v3.1,completed,1,0,0,0,0,0,1,RESTAURANT_CONTACT,3,0,0,,8,5,1,24.37991625,62.7057592,0,1,0,0,Cafe,ebike,30.0
O01361,C0131,R059,D119,Bengaluru,2026-08-18 17:15:00,,2026-08-18 17:28:57.495922,2026-08-18 17:54:03.885598,delivered,6.85,medium,clear,delivered,1,0.0,-13.11,delivered_on_time,2026-08-18T18:11:10.691869,D119,D119,,eta-v3.1,completed,2,0,0,0,0,0,0,,3,0,0,,5,2,1,13.958265366666666,25.1064946,0,0,0,0,Burgers,bike,15.0
O01362,C0448,R020,D048,Bengaluru,2026-08-10 20:08:00,,2026-08-10 20:45:44.371040,2026-08-10 21:38:08.358523,delivered,16.81,high,clear,delivered,1,1.0,12.83,delivered_late,2026-08-10T21:37:19.077954,D048,D048,,eta-v3.2,completed,0,0,0,1,1,1,1,DRIVER_REASSIGNMENT,3,0,1,ready,6,3,1,37.73951733333333,52.39979138333333,1,1,0,0,Burgers,bike,11.0
O01363,C0337,R058,D032,Bengaluru,2026-08-14 20:00:00,2026-08-14 21:19:48,2026-08-14 20:20:32.834529,2026-08-14 21:12:53.167391,delivered,18.0,high,clear,delivered,1,0.0,-6.91,delivered_on_time,2026-08-14T21:29:48,D032,D032,,eta-v3.2,completed,2,0,0,0,0,0,0,,3,0,0,,7,4,1,20.54724215,52.33888103333334,0,0,0,0,North Indian,ebike,5.0
O01364,C0078,R024,D080,Bengaluru,2026-08-11 19:41:00,,2026-08-11 19:58:37.161511,2026-08-11 20:37:24.833264,delivered,12.68,medium,clear,delivered,1,0.0,-8.01,delivered_on_time,2026-08-11T20:49:25.697727,D080,D080,,eta-v3.2,completed,3,0,0,0,0,0,0,,3,0,0,,5,2,1,17.61935851666667,38.79452921666667,0,0,0,0,South Indian,bike,12.0
O01365,C0896,R018,D117,Bengaluru,2026-08-17 17:37:00,,2026-08-17 18:15:13.434878,2026-08-17 19:05:23.185252,delivered,11.84,high,rain,delivered,1,1.0,19.03,delivered_late,2026-08-17T19:01:56.213412,D117,D117,,eta-v3.2,completed,2,0,1,2,1,1,0,,4,0,1,preparing,8,5,1,38.22391463333334,50.16250623333334,1,0,0,0,South Indian,scooter,34.0
O01366,C0809,R007,D012,Bengaluru,2026-08-13 12:06:00,2026-08-13 13:18:48,2026-08-13 12:41:03.479924,2026-08-13 13:30:20.582006,delivered,18.0,low,clear,delivered,1,1.0,11.54,delivered_late,2026-08-13T13:18:48,D012,D012,,eta-v3.1,completed,0,0,0,0,0,0,0,,3,0,0,,7,4,1,35.057998733333335,49.2850347,0,0,0,0,North Indian,bike,10.0
O01367,C0826,R034,D034,Bengaluru,2026-08-03 13:28:00,,2026-08-03 14:02:33.077308,2026-08-03 14:40:56.550378,delivered,12.19,medium,clear,delivered,1,1.0,9.55,delivered_late,2026-08-03T14:38:12.634944,D034,D034,,eta-v3.2,completed,0,0,0,1,0,0,0,,3,0,1,handed_off,7,4,1,34.55128846666666,38.391217833333336,0,0,0,0,Pizza,scooter,32.0
O01368,C0168,R034,D090,Bengaluru,2026-08-23 18:32:00,,2026-08-23 18:47:38.011478,2026-08-23 19:40:23.865007,delivered,15.2,high,clear,delivered,1,0.0,-5.52,delivered_on_time,2026-08-23T19:55:55.042849,D090,D090,,eta-v3.2,completed,0,0,0,0,0,0,0,,3,0,0,,7,4,1,15.633524633333334,52.764225483333334,0,0,0,0,Pizza,bike,12.0
O01369,C0632,R020,D093,Bengaluru,2026-08-24 14:46:00,,2026-08-24 15:12:29.391767,2026-08-24 15:39:20.638149,delivered,8.85,medium,clear,delivered,1,0.0,-3.05,delivered_on_time,2026-08-24T15:47:33.710890,D093,D093,,eta-v3.2,completed,2,0,0,1,0,0,0,,4,0,1,ready,7,4,1,26.489862783333333,26.854106366666667,0,0,0,0,Burgers,ebike,28.0
O01370,C0383,R047,D095,Bengaluru,2026-08-26 17:56:00,,2026-08-26 18:29:50.498704,2026-08-26 19:18:48.031136,delivered,17.68,high,clear,delivered,1,1.0,3.68,delivered_late,2026-08-26T19:31:47.822519,D095,D095,,eta-v3.1,completed,3,0,0,0,0,0,0,,3,0,1,ready,6,3,1,33.841645066666665,48.958873866666664,0,0,0,0,South Indian,bike,6.0
O01371,C0594,R009,D081,Bengaluru,2026-08-04 17:22:00,,2026-08-04 17:52:54.643929,2026-08-04 18:48:50.937937,delivered,17.22,high,clear,delivered,1,1.0,8.69,delivered_late,2026-08-04T18:50:14.111071,D081,D081,,eta-v3.2,completed,3,0,0,1,0,0,0,,3,0,1,handed_off,7,4,1,30.91073215,55.93823346666667,0,0,0,0,Burgers,scooter,15.0
O01372,C0293,R018,D056,Bengaluru,2026-08-16 17:00:00,,2026-08-16 17:16:17.621768,2026-08-16 17:42:57.073731,delivered,9.35,low,clear,delivered,1,0.0,-11.69,delivered_on_time,2026-08-16T17:54:38.503700,D056,D056,,eta-v3.2,completed,3,0,0,0,0,0,1,PRIORITY_DISPATCH,3,0,0,,7,4,1,16.293696133333334,26.657532716666665,0,1,0,0,South Indian,scooter,19.0
O01373,C0299,R037,D032,Bengaluru,2026-08-06 21:55:00,2026-08-06 23:10:36,2026-08-06 22:19:33.683048,,delivered,18.0,medium,clear,delivered,1,,,unknown,2026-08-06T23:14:36,D032,D032,,eta-v3.1,completed,3,0,0,0,0,0,0,,2,0,1,preparing,8,5,1,24.561384133333334,,0,0,0,0,Cafe,ebike,5.0
O01374,C0288,R009,D054,Bengaluru,2026-08-27 18:02:00,2026-08-27 19:21:48,2026-08-27 18:20:54.862085,2026-08-27 19:16:25.365424,delivered,18.0,high,clear,delivered,1,0.0,-5.38,delivered_on_time,2026-08-27T19:32:07.954608,D054,D054,,eta-v3.2,completed,3,0,0,0,0,0,1,RESTAURANT_CONTACT,3,0,1,preparing,6,3,1,18.914368083333333,55.50838898333333,0,1,0,0,Burgers,bike,15.0
O01375,C0802,R057,D095,Bengaluru,2026-08-26 19:46:00,2026-08-26 20:58:48,2026-08-26 20:18:24.543222,2026-08-26 20:58:45.864133,delivered,18.0,low,clear,delivered,1,0.0,-0.04,delivered_on_time,2026-08-26T21:01:01.641143,D095,D095,,eta-v3.1,completed,2,0,0,0,0,0,0,,3,0,0,,8,5,1,32.4090537,40.355348516666666,0,0,0,0,Cafe,bike,6.0
O01376,C0456,R047,D044,Bengaluru,2026-08-27 21:56:00,,2026-08-27 22:08:51.758186,2026-08-27 22:35:14.967480,delivered,4.11,medium,rain,delivered,1,0.0,-9.69,delivered_on_time,2026-08-27T22:54:00.566145,D044,D044,,eta-v3.2,completed,0,0,0,0,0,0,0,,3,0,0,,7,4,1,12.862636433333334,26.386821566666665,0,0,0,0,South Indian,scooter,19.0
O01377,C0099,R031,D061,Bengaluru,2026-08-13 20:31:00,,2026-08-13 20:57:03.404423,2026-08-13 21:32:13.415343,delivered,10.91,medium,clear,delivered,1,1.0,0.5,delivered_late,2026-08-13T21:35:43.278939,D061,D061,,eta-v3.2,completed,3,0,0,1,0,0,0,,3,0,0,,7,4,1,26.05674038333333,35.16684866666667,0,0,0,0,Chinese,bike,32.0
O01378,C0391,R053,D042,Bengaluru,2026-08-14 11:45:00,2026-08-14 13:04:48,2026-08-14 12:06:51.466062,,cancelled,18.0,high,clear,cancelled,0,,,cancelled,2026-08-14T13:15:42.387935,D042,D042,,eta-v3.1,cancelled,1,0,0,0,0,0,1,PRIORITY_DISPATCH,2,0,0,,1,0,0,21.8577677,,0,1,0,0,North Indian,bike,33.0
O01379,C0613,R053,D006,Bengaluru,2026-08-12 22:38:00,,2026-08-12 22:52:09.327935,2026-08-12 23:31:04.738088,delivered,6.68,severe,clear,delivered,1,0.0,-8.56,delivered_on_time,2026-08-12T23:57:55.104538,D006,D006,,eta-v3.1,completed,0,0,0,1,0,0,0,,3,0,0,,5,2,1,14.155465583333333,38.923502549999995,0,0,0,0,North Indian,bike,12.0
O01380,C0743,R028,D036,Bengaluru,2026-08-15 18:34:00,2026-08-15 19:49:36,2026-08-15 19:00:16.763756,2026-08-15 19:50:59.245597,delivered,18.0,medium,clear,delivered,1,1.0,1.39,delivered_late,2026-08-15T19:54:08.520784,D036,D036,,eta-v3.2,completed,0,0,0,1,1,1,0,,4,0,0,,6,3,1,26.279395933333333,50.70803068333333,1,0,0,0,Biryani,bike,20.0
O01381,C0458,R037,D050,Bengaluru,2026-08-05 21:20:00,,2026-08-05 21:38:45.834988,2026-08-05 22:10:53.839592,delivered,7.11,high,clear,delivered,1,0.0,-6.03,delivered_on_time,2026-08-05T22:26:55.420859,D050,D050,,eta-v3.1,completed,0,0,0,0,0,0,0,,4,0,0,,6,3,1,18.763916466666668,32.13341006666666,0,0,0,0,Cafe,bike,59.0
O01382,C0561,R013,D024,Bengaluru,2026-08-21 17:35:00,,2026-08-21 18:05:18.435233,2026-08-21 18:36:06.694493,delivered,11.16,medium,clear,delivered,1,0.0,-0.13,delivered_on_time,2026-08-21T18:41:05.141377,D024,D024,,eta-v3.1,completed,1,0,0,0,0,0,0,,3,0,0,,8,5,1,30.30725388333333,30.804321,0,0,0,0,Pizza,bike,32.0
O01383,C0701,R045,D049,Bengaluru,2026-08-21 22:05:00,,2026-08-21 22:19:16.513107,2026-08-21 23:00:30.089088,delivered,7.31,medium,heavy_rain,delivered,1,0.0,-3.65,delivered_on_time,2026-08-21T23:20:09.374367,D049,D049,,eta-v3.2,completed,0,0,0,0,0,0,0,,3,0,0,,8,5,1,14.27521845,41.226266349999996,0,0,0,0,Cafe,bike,17.0
O01384,C0859,R039,D050,Bengaluru,2026-08-27 11:26:00,,2026-08-27 11:46:29.699192,2026-08-27 12:33:00.647621,delivered,10.99,severe,clear,delivered,1,0.0,-3.67,delivered_on_time,2026-08-27T12:54:40.618176,D050,D050,,eta-v3.1,completed,2,0,0,0,0,0,1,PRIORITY_DISPATCH,3,0,1,ready,6,3,1,20.494986533333336,46.51580715,0,1,0,0,Biryani,bike,59.0
O01385,C0863,R044,D049,Bengaluru,2026-08-02 19:50:00,,2026-08-02 20:19:01.374983,2026-08-02 20:44:32.037572,delivered,5.77,high,clear,delivered,1,1.0,0.41,delivered_late,2026-08-02T20:54:07.449994,D049,D049,,eta-v3.2,completed,0,0,0,0,0,0,0,,3,0,1,handed_off,8,5,1,29.02291638333333,25.51104315,0,0,0,0,Cafe,bike,17.0
O01386,C0217,R019,D016,Bengaluru,2026-08-11 16:37:00,2026-08-11 17:58:36,2026-08-11 16:57:03.074356,2026-08-11 17:53:00.000160,delivered,18.0,medium,heavy_rain,delivered,1,0.0,-5.6,delivered_on_time,2026-08-11T18:14:36,D016,D016,,eta-v3.1,completed,3,0,0,1,0,0,1,DRIVER_REASSIGNMENT,3,0,0,,5,2,1,20.051239266666666,55.9487634,0,1,0,0,Cafe,scooter,46.0
O01387,C0239,R036,D057,Bengaluru,2026-08-16 19:35:00,2026-08-16 20:50:36,2026-08-16 20:06:16.569207,2026-08-16 20:57:15.267512,delivered,18.0,medium,clear,delivered,1,1.0,6.65,delivered_late,2026-08-16T20:54:36,D057,D057,,eta-v3.1,completed,1,0,0,0,0,0,0,,3,0,0,,8,5,1,31.27615345,50.97830508333333,0,0,0,0,North Indian,scooter,7.0
O01388,C0745,R052,D031,Bengaluru,2026-08-13 12:15:00,2026-08-13 13:30:36,2026-08-13 12:38:22.133197,2026-08-13 13:25:37.624727,delivered,18.0,medium,clear,delivered,1,0.0,-4.97,delivered_on_time,2026-08-13T13:34:36,D031,D031,,eta-v3.2,completed,0,0,0,0,0,0,0,,3,0,0,,5,2,1,23.368886616666668,47.25819216666666,0,0,0,0,Desserts,ebike,17.0
O01389,C0812,R056,D089,Bengaluru,2026-08-26 18:41:00,2026-08-26 19:56:36,2026-08-26 18:56:28.321765,2026-08-26 19:46:39.150208,delivered,18.0,medium,clear,delivered,1,0.0,-9.95,delivered_on_time,2026-08-26T20:01:17.992751,D089,D089,,eta-v3.2,completed,1,0,0,1,0,0,0,,4,1,1,ready,8,5,1,15.472029416666667,50.18047405,0,0,0,0,Biryani,bike,19.0
O01390,C0499,R059,D077,Bengaluru,2026-08-15 19:14:00,2026-08-15 20:29:36,2026-08-15 19:30:43.366780,2026-08-15 20:22:54.243246,delivered,18.0,medium,clear,delivered,1,0.0,-6.7,delivered_on_time,2026-08-15T20:33:36,D077,D077,,eta-v3.2,completed,1,0,0,2,1,1,0,,4,0,0,,8,5,1,16.722779666666664,52.181274433333336,1,0,0,0,Burgers,bike,4.0
O01391,C0408,R013,D025,Bengaluru,2026-08-17 19:55:00,2026-08-17 21:10:36,2026-08-17 20:21:09.177652,2026-08-17 21:10:29.590752,delivered,18.0,medium,clear,delivered,1,0.0,-0.11,delivered_on_time,2026-08-17T21:14:36,D064,D025,2026-08-17T20:03:19.702617,eta-v3.1,completed,1,0,0,0,0,0,0,,3,0,0,,6,3,1,26.152960866666668,49.34021833333334,0,0,0,0,Pizza,bike,28.0
O01392,C0268,R030,D113,Bengaluru,2026-08-22 21:20:00,,2026-08-22 21:39:07.429179,2026-08-22 22:12:14.759870,delivered,10.33,medium,rain,delivered,1,0.0,-9.74,delivered_on_time,2026-08-22T22:30:59.244850,D113,D113,,eta-v3.1,completed,0,0,0,0,0,0,0,,3,0,0,,7,4,1,19.123819649999998,33.12217818333333,0,0,0,0,South Indian,ebike,30.0
O01393,C0011,R029,D085,Bengaluru,2026-08-04 23:19:00,,2026-08-04 23:44:54.463103,2026-08-05 00:04:10.291081,delivered,2.18,low,rain,delivered,1,1.0,3.09,delivered_late,2026-08-05T00:06:05.058857,D085,D085,,eta-v3.2,completed,2,0,0,0,0,0,1,CUSTOMER_CREDIT,3,0,1,preparing,6,3,1,25.907718383333336,19.263799633333335,0,1,0,0,Burgers,bike,26.0
O01394,C0795,R018,D017,Bengaluru,2026-08-21 20:52:00,,2026-08-21 21:23:09.159942,2026-08-21 21:55:56.159110,delivered,3.59,severe,clear,delivered,1,1.0,8.79,delivered_late,2026-08-21T22:08:33.285230,D017,D017,,eta-v3.1,completed,2,0,0,0,0,0,1,CUSTOMER_CREDIT,3,0,0,,6,3,1,31.1526657,32.78331946666667,0,1,0,0,South Indian,bike,17.0
O01395,C0839,R043,D003,Bengaluru,2026-08-21 15:27:00,,2026-08-21 15:53:49.003331,2026-08-21 16:41:02.739630,delivered,17.2,medium,clear,delivered,1,1.0,0.12,delivered_late,2026-08-21T16:44:55.714245,D003,D003,,eta-v3.2,completed,0,0,0,1,0,0,0,,3,0,1,ready,8,5,1,26.816722183333333,47.22893831666667,0,0,0,0,Burgers,scooter,15.0
O01396,C0263,R045,D011,Bengaluru,2026-08-11 18:48:00,,2026-08-11 19:06:52.220714,2026-08-11 19:59:36.784865,delivered,17.95,medium,clear,delivered,1,0.0,-3.89,delivered_on_time,2026-08-11T20:08:34.190088,D011,D011,,eta-v3.1,completed,3,0,0,0,0,0,1,PRIORITY_DISPATCH,4,1,0,,6,3,1,18.870345233333335,52.74273585,0,1,0,0,Cafe,scooter,18.0
O01397,C0222,R056,D056,Bengaluru,2026-08-18 20:13:00,2026-08-18 21:32:48,2026-08-18 20:34:03.310912,2026-08-18 21:30:44.693994,delivered,18.0,high,clear,delivered,1,0.0,-2.06,delivered_on_time,2026-08-18T21:43:01.112786,D056,D056,,eta-v3.1,completed,0,0,0,0,0,0,1,PRIORITY_DISPATCH,3,0,1,ready,6,3,1,21.055181866666665,56.68971803333333,0,1,0,0,Biryani,scooter,19.0
O01398,C0285,R026,D029,Bengaluru,2026-08-24 17:35:00,2026-08-24 18:50:36,2026-08-24 18:09:33.219039,,delivered,18.0,medium,clear,delivered,1,,,unknown,2026-08-24T18:54:36,D029,D029,,eta-v3.1,completed,3,0,0,0,0,0,0,,2,0,0,,8,5,1,34.55365065,,0,0,0,0,Desserts,bike,19.0
O01399,C0833,R040,D022,Bengaluru,2026-08-21 18:34:00,2026-08-21 19:49:36,2026-08-21 19:01:56.285290,2026-08-21 19:48:59.862746,delivered,18.0,medium,clear,delivered,1,0.0,-0.6,delivered_on_time,2026-08-21T19:54:46.695719,D022,D022,,eta-v3.1,completed,0,0,0,0,0,0,0,,4,0,0,,7,4,1,27.938088166666667,47.05962426666667,0,0,0,0,Desserts,scooter,35.0
O01400,C0348,R032,D031,Bengaluru,2026-08-04 17:35:00,2026-08-04 18:50:18,2026-08-04 18:06:51.027410,2026-08-04 18:57:15.702810,delivered,18.0,low,rain,delivered,1,1.0,6.96,delivered_late,2026-08-04T18:55:18,D031,D031,,eta-v3.2,completed,3,0,0,1,1,1,0,,4,0,1,ready,5,2,1,31.850456833333332,50.41125666666667,1,0,0,0,Pizza,ebike,17.0
O01401,C0598,R051,D071,Bengaluru,2026-08-18 14:31:00,2026-08-18 15:50:48,2026-08-18 14:55:32.867745,2026-08-18 15:49:30.321909,delivered,18.0,high,clear,delivered,1,0.0,-1.29,delivered_on_time,2026-08-18T16:01:44.247529,D071,D071,,eta-v3.2,completed,2,0,0,0,0,0,1,RESTAURANT_CONTACT,3,0,0,,6,3,1,24.54779575,53.957569400000004,0,1,0,0,Cafe,scooter,30.0
O01402,C0853,R060,D046,Bengaluru,2026-08-05 17:54:00,,2026-08-05 18:09:34.199053,2026-08-05 18:57:01.797266,delivered,6.92,high,heavy_rain,delivered,1,1.0,0.49,delivered_late,2026-08-05T19:18:32.510343,D046,D046,,eta-v3.1,completed,2,0,0,0,0,0,0,,3,0,0,,6,3,1,15.569984216666667,47.45997021666667,0,0,0,0,Chinese,bike,38.0
O01403,C0497,R014,D099,Bengaluru,2026-08-24 17:26:00,2026-08-24 18:47:36,2026-08-24 18:17:58.127167,2026-08-24 19:24:32.047659,delivered,18.0,medium,heavy_rain,delivered,1,1.0,36.93,delivered_late,2026-08-24T19:13:43.336262,D099,D099,,eta-v3.1,completed,2,0,0,0,0,0,0,,3,0,0,,6,3,1,51.96878611666667,66.56534153333334,0,0,0,0,Biryani,bike,6.0
O01404,C0714,R043,D055,Bengaluru,2026-08-20 19:02:00,2026-08-20 20:20:48,2026-08-20 19:13:50.654047,2026-08-20 20:15:11.542465,delivered,18.0,low,heavy_rain,delivered,1,0.0,-5.61,delivered_on_time,2026-08-20T20:32:48,D055,D055,,eta-v3.1,completed,3,0,0,0,0,0,1,PRIORITY_DISPATCH,4,0,0,,8,5,1,11.844234116666666,61.3481403,0,1,0,0,Burgers,bike,14.0
O01405,C0220,R028,D103,Bengaluru,2026-08-09 16:39:00,2026-08-09 17:51:48,2026-08-09 17:12:33.325705,2026-08-09 18:01:17.726468,delivered,18.0,low,clear,delivered,1,1.0,9.5,delivered_late,2026-08-09T17:51:48,D103,D103,,eta-v3.1,completed,0,0,0,0,0,0,0,,3,0,0,,8,5,1,33.555428416666665,48.74001271666667,0,0,0,0,Biryani,scooter,28.0
O01406,C0546,R021,D064,Bengaluru,2026-08-07 12:37:00,2026-08-07 13:56:48,2026-08-07 12:57:15.536339,2026-08-07 14:01:07.372063,delivered,18.0,high,clear,delivered,1,1.0,4.32,delivered_late,2026-08-07T14:06:48,D064,D064,,eta-v3.1,completed,0,0,0,0,0,0,0,,4,0,1,ready,8,5,1,20.258938983333334,63.86392873333333,0,0,0,0,Biryani,bike,17.0
O01407,C0340,R003,D081,Bengaluru,2026-08-02 11:59:00,2026-08-02 13:21:18,2026-08-02 12:14:13.949820,2026-08-02 13:12:49.696042,delivered,18.0,high,rain,delivered,1,0.0,-8.47,delivered_on_time,2026-08-02T13:38:27.166365,D081,D081,,eta-v3.1,completed,0,0,0,0,0,0,1,CUSTOMER_CREDIT,3,0,1,ready,6,3,1,15.232497,58.59577036666667,0,1,0,0,Chinese,scooter,15.0
O01408,C0499,R034,D095,Bengaluru,2026-08-10 22:16:00,,2026-08-10 23:06:54.580321,2026-08-10 23:44:42.656177,delivered,9.04,high,clear,delivered,1,1.0,27.74,delivered_late,2026-08-10T23:33:14.196764,D095,D095,,eta-v3.1,completed,2,0,0,0,0,0,1,DRIVER_REASSIGNMENT,3,0,1,preparing,7,4,1,50.90967201666667,37.801264266666664,0,1,0,0,Pizza,bike,6.0
O01409,C0650,R058,D034,Bengaluru,2026-08-16 16:53:00,2026-08-16 18:05:48,2026-08-16 17:29:47.991720,2026-08-16 18:18:48.894187,delivered,18.0,low,clear,delivered,1,1.0,13.01,delivered_late,2026-08-16T18:12:54.085249,D034,D034,,eta-v3.1,completed,2,0,1,0,0,0,1,PRIORITY_DISPATCH,3,0,1,handed_off,5,2,1,36.799862,49.015041116666666,1,1,0,0,North Indian,scooter,32.0
O01410,C0370,R053,D024,Bengaluru,2026-08-10 15:31:00,2026-08-10 16:50:48,2026-08-10 16:12:32.730723,2026-08-10 17:08:28.960826,delivered,18.0,high,clear,delivered,1,1.0,17.68,delivered_late,2026-08-10T17:00:51.170237,D024,D024,,eta-v3.2,completed,0,0,0,0,0,0,0,,4,0,0,,5,2,1,41.54551205,55.93716838333333,0,0,0,0,North Indian,bike,32.0
O01411,C0168,R059,D110,Bengaluru,2026-08-11 12:04:00,2026-08-11 13:19:36,2026-08-11 12:33:33.022318,2026-08-11 13:23:19.675775,delivered,18.0,medium,clear,delivered,1,1.0,3.73,delivered_late,2026-08-11T13:23:36,D110,D110,,eta-v3.1,completed,2,0,0,0,0,0,1,RESTAURANT_CONTACT,4,1,0,,5,2,1,29.550371966666667,49.77755761666666,0,1,0,0,Burgers,bike,5.0
O01412,C0438,R047,D051,Bengaluru,2026-08-21 18:27:00,2026-08-21 19:42:36,2026-08-21 19:00:36.772381,,delivered,18.0,medium,clear,delivered,1,,,unknown,2026-08-21T19:48:38.714971,D051,D051,,eta-v3.1,completed,1,0,0,0,0,0,1,RESTAURANT_CONTACT,2,0,0,,5,2,1,33.61287301666667,,0,1,0,0,South Indian,bike,34.0
O01413,C0356,R032,D064,Bengaluru,2026-08-23 20:00:00,2026-08-23 21:15:36,2026-08-23 20:21:34.157661,2026-08-23 21:14:03.581181,delivered,18.0,medium,clear,delivered,1,0.0,-1.54,delivered_on_time,2026-08-23T21:19:36,D064,D064,,eta-v3.2,completed,2,0,0,1,1,1,0,,3,0,1,handed_off,5,2,1,21.56929435,52.490392,1,0,0,0,Pizza,bike,17.0
O01414,C0877,R052,D003,Bengaluru,2026-08-05 13:47:00,2026-08-05 14:59:48,2026-08-05 14:05:18.727367,2026-08-05 14:51:19.174334,delivered,18.0,low,clear,delivered,1,0.0,-8.48,delivered_on_time,2026-08-05T14:59:48,D003,D003,,eta-v3.2,completed,0,0,0,0,0,0,0,,3,0,1,handed_off,6,3,1,18.312122783333333,46.007449449999996,0,0,0,0,Desserts,scooter,15.0
O01415,C0244,R036,D078,Bengaluru,2026-08-08 14:47:00,,2026-08-08 15:09:20.023241,,cancelled,10.67,medium,clear,cancelled,0,,,cancelled,2026-08-08T15:53:12.819957,D078,D078,,eta-v3.1,cancelled,1,0,0,1,0,0,0,,2,0,1,preparing,1,0,0,22.333720683333336,,0,0,0,0,North Indian,bike,18.0
O01416,C0554,R022,D063,Bengaluru,2026-08-06 19:03:00,,2026-08-06 19:41:59.029158,2026-08-06 20:32:10.298755,delivered,17.23,medium,clear,delivered,1,1.0,15.19,delivered_late,2026-08-06T20:29:33.821660,D063,D063,,eta-v3.1,completed,3,0,1,0,0,0,0,,3,0,0,,7,4,1,38.9838193,50.18782661666667,1,0,0,0,South Indian,scooter,50.0
O01417,C0581,R050,D103,Bengaluru,2026-08-12 13:24:00,2026-08-12 14:49:24,2026-08-12 13:59:54.167072,2026-08-12 15:05:52.636359,delivered,18.0,severe,clear,delivered,1,1.0,16.48,delivered_late,2026-08-12T15:07:59.113251,D103,D103,,eta-v3.2,completed,3,0,0,0,0,0,0,,3,0,1,preparing,6,3,1,35.90278453333334,65.97448811666666,0,0,0,0,Cafe,scooter,28.0
O01418,C0715,R039,D117,Bengaluru,2026-08-26 16:28:00,,2026-08-26 16:53:03.236971,2026-08-26 17:08:19.251648,delivered,4.54,medium,clear,delivered,1,0.0,-7.01,delivered_on_time,2026-08-26T17:19:20.133622,D117,D117,,eta-v3.2,completed,0,0,0,1,0,0,0,,3,0,0,,8,5,1,25.053949516666666,15.266911283333334,0,0,0,0,Biryani,scooter,34.0
O01419,C0641,R044,D089,Bengaluru,2026-08-19 18:40:00,,2026-08-19 18:58:21.755599,2026-08-19 19:32:20.715090,delivered,12.87,medium,clear,delivered,1,0.0,-12.49,delivered_on_time,2026-08-19T19:49:58.220017,D089,D089,,eta-v3.2,completed,3,0,0,0,0,0,1,CUSTOMER_CREDIT,3,0,0,,8,5,1,18.36259331666667,33.982658183333335,0,1,0,0,Cafe,bike,19.0
O01420,C0501,R054,D076,Bengaluru,2026-08-13 23:23:00,2026-08-14 00:45:18,2026-08-13 23:55:02.327491,2026-08-14 00:50:50.769822,delivered,18.0,high,rain,delivered,1,1.0,5.55,delivered_late,2026-08-14T01:03:33.411020,D076,D076,,eta-v3.2,completed,2,0,0,0,0,0,0,,3,0,0,,8,5,1,32.03879151666667,55.807372183333335,0,0,0,0,South Indian,bike,9.0
O01421,C0079,R041,D105,Bengaluru,2026-08-09 22:25:00,,2026-08-09 22:49:48.480364,2026-08-09 23:34:11.926898,delivered,16.25,medium,clear,delivered,1,0.0,-2.72,delivered_on_time,2026-08-09T23:41:28.127341,D105,D105,,eta-v3.1,completed,0,0,0,0,0,0,0,,3,0,0,,7,4,1,24.808006066666668,44.39077556666667,0,0,0,0,Desserts,bike,18.0
O01422,C0834,R029,D087,Bengaluru,2026-08-25 23:31:00,2026-08-26 00:56:24,2026-08-26 00:07:17.676523,2026-08-26 01:04:59.997287,delivered,18.0,severe,clear,delivered,1,1.0,8.6,delivered_late,2026-08-26T01:20:15.539879,D087,D087,,eta-v3.1,completed,2,0,1,2,1,1,0,,4,1,0,,6,3,1,36.294608716666666,57.70534606666667,1,0,0,0,Burgers,bike,62.0
O01423,C0016,R046,D093,Bengaluru,2026-08-14 18:32:00,2026-08-14 19:51:48,2026-08-14 18:58:12.970361,2026-08-14 19:52:30.993575,delivered,18.0,high,clear,delivered,1,1.0,0.72,delivered_late,2026-08-14T20:04:04.111869,D093,D093,,eta-v3.2,completed,2,0,0,0,0,0,1,DRIVER_REASSIGNMENT,3,0,0,,6,3,1,26.216172683333333,54.3003869,0,1,0,0,Chinese,ebike,28.0
O01424,C0485,R039,D079,Bengaluru,2026-08-26 19:26:00,,2026-08-26 19:43:52.662147,2026-08-26 20:29:20.333154,delivered,13.38,low,rain,delivered,1,0.0,-2.26,delivered_on_time,2026-08-26T20:37:48.589575,D079,D079,,eta-v3.1,completed,3,0,0,1,1,1,0,,3,0,0,,5,2,1,17.87770245,45.46118345,1,0,0,0,Biryani,scooter,22.0
O01425,C0139,R050,D086,Bengaluru,2026-08-26 14:08:00,,2026-08-26 14:43:37.596857,,cancelled,5.34,medium,clear,cancelled,0,,,cancelled,2026-08-26T15:01:19.604731,D086,D086,,eta-v3.2,cancelled,1,0,0,0,0,0,0,,2,0,0,,1,0,0,35.62661428333333,,0,0,0,0,Cafe,bike,28.0
O01426,C0461,R054,D119,Bengaluru,2026-08-27 18:35:00,2026-08-27 19:54:48,2026-08-27 18:58:08.071247,2026-08-27 19:51:02.594339,delivered,18.0,high,clear,delivered,1,0.0,-3.76,delivered_on_time,2026-08-27T20:04:49.371572,D119,D119,,eta-v3.1,completed,3,0,0,0,0,0,0,,3,0,1,handed_off,8,5,1,23.134520783333336,52.908718199999996,0,0,0,0,South Indian,bike,15.0
O01427,C0406,R054,D111,Bengaluru,2026-08-11 19:53:00,2026-08-11 21:05:48,2026-08-11 20:24:44.456135,2026-08-11 21:12:43.718786,delivered,18.0,low,clear,delivered,1,1.0,6.93,delivered_late,2026-08-11T21:06:05.911146,D111,D111,,eta-v3.1,completed,1,0,0,0,0,0,0,,3,0,0,,6,3,1,31.740935583333332,47.98771085,0,0,0,0,South Indian,bike,30.0
O01428,C0232,R042,D028,Bengaluru,2026-08-19 21:37:00,,2026-08-19 21:49:46.131718,2026-08-19 22:29:59.082322,delivered,12.1,high,clear,delivered,1,0.0,-14.42,delivered_on_time,2026-08-19T22:55:29.767312,D028,D028,,eta-v3.1,completed,2,0,0,0,0,0,0,,3,0,0,,8,5,1,12.768861966666666,40.215843400000004,0,0,0,0,Chinese,bike,10.0
O01429,C0474,R034,D045,Bengaluru,2026-08-15 23:01:00,2026-08-16 00:19:06,2026-08-15 23:31:45.639727,2026-08-16 00:26:45.233081,delivered,18.0,medium,rain,delivered,1,1.0,7.65,delivered_late,2026-08-16T00:29:25.994747,D045,D045,,eta-v3.1,completed,3,0,0,1,1,1,0,,3,0,1,ready,5,2,1,30.760662116666666,54.99322256666667,1,0,0,0,Pizza,scooter,21.0
O01430,C0705,R017,D029,Bengaluru,2026-08-08 18:17:00,,2026-08-08 18:46:32.908725,2026-08-08 19:42:35.679463,delivered,15.82,high,clear,delivered,1,1.0,10.37,delivered_late,2026-08-08T19:42:37.194140,D029,D029,,eta-v3.2,completed,2,0,1,1,1,1,0,,4,0,0,,6,3,1,29.54847875,56.046178966666666,1,0,0,0,North Indian,bike,19.0
O01431,C0231,R030,D029,Bengaluru,2026-08-10 11:36:00,,2026-08-10 12:15:21.640378,2026-08-10 13:00:14.623568,delivered,16.42,medium,clear,delivered,1,1.0,11.97,delivered_late,2026-08-10T12:57:56.607321,D029,D029,,eta-v3.1,completed,3,0,1,0,0,0,0,,3,0,0,,5,2,1,39.36067296666667,44.88305316666666,1,0,0,0,South Indian,bike,19.0
O01432,C0687,R013,D111,Bengaluru,2026-08-23 19:42:00,2026-08-23 20:54:48,2026-08-23 19:54:19.522207,2026-08-23 20:40:05.588549,delivered,18.0,low,clear,delivered,1,0.0,-14.71,delivered_on_time,2026-08-23T20:54:48,D068,D111,2026-08-23T19:52:50.795091,eta-v3.2,completed,2,0,0,0,0,0,0,,3,0,1,handed_off,5,2,1,12.325370116666667,45.76777236666667,0,0,0,0,Pizza,bike,30.0
O01433,C0564,R011,D119,Bengaluru,2026-08-02 20:04:00,,2026-08-02 20:23:14.196169,2026-08-02 21:00:00.330691,delivered,9.62,high,clear,delivered,1,0.0,-6.2,delivered_on_time,2026-08-02T21:16:51.998567,D119,D119,,eta-v3.2,completed,2,0,0,1,1,1,0,,3,0,1,handed_off,7,4,1,19.236602816666668,36.7689087,1,0,0,0,Chinese,bike,15.0
O01434,C0579,R051,D072,Bengaluru,2026-08-14 12:30:00,2026-08-14 13:45:36,2026-08-14 12:52:04.663794,2026-08-14 13:43:34.768227,delivered,18.0,medium,clear,delivered,1,0.0,-2.02,delivered_on_time,2026-08-14T13:49:36,D072,D072,,eta-v3.1,completed,0,0,0,0,0,0,0,,3,0,0,,8,5,1,22.0777299,51.50174055,0,0,0,0,Cafe,scooter,22.0
O01435,C0134,R053,D096,Bengaluru,2026-08-05 20:06:00,2026-08-05 21:21:36,2026-08-05 20:44:48.145036,2026-08-05 21:36:19.423116,delivered,18.0,medium,clear,delivered,1,1.0,14.72,delivered_late,2026-08-05T21:25:36,D067,D096,2026-08-05T20:15:27.657725,eta-v3.1,completed,0,0,0,1,0,0,0,,3,0,0,,5,2,1,38.802417266666666,51.521301333333334,0,0,0,0,North Indian,bike,20.0
O01436,C0376,R033,D010,Bengaluru,2026-08-28 19:20:00,2026-08-28 20:32:48,2026-08-28 19:37:10.935859,2026-08-28 20:28:57.917950,delivered,18.0,low,clear,delivered,1,0.0,-3.83,delivered_on_time,2026-08-28T20:32:48,D010,D010,,eta-v3.2,completed,1,0,0,0,0,0,0,,3,0,0,,7,4,1,17.182264316666664,51.78303485,0,0,0,0,Cafe,ebike,7.0
O01437,C0790,R049,D089,Bengaluru,2026-08-03 11:40:00,2026-08-03 12:55:36,2026-08-03 12:24:11.123451,2026-08-03 13:15:00.724055,delivered,18.0,medium,clear,delivered,1,1.0,19.41,delivered_late,2026-08-03T13:08:19.253471,D089,D089,,eta-v3.1,completed,0,0,0,1,0,0,0,,3,0,0,,7,4,1,44.18539085,50.826676733333336,0,0,0,0,Chinese,bike,19.0
O01438,C0514,R020,D010,Bengaluru,2026-08-07 16:26:00,,2026-08-07 16:44:30.557514,2026-08-07 17:09:08.142954,delivered,3.77,medium,clear,delivered,1,0.0,-2.59,delivered_on_time,2026-08-07T17:17:44.156900,D010,D010,,eta-v3.1,completed,0,0,0,0,0,0,0,,3,0,1,handed_off,6,3,1,18.5092919,24.626424,0,0,0,0,Burgers,ebike,7.0
O01439,C0498,R006,D001,Bengaluru,2026-08-03 11:40:00,,2026-08-03 11:58:22.891428,2026-08-03 12:22:03.730813,delivered,6.22,medium,clear,delivered,1,0.0,-8.79,delivered_on_time,2026-08-03T12:36:08.741782,D001,D001,,eta-v3.2,completed,2,0,0,1,0,0,0,,3,0,1,ready,7,4,1,18.3815238,23.680656416666668,0,0,0,0,Pizza,bike,31.0
O01440,C0441,R055,D022,Bengaluru,2026-08-20 14:03:00,2026-08-20 15:15:48,2026-08-20 14:20:23.760419,2026-08-20 15:04:14.214915,delivered,18.0,low,clear,delivered,1,0.0,-11.56,delivered_on_time,2026-08-20T15:15:48,D022,D022,,eta-v3.2,completed,3,0,0,0,0,0,0,,3,0,1,handed_off,7,4,1,17.396006983333333,43.840908266666666,0,0,0,0,Burgers,scooter,35.0
O01441,C0504,R004,D081,Bengaluru,2026-08-15 19:05:00,,2026-08-15 19:33:18.170695,,cancelled,5.75,medium,clear,cancelled,0,,,cancelled,2026-08-15T20:05:44.253247,D081,D081,,eta-v3.1,cancelled,0,0,0,0,0,0,0,,2,0,0,,1,0,0,28.30284491666667,,0,0,0,0,South Indian,scooter,15.0
O01442,C0024,R008,D013,Bengaluru,2026-08-16 11:02:00,2026-08-16 12:17:18,2026-08-16 11:31:51.060773,,delivered,18.0,low,rain,delivered,1,,,unknown,2026-08-16T12:23:17.334575,D013,D013,,eta-v3.2,completed,3,0,0,0,0,0,0,,2,0,0,,7,4,1,29.851012883333333,,0,0,0,0,Cafe,bike,43.0
O01443,C0369,R052,D027,Bengaluru,2026-08-01 11:40:00,,2026-08-01 12:14:12.094463,2026-08-01 13:02:18.572378,delivered,12.71,severe,clear,delivered,1,1.0,8.01,delivered_late,2026-08-01T13:12:17.832727,D027,D027,,eta-v3.1,completed,1,0,0,0,0,0,0,,3,0,1,preparing,8,5,1,34.20157438333333,48.10796525,0,0,0,0,Desserts,ebike,4.0
O01444,C0843,R055,D017,Bengaluru,2026-08-06 13:09:00,,2026-08-06 13:37:15.118371,2026-08-06 14:11:06.558777,delivered,10.46,medium,clear,delivered,1,1.0,2.35,delivered_late,2026-08-06T14:15:25.476194,D017,D017,,eta-v3.1,completed,1,0,0,0,0,0,0,,3,0,1,ready,7,4,1,28.25197285,33.8573401,0,0,0,0,Burgers,bike,17.0
O01445,C0868,R028,D080,Bengaluru,2026-08-09 18:51:00,,2026-08-09 19:09:55.031108,2026-08-09 19:36:03.171343,delivered,9.04,low,clear,delivered,1,0.0,-8.93,delivered_on_time,2026-08-09T19:44:59.036914,D111,D080,2026-08-09T19:01:08.442237,eta-v3.2,completed,0,0,0,1,0,0,0,,3,0,0,,8,5,1,18.91718513333333,26.135670583333333,0,0,0,0,Biryani,bike,12.0
O01446,C0664,R049,D058,Bengaluru,2026-08-01 20:27:00,2026-08-01 21:42:36,2026-08-01 20:49:39.741752,2026-08-01 21:42:48.040805,delivered,18.0,medium,clear,delivered,1,1.0,0.2,delivered_late,2026-08-01T21:46:59.738059,D058,D058,,eta-v3.2,completed,3,0,0,0,0,0,1,PRIORITY_DISPATCH,3,0,1,preparing,5,2,1,22.662362533333333,53.138317550000004,0,1,0,0,Chinese,scooter,15.0
O01447,C0627,R057,D053,Bengaluru,2026-08-28 12:57:00,2026-08-28 14:12:36,2026-08-28 13:14:44.390098,2026-08-28 14:01:46.021786,delivered,18.0,medium,clear,delivered,1,0.0,-10.83,delivered_on_time,2026-08-28T14:17:35.772196,D053,D053,,eta-v3.1,completed,1,0,0,0,0,0,0,,3,0,1,ready,5,2,1,17.739834966666667,47.0271948,0,0,0,0,Cafe,bike,22.0
O01448,C0388,R048,D034,Bengaluru,2026-08-16 18:51:00,,2026-08-16 19:17:34.102461,2026-08-16 19:52:02.417625,delivered,13.39,medium,clear,delivered,1,0.0,-4.89,delivered_on_time,2026-08-16T20:00:55.733594,D034,D034,,eta-v3.1,completed,3,0,0,0,0,0,0,,3,0,0,,6,3,1,26.56837435,34.471919400000004,0,0,0,0,South Indian,scooter,32.0
O01449,C0388,R009,D102,Bengaluru,2026-08-21 19:01:00,2026-08-21 20:20:48,2026-08-21 19:21:37.338210,2026-08-21 20:16:51.391141,delivered,18.0,high,clear,delivered,1,0.0,-3.94,delivered_on_time,2026-08-21T20:30:48,D102,D102,,eta-v3.2,completed,3,0,0,0,0,0,0,,3,0,0,,6,3,1,20.622303499999997,55.23421551666667,0,0,0,0,Burgers,scooter,16.0
O01450,C0044,R046,D016,Bengaluru,2026-08-11 20:35:00,,2026-08-11 20:59:06.804869,2026-08-11 21:26:37.491994,delivered,4.13,medium,clear,delivered,1,1.0,5.16,delivered_late,2026-08-11T21:25:27.944600,D099,D016,2026-08-11T20:39:48.579583,eta-v3.1,completed,2,0,0,0,0,0,1,PRIORITY_DISPATCH,3,0,0,,8,5,1,24.113414483333333,27.51145208333333,0,1,0,0,Chinese,scooter,46.0
O01451,C0742,R016,D076,Bengaluru,2026-08-26 18:00:00,,2026-08-26 18:11:13.245759,2026-08-26 18:46:33.939797,delivered,11.09,medium,clear,delivered,1,0.0,-14.52,delivered_on_time,2026-08-26T19:05:05.175786,D076,D076,,eta-v3.2,completed,1,0,0,1,0,0,0,,3,0,0,,5,2,1,11.220762650000001,35.34490063333333,0,0,0,0,Biryani,bike,9.0
O01452,C0024,R056,D080,Bengaluru,2026-08-14 12:14:00,2026-08-14 13:29:36,2026-08-14 12:28:46.919216,2026-08-14 13:22:10.458664,delivered,18.0,medium,clear,delivered,1,0.0,-7.43,delivered_on_time,2026-08-14T13:34:27.493365,D080,D080,,eta-v3.2,completed,2,0,0,0,0,0,0,,3,0,0,,8,5,1,14.781986933333334,53.39232413333333,0,0,0,0,Biryani,bike,12.0
O01453,C0278,R051,D109,Bengaluru,2026-08-15 20:31:00,,2026-08-15 20:47:56.177482,2026-08-15 21:12:46.464734,delivered,4.99,high,clear,delivered,1,0.0,-10.7,delivered_on_time,2026-08-15T21:33:28.565536,D109,D109,,eta-v3.1,completed,1,0,0,2,1,1,1,DRIVER_REASSIGNMENT,4,0,0,,6,3,1,16.93629136666667,24.838120866666667,1,1,0,0,Cafe,bike,36.0
O01454,C0472,R027,D105,Bengaluru,2026-08-09 12:45:00,2026-08-09 13:57:48,2026-08-09 13:02:40.503369,2026-08-09 13:47:14.141250,delivered,18.0,low,clear,delivered,1,0.0,-10.56,delivered_on_time,2026-08-09T13:59:55.660259,D105,D105,,eta-v3.2,completed,1,0,0,1,1,1,0,,3,0,0,,7,4,1,17.67505615,44.56063135,1,0,0,0,Biryani,bike,18.0
O01455,C0257,R006,D064,Bengaluru,2026-08-16 18:24:00,,2026-08-16 19:00:37.294244,2026-08-16 19:37:28.558623,delivered,11.34,low,clear,delivered,1,1.0,14.65,delivered_late,2026-08-16T19:22:49.368287,D064,D064,,eta-v3.2,completed,2,0,1,1,1,1,0,,3,0,0,,7,4,1,36.621570733333336,36.85440631666667,1,0,0,0,Pizza,bike,17.0
O01456,C0207,R046,D104,Bengaluru,2026-08-18 22:08:00,2026-08-18 23:23:36,2026-08-18 22:33:55.356513,2026-08-18 23:26:15.004486,delivered,18.0,medium,clear,delivered,1,1.0,2.65,delivered_late,2026-08-18T23:32:01.763866,D104,D104,,eta-v3.1,completed,1,0,0,0,0,0,1,CUSTOMER_CREDIT,3,0,0,,5,2,1,25.92260855,52.32746621666667,0,1,0,0,Chinese,bike,30.0
O01457,C0703,R049,D066,Bengaluru,2026-08-20 13:08:00,2026-08-20 14:20:48,2026-08-20 13:19:33.451393,2026-08-20 14:09:50.319150,delivered,18.0,low,clear,delivered,1,0.0,-10.96,delivered_on_time,2026-08-20T14:20:48,D066,D066,,eta-v3.1,completed,2,0,0,0,0,0,0,,3,0,0,,8,5,1,11.557523216666668,50.281129283333335,0,0,0,0,Chinese,scooter,21.0
O01458,C0741,R045,D091,Bengaluru,2026-08-05 20:48:00,,2026-08-05 21:07:51.341737,2026-08-05 21:42:13.403252,delivered,13.39,low,clear,delivered,1,0.0,-8.89,delivered_on_time,2026-08-05T21:51:07.001848,D091,D091,,eta-v3.2,completed,2,0,0,0,0,0,0,,3,0,1,ready,6,3,1,19.855695616666665,34.367691916666665,0,0,0,0,Cafe,bike,47.0
O01459,C0198,R041,D104,Bengaluru,2026-08-04 18:41:00,2026-08-04 19:56:36,2026-08-04 19:21:50.554318,2026-08-04 20:10:20.436035,delivered,18.0,medium,clear,delivered,1,1.0,13.74,delivered_late,2026-08-04T20:02:45.394328,D003,D104,2026-08-04T18:47:42.296772,eta-v3.2,completed,3,0,0,0,0,1,1,DRIVER_REASSIGNMENT,4,0,1,handed_off,8,5,1,40.84257196666667,48.49802861666667,1,1,0,0,Desserts,bike,30.0
O01460,C0811,R051,D060,Bengaluru,2026-08-16 12:47:00,,2026-08-16 13:04:07.275650,2026-08-16 13:51:06.599579,delivered,12.63,medium,heavy_rain,delivered,1,0.0,-6.22,delivered_on_time,2026-08-16T14:13:19.943969,D060,D060,,eta-v3.1,completed,1,0,0,0,0,0,0,,3,0,0,,7,4,1,17.121260833333334,46.988732150000004,0,0,0,0,Cafe,bike,24.0
O01461,C0112,R007,D082,Bengaluru,2026-08-13 19:29:00,2026-08-13 20:47:06,2026-08-13 19:51:54.210343,2026-08-13 20:45:46.941642,delivered,18.0,medium,rain,delivered,1,0.0,-1.32,delivered_on_time,2026-08-13T20:56:47.384455,D082,D082,,eta-v3.1,completed,0,0,0,1,0,0,0,,4,0,0,,5,2,1,22.903505716666665,53.87885498333333,0,0,0,0,North Indian,scooter,44.0
O01462,C0401,R052,D033,Bengaluru,2026-08-12 13:39:00,,2026-08-12 14:15:21.659502,2026-08-12 14:51:44.832232,delivered,10.67,high,clear,delivered,1,1.0,8.34,delivered_late,2026-08-12T14:59:49.154679,D033,D033,,eta-v3.2,completed,0,0,0,0,0,0,1,PRIORITY_DISPATCH,3,0,0,,8,5,1,36.3609917,36.38621216666666,0,1,0,0,Desserts,scooter,33.0
O01463,C0573,R050,D062,Bengaluru,2026-08-18 12:44:00,,2026-08-18 13:21:08.797205,2026-08-18 14:01:12.740457,delivered,9.23,high,clear,delivered,1,1.0,15.82,delivered_late,2026-08-18T14:02:33.502357,D062,D062,,eta-v3.1,completed,4,0,1,0,0,1,0,,4,0,0,,8,5,1,37.14662008333333,40.065720866666666,1,0,0,0,Cafe,bike,32.0
O01464,C0814,R057,D013,Bengaluru,2026-08-05 13:43:00,,2026-08-05 14:09:59.124455,2026-08-05 14:46:30.023589,delivered,13.9,medium,clear,delivered,1,0.0,-3.49,delivered_on_time,2026-08-05T14:53:59.483633,D013,D013,,eta-v3.2,completed,1,0,0,0,0,0,0,,3,0,0,,8,5,1,26.98540758333333,36.51498556666666,0,0,0,0,Cafe,bike,43.0
O01465,C0075,R039,D089,Bengaluru,2026-08-01 22:15:00,,2026-08-01 22:40:52.268606,2026-08-01 23:17:18.746834,delivered,13.16,medium,clear,delivered,1,0.0,-3.12,delivered_on_time,2026-08-01T23:24:25.824757,D089,D089,,eta-v3.1,completed,2,0,0,0,0,0,1,PRIORITY_DISPATCH,3,0,0,,5,2,1,25.871143433333334,36.4413038,0,1,0,0,Biryani,bike,19.0
O01466,C0663,R040,D088,Bengaluru,2026-08-12 19:40:00,2026-08-12 20:55:36,2026-08-12 20:16:47.364226,2026-08-12 21:08:04.411066,delivered,18.0,medium,clear,delivered,1,1.0,12.47,delivered_late,2026-08-12T21:00:55.695492,D088,D088,,eta-v3.1,completed,2,0,0,0,0,0,1,DRIVER_REASSIGNMENT,3,0,0,,6,3,1,36.789403766666666,51.284114,0,1,0,0,Desserts,scooter,28.0
O01467,C0686,R047,D085,Bengaluru,2026-08-03 21:21:00,2026-08-03 22:43:18,2026-08-03 21:59:30.145344,2026-08-03 23:03:23.975436,delivered,18.0,high,rain,delivered,1,1.0,20.1,delivered_late,2026-08-03T23:03:47.153338,D085,D085,,eta-v3.2,completed,0,0,0,0,0,1,0,,4,0,0,,8,5,1,38.5024224,63.8971682,1,0,0,0,South Indian,bike,26.0
O01468,C0096,R032,D004,Bengaluru,2026-08-12 12:09:00,2026-08-12 13:30:36,2026-08-12 12:26:14.834206,2026-08-12 13:24:02.130571,delivered,18.0,medium,heavy_rain,delivered,1,0.0,-6.56,delivered_on_time,2026-08-12T13:46:36,D004,D004,,eta-v3.2,completed,2,0,0,0,0,0,0,,3,0,1,handed_off,7,4,1,17.247236766666667,57.788272750000004,0,0,0,0,Pizza,bike,34.0
O01469,C0832,R019,D046,Bengaluru,2026-08-17 18:18:00,2026-08-17 19:33:36,2026-08-17 18:34:17.475813,2026-08-17 19:21:05.968121,delivered,18.0,medium,clear,delivered,1,0.0,-12.5,delivered_on_time,2026-08-17T19:37:36,D046,D046,,eta-v3.2,completed,2,0,0,0,0,0,0,,3,0,1,handed_off,6,3,1,16.29126355,46.80820513333333,0,0,0,0,Cafe,bike,38.0
O01470,C0732,R050,D030,Bengaluru,2026-08-19 17:24:00,,2026-08-19 18:19:20.433031,2026-08-19 18:50:50.704290,delivered,10.12,medium,clear,delivered,1,1.0,27.8,delivered_late,2026-08-19T18:34:49.617892,D030,D030,,eta-v3.2,completed,2,0,1,0,0,0,0,,3,0,0,,6,3,1,55.34055051666667,31.504520983333336,1,0,0,0,Cafe,scooter,19.0
O01471,C0735,R043,D097,Bengaluru,2026-08-19 20:16:00,,2026-08-19 20:48:56.827370,2026-08-19 21:26:39.378167,delivered,11.69,high,clear,delivered,1,1.0,4.1,delivered_late,2026-08-19T21:37:37.833930,D097,D097,,eta-v3.1,completed,3,0,0,0,0,0,1,CUSTOMER_CREDIT,3,0,0,,6,3,1,32.94712283333333,37.70917995,0,1,0,0,Burgers,ebike,19.0
O01472,C0701,R025,D008,Bengaluru,2026-08-28 19:54:00,2026-08-28 21:13:48,2026-08-28 20:44:29.523027,2026-08-28 21:39:36.533246,delivered,18.0,high,clear,delivered,1,1.0,25.81,delivered_late,2026-08-28T21:34:21.424290,D008,D008,,eta-v3.2,completed,3,0,0,0,0,1,0,,3,0,0,,7,4,1,50.49205045,55.11683698333333,1,0,0,0,South Indian,ebike,23.0
O01473,C0704,R060,D028,Bengaluru,2026-08-20 18:05:00,2026-08-20 19:20:36,2026-08-20 18:21:49.952262,2026-08-20 19:14:14.858727,delivered,18.0,medium,clear,delivered,1,0.0,-6.35,delivered_on_time,2026-08-20T19:24:36,D028,D028,,eta-v3.1,completed,3,0,0,0,0,0,0,,3,0,0,,7,4,1,16.8325377,52.41510775,0,0,0,0,Chinese,bike,10.0
O01474,C0142,R058,D108,Bengaluru,2026-08-24 18:25:00,2026-08-24 19:37:48,2026-08-24 18:50:54.516109,2026-08-24 19:38:44.783068,delivered,18.0,low,clear,delivered,1,1.0,0.95,delivered_late,2026-08-24T19:37:48,D108,D108,,eta-v3.1,completed,2,0,0,0,0,0,0,,3,0,1,ready,6,3,1,25.908601816666664,47.83778265,0,0,0,0,North Indian,scooter,5.0
O01475,C0464,R021,D022,Bengaluru,2026-08-27 11:56:00,2026-08-27 13:15:48,2026-08-27 12:30:46.266830,2026-08-27 13:27:54.361127,delivered,18.0,high,clear,delivered,1,1.0,12.11,delivered_late,2026-08-27T13:27:17.176806,D022,D022,,eta-v3.1,completed,4,0,1,0,0,0,1,DRIVER_REASSIGNMENT,4,1,0,,6,3,1,34.77111383333333,57.13490495,1,1,0,0,Biryani,scooter,35.0
O01476,C0457,R030,D066,Bengaluru,2026-08-01 22:32:00,,2026-08-01 22:52:00.759427,2026-08-01 23:41:30.870902,delivered,12.67,low,heavy_rain,delivered,1,1.0,1.91,delivered_late,2026-08-01T23:52:34.687568,D066,D066,,eta-v3.2,completed,3,0,0,0,0,0,1,CUSTOMER_CREDIT,3,0,0,,7,4,1,20.012657116666666,49.50185791666667,0,1,0,0,South Indian,scooter,21.0
O01477,C0037,R047,D024,Bengaluru,2026-08-20 13:35:00,,2026-08-20 13:56:11.148798,2026-08-20 15:05:38.173741,delivered,17.62,severe,rain,delivered,1,1.0,3.53,delivered_late,2026-08-20T15:25:15.014427,D024,D024,,eta-v3.2,completed,3,0,0,0,0,1,0,,3,0,0,,5,2,1,21.1858133,69.45041571666667,1,0,0,0,South Indian,bike,32.0
O01478,C0368,R040,D082,Bengaluru,2026-08-12 11:41:00,2026-08-12 13:08:54,2026-08-12 12:31:34.435474,2026-08-12 13:38:38.613281,delivered,18.0,severe,rain,delivered,1,1.0,29.74,delivered_late,2026-08-12T13:40:08.037789,D082,D082,,eta-v3.1,completed,3,0,0,0,0,0,0,,3,0,1,preparing,5,2,1,50.57392456666666,67.06963011666667,0,0,0,0,Desserts,scooter,44.0
O01479,C0137,R033,D054,Bengaluru,2026-08-17 18:48:00,2026-08-17 20:07:48,2026-08-17 19:26:55.173456,2026-08-17 20:26:57.651993,delivered,18.0,high,clear,delivered,1,1.0,19.16,delivered_late,2026-08-17T20:17:48,D054,D054,,eta-v3.2,completed,0,0,0,0,0,0,0,,3,0,0,,6,3,1,38.9195576,60.04130895,0,0,0,0,Cafe,bike,15.0
O01480,C0362,R055,D028,Bengaluru,2026-08-04 15:41:00,,2026-08-04 16:13:44.370318,2026-08-04 16:35:08.661261,delivered,5.77,low,clear,delivered,1,1.0,7.03,delivered_late,2026-08-04T16:28:07.106814,D120,D028,2026-08-04T15:55:29.210834,eta-v3.2,completed,2,0,0,1,0,0,0,,3,0,0,,8,5,1,32.7395053,21.40484905,0,0,0,0,Burgers,bike,10.0
O01481,C0809,R021,D013,Bengaluru,2026-08-20 11:56:00,,2026-08-20 12:42:57.570621,2026-08-20 13:34:03.285496,delivered,15.71,medium,rain,delivered,1,1.0,24.77,delivered_late,2026-08-20T13:26:30.793193,D013,D013,,eta-v3.1,completed,0,0,0,0,0,0,0,,3,0,0,,5,2,1,46.959510349999995,51.09524791666667,0,0,0,0,Biryani,bike,43.0
O01482,C0489,R025,D065,Bengaluru,2026-08-14 23:33:00,2026-08-15 00:58:24,2026-08-14 23:56:54.322492,2026-08-15 00:59:22.159889,delivered,18.0,severe,clear,delivered,1,1.0,0.97,delivered_late,2026-08-15T01:16:24,D065,D065,,eta-v3.1,completed,3,0,0,0,0,0,0,,3,0,0,,6,3,1,23.905374866666666,62.463956616666664,0,0,0,0,South Indian,bike,17.0
O01483,C0731,R060,D115,Bengaluru,2026-08-11 21:21:00,,2026-08-11 21:40:34.239524,2026-08-11 22:20:53.891888,delivered,6.6,severe,clear,delivered,1,0.0,-1.56,delivered_on_time,2026-08-11T22:40:27.366123,D115,D115,,eta-v3.2,completed,3,0,0,1,0,0,0,,3,0,1,ready,6,3,1,19.570658733333335,40.3275394,0,0,0,0,Chinese,bike,20.0
O01484,C0282,R032,D082,Bengaluru,2026-08-08 19:37:00,,2026-08-08 19:57:50.124777,2026-08-08 20:52:29.961536,delivered,17.71,high,clear,delivered,1,0.0,-3.7,delivered_on_time,2026-08-08T21:06:11.873114,D082,D082,,eta-v3.2,completed,2,0,0,1,0,0,0,,3,0,2,ready,5,2,1,20.83541295,54.66394598333333,0,0,0,0,Pizza,scooter,44.0
O01485,C0403,R022,D054,Bengaluru,2026-08-27 15:27:00,,2026-08-27 16:07:56.960046,2026-08-27 16:35:11.003302,delivered,4.76,medium,clear,delivered,1,1.0,20.39,delivered_late,2026-08-27T16:20:02.006885,D054,D054,,eta-v3.1,completed,2,0,0,0,0,0,0,,3,0,0,,8,5,1,40.9493341,27.234054266666664,0,0,0,0,South Indian,bike,15.0
O01486,C0685,R053,D075,Bengaluru,2026-08-09 16:40:00,,2026-08-09 17:05:15.867602,2026-08-09 17:45:18.275916,delivered,14.54,medium,clear,delivered,1,0.0,-3.04,delivered_on_time,2026-08-09T17:57:36.199089,D075,D075,,eta-v3.1,completed,3,0,0,0,0,0,0,,3,0,0,,8,5,1,25.264460033333332,40.04013856666666,0,0,0,0,North Indian,bike,22.0
O01487,C0025,R028,D087,Bengaluru,2026-08-05 21:53:00,,2026-08-05 22:18:12.430728,2026-08-05 22:51:45.443564,delivered,12.85,low,clear,delivered,1,0.0,-3.22,delivered_on_time,2026-08-05T22:54:58.535386,D087,D087,,eta-v3.2,completed,0,0,0,0,0,0,1,DRIVER_REASSIGNMENT,3,0,0,,5,2,1,25.2071788,33.55021393333333,0,1,0,0,Biryani,bike,62.0
O01488,C0694,R054,D101,Bengaluru,2026-08-10 13:08:00,2026-08-10 14:27:48,2026-08-10 13:37:44.332153,,cancelled,18.0,high,clear,cancelled,0,,,cancelled,2026-08-10T14:38:47.858477,D101,D101,,eta-v3.1,cancelled,2,0,0,0,0,0,1,PRIORITY_DISPATCH,3,0,0,,1,0,0,29.738869216666668,,0,1,0,0,South Indian,scooter,19.0
O01489,C0732,R025,D116,Bengaluru,2026-08-15 22:09:00,2026-08-15 23:24:18,2026-08-15 22:23:17.346786,2026-08-15 23:12:48.563960,delivered,18.0,low,rain,delivered,1,0.0,-11.49,delivered_on_time,2026-08-15T23:29:18,D116,D116,,eta-v3.1,completed,0,0,0,0,0,1,0,,3,0,0,,8,5,1,14.2891131,49.52028623333333,1,0,0,0,South Indian,bike,15.0
O01490,C0238,R020,D108,Bengaluru,2026-08-27 22:45:00,,2026-08-27 23:02:39.682115,2026-08-28 00:00:56.422642,delivered,16.85,high,rain,delivered,1,0.0,-3.94,delivered_on_time,2026-08-28T00:20:46.527913,D108,D108,,eta-v3.2,completed,3,0,0,0,0,0,0,,4,0,0,,8,5,1,17.661368583333335,58.27900878333333,0,0,0,0,Burgers,scooter,5.0
O01491,C0068,R021,D085,Bengaluru,2026-08-13 18:15:00,2026-08-13 19:27:48,2026-08-13 18:51:20.711881,2026-08-13 19:34:28.012686,delivered,18.0,low,clear,delivered,1,1.0,6.67,delivered_late,2026-08-13T19:35:51.404413,D085,D085,,eta-v3.1,completed,1,0,0,1,0,1,0,,3,0,0,,8,5,1,36.34519801666667,43.12168008333333,1,0,0,0,Biryani,bike,26.0
O01492,C0713,R055,D018,Bengaluru,2026-08-06 13:05:00,2026-08-06 14:20:36,2026-08-06 13:33:17.375748,,cancelled,18.0,medium,clear,cancelled,0,,,cancelled,2026-08-06T14:25:59.404640,D090,D018,2026-08-06T13:19:46.181922,eta-v3.1,cancelled,3,0,0,0,0,0,0,,2,0,0,,1,0,0,28.289595799999997,,0,0,0,0,Burgers,bike,16.0
O01493,C0673,R012,D004,Bengaluru,2026-08-14 11:07:00,,2026-08-14 11:46:13.644163,,cancelled,14.08,medium,rain,cancelled,0,,,cancelled,2026-08-14T12:27:31.466296,D004,D004,,eta-v3.1,cancelled,1,0,0,0,0,0,0,,2,0,0,,1,0,0,39.22740271666667,,0,0,0,0,Biryani,bike,34.0
O01494,C0260,R033,D091,Bengaluru,2026-08-03 17:53:00,2026-08-03 19:12:48,2026-08-03 18:19:56.303290,2026-08-03 19:14:24.623147,delivered,18.0,high,clear,delivered,1,1.0,1.61,delivered_late,2026-08-03T19:26:10.986092,D091,D091,,eta-v3.2,completed,0,0,0,0,0,0,0,,4,1,0,,8,5,1,26.938388166666666,54.47199761666666,0,0,0,0,Cafe,bike,47.0
O01495,C0426,R043,D046,Bengaluru,2026-08-23 14:31:00,,2026-08-23 15:21:34.873980,2026-08-23 15:57:46.039379,delivered,10.69,high,clear,delivered,1,1.0,22.32,delivered_late,2026-08-23T15:51:50.416177,D046,D046,,eta-v3.2,completed,0,0,0,0,0,1,0,,3,0,0,,8,5,1,50.581233,36.18608998333333,1,0,0,0,Burgers,bike,38.0
O01496,C0042,R002,D032,Bengaluru,2026-08-03 22:31:00,2026-08-03 23:53:18,2026-08-03 22:52:50.955735,2026-08-03 23:56:10.608094,delivered,18.0,high,rain,delivered,1,1.0,2.88,delivered_late,2026-08-04T00:08:18,D032,D032,,eta-v3.2,completed,0,0,0,0,0,0,1,CUSTOMER_CREDIT,3,0,1,ready,6,3,1,21.84926225,63.327539316666666,0,1,0,0,Burgers,ebike,5.0
O01497,C0574,R041,D109,Bengaluru,2026-08-01 11:02:00,2026-08-01 12:21:48,2026-08-01 11:45:32.038298,2026-08-01 12:36:06.941754,delivered,18.0,high,clear,delivered,1,1.0,14.32,delivered_late,2026-08-01T12:32:37.848994,D109,D109,,eta-v3.1,completed,3,0,0,0,0,1,0,,3,0,1,handed_off,5,2,1,43.53397163333333,50.58172426666667,1,0,0,0,Desserts,bike,36.0
O01498,C0624,R056,D031,Bengaluru,2026-08-07 20:31:00,2026-08-07 21:50:48,2026-08-07 20:55:57.784546,2026-08-07 21:51:15.824264,delivered,18.0,high,clear,delivered,1,1.0,0.46,delivered_late,2026-08-07T22:00:48,D031,D031,,eta-v3.1,completed,2,0,0,1,0,0,0,,3,0,0,,8,5,1,24.96307576666667,55.30066196666667,0,0,0,0,Biryani,ebike,17.0
O01499,C0831,R011,D106,Bengaluru,2026-08-07 20:05:00,,2026-08-07 20:42:37.799748,2026-08-07 21:29:42.751504,delivered,14.89,high,clear,delivered,1,1.0,11.43,delivered_late,2026-08-07T21:31:46.377198,D106,D106,,eta-v3.1,completed,2,0,0,0,0,1,1,DRIVER_REASSIGNMENT,3,0,0,,7,4,1,37.629995799999996,47.08252926666667,1,1,0,0,Chinese,bike,24.0
O01500,C0621,R016,D032,Bengaluru,2026-08-08 16:17:00,,2026-08-08 16:38:53.393622,2026-08-08 17:17:49.842786,delivered,13.2,low,clear,delivered,1,0.0,-1.9,delivered_on_time,2026-08-08T17:19:43.684835,D032,D032,,eta-v3.1,completed,3,0,0,0,0,0,1,CUSTOMER_CREDIT,3,0,1,ready,6,3,1,21.889893700000002,38.9408194,0,1,0,0,Biryani,ebike,5.0
O01501,C0749,R046,D083,Bengaluru,2026-08-25 17:10:00,2026-08-25 18:25:36,2026-08-25 17:36:19.509166,2026-08-25 18:22:22.587482,delivered,18.0,medium,clear,delivered,1,0.0,-3.22,delivered_on_time,2026-08-25T18:29:36,D083,D083,,eta-v3.1,completed,0,0,0,1,0,1,0,,3,0,0,,7,4,1,26.32515276666667,46.05130526666667,1,0,0,0,Chinese,bike,38.0
O01502,C0568,R015,D112,Bengaluru,2026-08-28 11:22:00,,2026-08-28 11:42:45.065240,2026-08-28 12:26:35.381750,delivered,9.48,severe,clear,delivered,1,0.0,-2.93,delivered_on_time,2026-08-28T12:47:30.981122,D112,D112,,eta-v3.1,completed,0,0,0,0,0,0,0,,3,0,0,,6,3,1,20.75108733333333,43.8386085,0,0,0,0,Cafe,bike,19.0
O01503,C0105,R045,D045,Bengaluru,2026-08-07 19:39:00,2026-08-07 21:00:36,2026-08-07 20:15:45.378033,2026-08-07 21:22:17.089088,delivered,18.0,medium,heavy_rain,delivered,1,1.0,21.68,delivered_late,2026-08-07T21:23:06.771954,D045,D045,,eta-v3.2,completed,3,0,1,0,0,0,0,,3,0,1,preparing,7,4,1,36.75630055,66.52851758333334,1,0,0,0,Cafe,scooter,21.0
O01504,C0810,R047,D049,Bengaluru,2026-08-14 18:55:00,,2026-08-14 19:27:47.830895,2026-08-14 20:00:27.516921,delivered,12.82,low,clear,delivered,1,1.0,3.54,delivered_late,2026-08-14T19:57:06.516893,D049,D049,,eta-v3.2,completed,2,0,0,0,0,0,0,,3,0,0,,8,5,1,32.797181583333334,32.66143376666667,0,0,0,0,South Indian,bike,17.0
O01505,C0096,R011,D082,Bengaluru,2026-08-13 21:50:00,,2026-08-13 22:13:52.406582,2026-08-13 22:47:42.083901,delivered,8.16,high,clear,delivered,1,0.0,-1.43,delivered_on_time,2026-08-13T22:59:58.149727,D082,D082,,eta-v3.1,completed,0,0,0,0,0,0,0,,3,0,0,,6,3,1,23.873443033333334,33.82795531666667,0,0,0,0,Chinese,scooter,44.0
O01506,C0336,R055,D050,Bengaluru,2026-08-27 16:11:00,2026-08-27 17:26:36,2026-08-27 16:39:49.210080,,delivered,18.0,medium,clear,delivered,1,,,unknown,2026-08-27T17:30:36,D050,D050,,eta-v3.1,completed,2,0,0,1,0,0,0,,2,0,1,ready,5,2,1,28.820168000000002,,0,0,0,0,Burgers,bike,59.0
O01507,C0155,R033,D085,Bengaluru,2026-08-16 18:09:00,2026-08-16 19:30:36,2026-08-16 18:29:58.036266,,cancelled,18.0,medium,heavy_rain,cancelled,0,,,cancelled,2026-08-16T19:46:36,D085,D085,,eta-v3.2,cancelled,0,0,0,0,0,0,0,,2,0,0,,1,0,0,20.9672711,,0,0,0,0,Cafe,bike,26.0
O01508,C0749,R034,D114,Bengaluru,2026-08-24 18:20:00,,2026-08-24 18:54:19.061192,2026-08-24 19:15:51.314555,delivered,8.35,low,clear,delivered,1,1.0,3.32,delivered_late,2026-08-24T19:12:38.250451,D114,D114,,eta-v3.2,completed,1,0,0,0,0,0,0,,3,0,0,,6,3,1,34.31768653333334,21.53755605,0,0,0,0,Pizza,bike,59.0
O01509,C0675,R026,D093,Bengaluru,2026-08-28 17:25:00,2026-08-28 18:40:36,2026-08-28 17:57:23.771992,2026-08-28 18:51:09.858572,delivered,18.0,medium,clear,delivered,1,1.0,10.56,delivered_late,2026-08-28T18:45:33.091059,D113,D093,2026-08-28T17:32:01.398186,eta-v3.1,completed,2,0,1,0,0,0,0,,3,0,0,,6,3,1,32.39619986666666,53.76810966666667,1,0,0,0,Desserts,ebike,28.0
O01510,C0336,R032,D044,Bengaluru,2026-08-17 22:35:00,,2026-08-17 23:01:22.912818,2026-08-17 23:29:40.289671,delivered,2.95,high,clear,delivered,1,1.0,6.48,delivered_late,2026-08-17T23:33:11.625349,D044,D044,,eta-v3.1,completed,0,0,0,0,0,0,1,PRIORITY_DISPATCH,3,0,1,ready,5,2,1,26.3818803,28.289614216666667,0,1,0,0,Pizza,scooter,19.0
O01511,C0045,R048,D018,Bengaluru,2026-08-21 11:41:00,,2026-08-21 12:11:37.544423,2026-08-21 12:53:04.134676,delivered,10.46,medium,rain,delivered,1,1.0,9.81,delivered_late,2026-08-21T12:56:59.823075,D018,D018,,eta-v3.2,completed,2,0,0,0,0,1,0,,3,0,0,,6,3,1,30.625740383333333,41.44317088333333,1,0,0,0,South Indian,bike,16.0
O01512,C0896,R017,D048,Bengaluru,2026-08-07 20:40:00,2026-08-07 21:55:36,2026-08-07 21:17:37.354088,,delivered,18.0,medium,clear,delivered,1,,,unknown,2026-08-07T21:59:55.924060,D048,D048,,eta-v3.2,completed,0,0,0,0,0,0,0,,2,0,0,,8,5,1,37.62256813333333,,0,0,0,0,North Indian,bike,11.0
O01513,C0268,R003,D113,Bengaluru,2026-08-08 18:50:00,2026-08-08 20:09:48,2026-08-08 19:41:53.359592,2026-08-08 20:41:15.654928,delivered,18.0,high,clear,delivered,1,1.0,31.46,delivered_late,2026-08-08T20:28:55.250989,D113,D113,,eta-v3.2,completed,2,0,0,0,0,0,0,,3,0,0,,7,4,1,51.88932653333333,59.371588933333335,0,0,0,0,Chinese,ebike,30.0
O01514,C0408,R030,D048,Bengaluru,2026-08-24 17:57:00,2026-08-24 19:12:36,2026-08-24 18:28:31.727776,2026-08-24 19:21:51.953311,delivered,18.0,medium,clear,delivered,1,1.0,9.27,delivered_late,2026-08-24T19:16:36,D048,D048,,eta-v3.2,completed,0,0,0,0,0,0,0,,3,0,0,,8,5,1,31.528796266666667,53.33709225,0,0,0,0,South Indian,bike,11.0
O01515,C0577,R014,D102,Bengaluru,2026-08-17 14:47:00,2026-08-17 16:06:48,2026-08-17 15:05:04.253358,2026-08-17 16:02:11.770275,delivered,18.0,high,clear,delivered,1,0.0,-4.6,delivered_on_time,2026-08-17T16:17:23.728009,D102,D102,,eta-v3.2,completed,1,0,0,0,0,0,0,,3,0,0,,8,5,1,18.070889299999997,57.12528195,0,0,0,0,Biryani,scooter,16.0
O01516,C0643,R046,D069,Bengaluru,2026-08-08 13:55:00,2026-08-08 15:14:48,2026-08-08 14:12:50.074206,2026-08-08 15:13:48.335328,delivered,18.0,high,clear,delivered,1,0.0,-0.99,delivered_on_time,2026-08-08T15:26:06.733785,D069,D069,,eta-v3.1,completed,3,0,0,0,0,0,0,,3,0,1,ready,8,5,1,17.8345701,60.971018699999995,0,0,0,0,Chinese,scooter,16.0
O01517,C0397,R024,D041,Bengaluru,2026-08-08 21:46:00,,2026-08-08 22:03:09.535388,2026-08-08 22:44:52.533986,delivered,12.7,medium,clear,delivered,1,0.0,-5.59,delivered_on_time,2026-08-08T22:54:27.661861,D041,D041,,eta-v3.2,completed,0,0,0,0,0,0,0,,3,0,0,,7,4,1,17.158923133333335,41.7166433,0,0,0,0,South Indian,bike,83.0
O01518,C0114,R032,D064,Bengaluru,2026-08-15 13:52:00,,2026-08-15 14:13:30.546458,2026-08-15 14:52:38.676597,delivered,13.52,low,clear,delivered,1,0.0,-2.74,delivered_on_time,2026-08-15T14:57:38.127835,D064,D064,,eta-v3.2,completed,3,0,0,0,0,0,1,PRIORITY_DISPATCH,3,0,1,ready,8,5,1,21.509107633333333,39.13550231666667,0,1,0,0,Pizza,bike,17.0
O01519,C0550,R018,D074,Bengaluru,2026-08-12 19:43:00,,2026-08-12 20:28:38.066818,2026-08-12 21:13:35.820059,delivered,16.54,low,clear,delivered,1,1.0,20.87,delivered_late,2026-08-12T21:01:52.514953,D017,D074,2026-08-12T19:51:19.573567,eta-v3.1,completed,2,0,0,0,0,0,0,,3,0,0,,7,4,1,45.634446966666665,44.962554016666665,0,0,0,0,South Indian,bike,6.0
O01520,C0169,R002,D003,Bengaluru,2026-08-11 14:04:00,,2026-08-11 14:30:55.395314,2026-08-11 15:11:17.182956,delivered,14.93,low,clear,delivered,1,1.0,0.93,delivered_late,2026-08-11T15:10:21.125878,D003,D003,,eta-v3.2,completed,0,0,0,0,0,0,0,,3,0,1,preparing,7,4,1,26.923255233333336,40.36312736666666,0,0,0,0,Burgers,scooter,15.0
O01521,C0641,R013,D047,Bengaluru,2026-08-05 14:22:00,,2026-08-05 14:37:55.684570,2026-08-05 15:06:31.169052,delivered,6.85,medium,clear,delivered,1,0.0,-7.67,delivered_on_time,2026-08-05T15:20:08.630061,D047,D047,,eta-v3.2,completed,3,0,0,1,0,0,0,,3,0,1,ready,8,5,1,15.928076166666667,28.591408033333334,0,0,0,0,Pizza,scooter,10.0
O01522,C0494,R023,D100,Bengaluru,2026-08-16 14:12:00,2026-08-16 15:27:36,2026-08-16 14:31:05.363725,2026-08-16 15:21:34.937844,delivered,18.0,medium,clear,delivered,1,0.0,-6.02,delivered_on_time,2026-08-16T15:32:21.121311,D100,D100,,eta-v3.1,completed,2,0,0,0,0,0,0,,4,1,1,preparing,5,2,1,19.089395416666665,50.49290198333333,0,0,0,0,Pizza,scooter,7.0
O01523,C0479,R019,D046,Bengaluru,2026-08-03 18:57:00,2026-08-03 20:22:24,2026-08-03 19:13:16.191463,2026-08-03 20:18:37.220011,delivered,18.0,severe,clear,delivered,1,0.0,-3.78,delivered_on_time,2026-08-03T20:40:24,D099,D046,2026-08-03T19:04:10.338071,eta-v3.2,completed,1,0,0,0,0,0,0,,3,0,0,,5,2,1,16.269857716666667,65.3504758,0,0,0,0,Cafe,bike,38.0
O01524,C0808,R033,D117,Bengaluru,2026-08-15 15:06:00,2026-08-15 16:31:24,2026-08-15 15:36:51.899479,2026-08-15 16:35:58.297761,delivered,18.0,severe,clear,delivered,1,1.0,4.57,delivered_late,2026-08-15T16:55:01.550130,D117,D117,,eta-v3.1,completed,2,0,0,0,0,0,0,,4,1,0,,7,4,1,30.864991316666664,59.10663803333333,0,0,0,0,Cafe,scooter,34.0
O01525,C0066,R038,D029,Bengaluru,2026-08-17 12:50:00,2026-08-17 14:09:48,2026-08-17 13:31:44.408714,2026-08-17 14:29:47.982905,delivered,18.0,high,clear,delivered,1,1.0,20.0,delivered_late,2026-08-17T14:26:28.802581,D029,D029,,eta-v3.1,completed,0,0,0,1,0,0,0,,3,0,1,preparing,7,4,1,41.74014523333334,58.05956985,0,0,0,0,Pizza,bike,19.0
O01526,C0842,R042,D119,Bengaluru,2026-08-11 11:21:00,,2026-08-11 11:41:34.371695,2026-08-11 12:26:17.974844,delivered,11.84,high,rain,delivered,1,0.0,-4.07,delivered_on_time,2026-08-11T12:45:21.957891,D119,D119,,eta-v3.2,completed,1,0,0,0,0,0,0,,3,0,0,,5,2,1,20.572861583333335,44.72671915,0,0,0,0,Chinese,bike,15.0
O01527,C0121,R034,D048,Bengaluru,2026-08-07 15:14:00,2026-08-07 16:33:48,2026-08-07 15:49:00.069724,2026-08-07 16:40:04.688215,delivered,18.0,high,clear,delivered,1,1.0,6.28,delivered_late,2026-08-07T16:44:20.153186,D048,D048,,eta-v3.2,completed,0,0,0,0,0,0,0,,4,0,0,,5,2,1,35.001162066666666,51.076974850000006,0,0,0,0,Pizza,bike,11.0
O01528,C0578,R035,D072,Bengaluru,2026-08-08 17:23:00,2026-08-08 18:35:48,2026-08-08 17:45:13.190055,2026-08-08 18:26:50.195073,delivered,18.0,low,clear,delivered,1,0.0,-8.96,delivered_on_time,2026-08-08T18:37:48.225251,D072,D072,,eta-v3.2,completed,2,0,0,1,0,0,1,PRIORITY_DISPATCH,3,0,0,,8,5,1,22.21983425,41.6167503,0,1,0,0,North Indian,scooter,22.0
O01529,C0828,R045,D101,Bengaluru,2026-08-19 11:18:00,,2026-08-19 11:58:52.697108,2026-08-19 12:35:26.709772,delivered,9.49,high,clear,delivered,1,1.0,15.52,delivered_late,2026-08-19T12:37:53.154916,D101,D101,,eta-v3.1,completed,2,0,1,1,0,0,0,,3,0,1,preparing,5,2,1,40.87828513333333,36.56687773333333,1,0,0,0,Cafe,scooter,19.0
O01530,C0734,R002,D100,Bengaluru,2026-08-28 13:37:00,2026-08-28 14:52:36,2026-08-28 13:59:22.084854,2026-08-28 14:52:04.844498,delivered,18.0,medium,clear,delivered,1,0.0,-0.52,delivered_on_time,2026-08-28T14:56:54.261429,D100,D100,,eta-v3.2,completed,2,0,0,0,0,0,1,RESTAURANT_CONTACT,3,0,0,,8,5,1,22.3680809,52.71266073333334,0,1,0,0,Burgers,scooter,7.0
O01531,C0259,R020,D093,Bengaluru,2026-08-06 18:53:00,,2026-08-06 19:32:48.936433,2026-08-06 20:08:24.720387,delivered,9.06,medium,clear,delivered,1,1.0,18.59,delivered_late,2026-08-06T20:00:29.492772,D093,D093,,eta-v3.1,completed,2,0,0,0,0,0,0,,3,0,1,handed_off,5,2,1,39.81560721666666,35.59639923333334,0,0,0,0,Burgers,ebike,28.0
O01532,C0825,R028,D048,Bengaluru,2026-08-22 18:49:00,2026-08-22 20:04:36,2026-08-22 19:02:04.126535,2026-08-22 19:54:15.355136,delivered,18.0,medium,clear,delivered,1,0.0,-10.34,delivered_on_time,2026-08-22T20:08:36,D048,D048,,eta-v3.2,completed,1,0,0,1,0,0,0,,3,0,0,,5,2,1,13.068775583333332,52.18714335,0,0,0,0,Biryani,bike,11.0
O01533,C0821,R049,D047,Bengaluru,2026-08-09 15:03:00,,2026-08-09 15:50:51.800909,2026-08-09 16:20:04.683922,delivered,6.06,low,heavy_rain,delivered,1,1.0,23.35,delivered_late,2026-08-09T16:16:16.586861,D047,D047,,eta-v3.1,completed,2,0,0,0,0,0,0,,3,0,0,,7,4,1,47.86334848333333,29.21471688333333,0,0,0,0,Chinese,scooter,10.0
O01534,C0586,R019,D046,Bengaluru,2026-08-13 18:25:00,2026-08-13 19:37:48,2026-08-13 18:52:06.533422,2026-08-13 19:40:54.942208,delivered,18.0,low,clear,delivered,1,1.0,3.12,delivered_late,2026-08-13T19:41:20.615372,D046,D046,,eta-v3.2,completed,0,0,0,1,0,0,0,,4,1,1,ready,7,4,1,27.108890366666667,48.8068131,0,0,0,0,Cafe,bike,38.0
O01535,C0572,R035,D038,Bengaluru,2026-08-14 18:06:00,,2026-08-14 18:23:43.689310,2026-08-14 19:10:25.747669,delivered,13.13,low,rain,delivered,1,0.0,-0.65,delivered_on_time,2026-08-14T19:16:04.834259,D038,D038,,eta-v3.2,completed,0,0,0,0,0,0,0,,3,0,0,,6,3,1,17.728155166666667,46.700972650000004,0,0,0,0,North Indian,bike,22.0
O01536,C0864,R007,D037,Bengaluru,2026-08-06 13:06:00,2026-08-06 14:21:36,2026-08-06 13:20:42.516618,2026-08-06 14:09:50.611511,delivered,18.0,medium,clear,delivered,1,0.0,-11.76,delivered_on_time,2026-08-06T14:25:36,D037,D037,,eta-v3.1,completed,3,0,0,0,0,0,1,CUSTOMER_CREDIT,3,0,1,preparing,8,5,1,14.7086103,49.13491488333333,0,1,0,0,North Indian,scooter,10.0
O01537,C0897,R031,D028,Bengaluru,2026-08-08 18:43:00,,2026-08-08 19:02:27.844697,2026-08-08 19:31:16.744504,delivered,3.01,high,clear,delivered,1,0.0,-0.05,delivered_on_time,2026-08-08T19:41:29.003190,D097,D028,2026-08-08T18:50:00.141794,eta-v3.2,completed,0,0,0,0,0,0,0,,3,0,0,,8,5,1,19.464078283333333,28.814996783333335,0,0,0,0,Chinese,bike,10.0
O01538,C0029,R011,D037,Bengaluru,2026-08-23 12:03:00,,2026-08-23 12:28:31.813069,2026-08-23 13:11:45.025787,delivered,7.91,severe,rain,delivered,1,1.0,2.04,delivered_late,2026-08-23T13:32:42.413933,D037,D037,,eta-v3.2,completed,3,0,0,0,0,0,0,,3,0,0,,6,3,1,25.530217816666667,43.22021196666667,0,0,0,0,Chinese,scooter,10.0
O01539,C0475,R031,D051,Bengaluru,2026-08-04 21:37:00,,2026-08-04 22:04:08.147459,2026-08-04 22:37:32.342575,delivered,7.38,high,clear,delivered,1,1.0,3.05,delivered_late,2026-08-04T22:44:29.382105,D051,D051,,eta-v3.1,completed,1,0,0,0,0,0,0,,4,1,0,,7,4,1,27.135790983333333,33.40325193333334,0,0,0,0,Chinese,bike,34.0
O01540,C0337,R049,D055,Bengaluru,2026-08-16 12:28:00,2026-08-16 13:43:36,2026-08-16 13:14:07.685652,2026-08-16 14:03:16.076021,delivered,18.0,medium,clear,delivered,1,1.0,19.67,delivered_late,2026-08-16T13:56:49.612595,D055,D055,,eta-v3.2,completed,0,0,0,0,0,0,0,,3,0,0,,6,3,1,46.1280942,49.13983948333334,0,0,0,0,Chinese,bike,14.0
O01541,C0742,R055,D108,Bengaluru,2026-08-25 18:14:00,2026-08-25 19:39:24,2026-08-25 18:39:43.861011,2026-08-25 19:48:05.176977,delivered,18.0,severe,clear,delivered,1,1.0,8.69,delivered_late,2026-08-25T19:57:24,D108,D108,,eta-v3.2,completed,3,0,0,0,0,0,0,,3,0,0,,5,2,1,25.73101685,68.35526610000001,0,0,0,0,Burgers,scooter,5.0
O01542,C0282,R023,D035,Bengaluru,2026-08-22 19:45:00,,2026-08-22 20:27:30.505454,2026-08-22 21:16:40.180289,delivered,11.32,high,clear,delivered,1,1.0,25.89,delivered_late,2026-08-22T21:00:46.569732,D035,D035,,eta-v3.1,completed,1,0,0,1,0,0,0,,3,0,0,,5,2,1,42.508424233333336,49.161247249999995,0,0,0,0,Pizza,scooter,5.0
O01543,C0040,R009,D007,Bengaluru,2026-08-03 20:26:00,2026-08-03 21:45:48,2026-08-03 20:45:35.378691,2026-08-03 21:42:04.243886,delivered,18.0,high,clear,delivered,1,0.0,-3.73,delivered_on_time,2026-08-03T21:55:48,D007,D007,,eta-v3.2,completed,1,0,0,1,0,0,0,,3,0,1,ready,8,5,1,19.58964485,56.48108658333333,0,0,0,0,Burgers,bike,26.0
O01544,C0224,R010,D043,Bengaluru,2026-08-11 17:36:00,,2026-08-11 18:20:09.420859,2026-08-11 18:41:23.005827,delivered,6.66,medium,clear,delivered,1,1.0,13.59,delivered_late,2026-08-11T18:32:05.598081,D036,D043,2026-08-11T17:42:14.005300,eta-v3.2,completed,2,0,0,0,0,0,0,,3,0,1,ready,6,3,1,44.15701431666666,21.22641613333333,0,0,0,0,North Indian,bike,14.0
O01545,C0121,R004,D071,Bengaluru,2026-08-25 17:11:00,,2026-08-25 17:36:22.027698,2026-08-25 18:17:26.929900,delivered,13.28,high,clear,delivered,1,0.0,-3.44,delivered_on_time,2026-08-25T18:33:31.586659,D071,D071,,eta-v3.1,completed,0,0,0,0,0,0,1,DRIVER_REASSIGNMENT,4,0,1,handed_off,6,3,1,25.3671283,41.08170336666667,0,1,0,0,South Indian,scooter,30.0
O01546,C0267,R034,D006,Bengaluru,2026-08-13 20:43:00,2026-08-13 21:55:48,2026-08-13 20:59:23.605991,2026-08-13 21:37:53.258188,delivered,18.0,low,clear,delivered,1,0.0,-17.91,delivered_on_time,2026-08-13T21:55:48,D006,D006,,eta-v3.1,completed,3,0,0,0,0,0,0,,3,0,1,handed_off,5,2,1,16.393433183333332,38.494203283333334,0,0,0,0,Pizza,bike,12.0
O01547,C0877,R045,D021,Bengaluru,2026-08-13 19:54:00,2026-08-13 21:13:48,2026-08-13 20:21:13.952898,2026-08-13 21:14:42.343753,delivered,18.0,high,clear,delivered,1,1.0,0.91,delivered_late,2026-08-13T21:23:48,D021,D021,,eta-v3.2,completed,2,0,0,1,0,0,0,,3,0,0,,8,5,1,27.2325483,53.47318091666667,0,0,0,0,Cafe,scooter,38.0
O01548,C0197,R029,D073,Bengaluru,2026-08-04 12:34:00,2026-08-04 13:56:18,2026-08-04 12:56:41.097911,2026-08-04 13:56:49.725069,delivered,18.0,high,rain,delivered,1,1.0,0.53,delivered_late,2026-08-04T14:11:18,D073,D073,,eta-v3.1,completed,3,0,0,0,0,0,0,,3,0,0,,5,2,1,22.684965183333336,60.14378596666666,0,0,0,0,Burgers,bike,48.0
O01549,C0896,R048,D102,Bengaluru,2026-08-21 20:54:00,2026-08-21 22:19:24,2026-08-21 21:19:31.207437,2026-08-21 22:22:24.883708,delivered,18.0,severe,clear,delivered,1,1.0,3.01,delivered_late,2026-08-21T22:37:24,D102,D102,,eta-v3.2,completed,2,0,0,0,0,0,0,,4,0,0,,7,4,1,25.520123950000002,62.89460451666666,0,0,0,0,South Indian,scooter,16.0
O01550,C0623,R013,D045,Bengaluru,2026-08-14 12:38:00,2026-08-14 13:53:36,2026-08-14 13:04:11.481132,2026-08-14 13:53:32.778640,delivered,18.0,medium,clear,delivered,1,0.0,-0.05,delivered_on_time,2026-08-14T13:59:31.543493,D045,D045,,eta-v3.1,completed,0,0,0,0,0,0,1,DRIVER_REASSIGNMENT,3,0,0,,6,3,1,26.191352199999997,49.354958466666666,0,1,0,0,Pizza,scooter,21.0
O01551,C0238,R013,D054,Bengaluru,2026-08-27 11:04:00,,2026-08-27 11:32:04.910559,2026-08-27 12:19:50.551895,delivered,16.39,medium,clear,delivered,1,1.0,3.62,delivered_late,2026-08-27T12:21:27.601723,D054,D054,,eta-v3.1,completed,0,0,0,0,0,0,0,,3,0,0,,5,2,1,28.08184265,47.760688933333334,0,0,0,0,Pizza,bike,15.0
O01552,C0377,R045,D074,Bengaluru,2026-08-16 19:33:00,,2026-08-16 20:06:37.344129,2026-08-16 20:46:41.204452,delivered,11.44,medium,clear,delivered,1,1.0,11.86,delivered_late,2026-08-16T20:38:49.756964,D074,D074,,eta-v3.2,completed,0,0,0,0,0,1,0,,3,0,0,,7,4,1,33.62240215,40.06433871666666,1,0,0,0,Cafe,bike,6.0
O01553,C0800,R037,D108,Bengaluru,2026-08-27 21:43:00,,2026-08-27 21:58:38.195165,2026-08-27 22:45:28.533689,delivered,17.06,medium,clear,delivered,1,0.0,-11.16,delivered_on_time,2026-08-27T23:00:37.922904,D108,D108,,eta-v3.1,completed,0,0,0,0,0,1,1,DRIVER_REASSIGNMENT,3,0,1,handed_off,7,4,1,15.636586083333333,46.838975399999995,1,1,0,0,Cafe,scooter,5.0
O01554,C0183,R058,D030,Bengaluru,2026-08-03 21:44:00,2026-08-03 23:03:48,2026-08-03 22:15:39.542043,2026-08-03 23:12:36.986543,delivered,18.0,high,clear,delivered,1,1.0,8.82,delivered_late,2026-08-03T23:13:48,D030,D030,,eta-v3.2,completed,2,0,1,1,0,1,1,CUSTOMER_CREDIT,4,0,0,,6,3,1,31.65903405,56.95740833333333,1,1,0,0,North Indian,scooter,19.0
O01555,C0250,R034,D021,Bengaluru,2026-08-06 19:25:00,2026-08-06 20:44:48,2026-08-06 19:48:40.531540,2026-08-06 20:44:32.847943,delivered,18.0,high,clear,delivered,1,0.0,-0.25,delivered_on_time,2026-08-06T20:54:48,D021,D021,,eta-v3.1,completed,1,0,0,0,0,0,0,,3,0,1,preparing,7,4,1,23.675525666666665,55.87194005,0,0,0,0,Pizza,scooter,38.0
O01556,C0707,R024,D098,Bengaluru,2026-08-20 15:57:00,2026-08-20 17:16:48,2026-08-20 16:31:14.153921,2026-08-20 17:27:02.597770,delivered,18.0,high,clear,delivered,1,1.0,10.24,delivered_late,2026-08-20T17:26:48,D076,D098,2026-08-20T16:02:34.199521,eta-v3.2,completed,3,0,1,0,0,0,1,CUSTOMER_CREDIT,3,0,1,handed_off,8,5,1,34.23589868333333,55.80739748333333,1,1,0,0,South Indian,scooter,7.0
O01557,C0377,R043,D039,Bengaluru,2026-08-20 21:44:00,,2026-08-20 22:14:42.693518,2026-08-20 22:43:51.877632,delivered,11.85,low,clear,delivered,1,0.0,-0.02,delivered_on_time,2026-08-20T22:43:53.311218,D039,D039,,eta-v3.2,completed,3,0,0,0,0,0,1,DRIVER_REASSIGNMENT,3,0,0,,5,2,1,30.711558633333333,29.153068566666665,0,1,0,0,Burgers,scooter,13.0
O01558,C0629,R026,D093,Bengaluru,2026-08-20 18:59:00,2026-08-20 20:14:36,2026-08-20 19:20:50.818905,2026-08-20 20:07:22.343665,delivered,18.0,medium,clear,delivered,1,0.0,-7.23,delivered_on_time,2026-08-20T20:18:36,D093,D093,,eta-v3.1,completed,2,0,0,1,0,0,0,,3,0,0,,6,3,1,21.84698175,46.52541266666666,0,0,0,0,Desserts,ebike,28.0
O01559,C0167,R051,D073,Bengaluru,2026-08-04 19:33:00,,2026-08-04 19:47:27.166948,2026-08-04 20:28:00.487754,delivered,8.09,high,rain,delivered,1,0.0,-6.48,delivered_on_time,2026-08-04T20:49:29.491287,D073,D073,,eta-v3.1,completed,1,0,0,0,0,0,1,RESTAURANT_CONTACT,3,0,0,,7,4,1,14.452782466666667,40.555346766666666,0,1,0,0,Cafe,bike,48.0
O01560,C0334,R030,D044,Bengaluru,2026-08-10 16:10:00,,2026-08-10 16:41:34.072106,2026-08-10 17:32:57.731586,delivered,13.33,medium,heavy_rain,delivered,1,1.0,11.17,delivered_late,2026-08-10T17:37:47.737712,D044,D044,,eta-v3.2,completed,0,0,0,0,0,0,1,CUSTOMER_CREDIT,3,0,0,,7,4,1,31.567868433333334,51.39432466666666,0,1,0,0,South Indian,scooter,19.0
O01561,C0621,R030,D017,Bengaluru,2026-08-03 12:47:00,,2026-08-03 12:59:53.032141,2026-08-03 13:31:34.834473,delivered,8.9,medium,clear,delivered,1,0.0,-11.91,delivered_on_time,2026-08-03T13:47:29.217384,D017,D017,,eta-v3.1,completed,1,0,0,0,0,0,0,,3,0,0,,7,4,1,12.883869016666667,31.696705533333333,0,0,0,0,South Indian,bike,17.0
O01562,C0090,R032,D024,Bengaluru,2026-08-15 11:19:00,2026-08-15 12:38:48,2026-08-15 11:32:54.566480,2026-08-15 12:24:47.324259,delivered,18.0,high,clear,delivered,1,0.0,-14.01,delivered_on_time,2026-08-15T12:49:07.028863,D024,D024,,eta-v3.1,completed,1,0,0,1,0,0,1,DRIVER_REASSIGNMENT,3,0,0,,5,2,1,13.909441333333332,51.87929631666667,0,1,0,0,Pizza,bike,32.0
O01563,C0623,R030,D056,Bengaluru,2026-08-03 11:12:00,2026-08-03 12:27:36,2026-08-03 11:36:47.648353,2026-08-03 12:25:41.336403,delivered,18.0,medium,clear,delivered,1,0.0,-1.91,delivered_on_time,2026-08-03T12:31:36,D056,D056,,eta-v3.1,completed,2,0,0,0,0,1,0,,3,0,0,,8,5,1,24.794139216666668,48.894800833333335,1,0,0,0,South Indian,scooter,19.0
O01564,C0262,R012,D120,Bengaluru,2026-08-25 13:22:00,,2026-08-25 13:55:01.928084,2026-08-25 14:44:48.946947,delivered,14.05,medium,clear,delivered,1,1.0,15.52,delivered_late,2026-08-25T14:37:53.751889,D120,D120,,eta-v3.1,completed,2,0,0,0,0,0,0,,3,0,0,,6,3,1,33.03213473333333,49.783647716666664,0,0,0,0,Biryani,scooter,22.0
O01565,C0671,R027,D006,Bengaluru,2026-08-21 21:18:00,2026-08-21 22:30:48,2026-08-21 21:38:15.050677,2026-08-21 22:28:48.782785,delivered,18.0,low,clear,delivered,1,0.0,-1.99,delivered_on_time,2026-08-21T22:32:11.035088,D006,D006,,eta-v3.1,completed,1,0,0,1,0,0,0,,3,0,0,,7,4,1,20.250844616666665,50.562201800000004,0,0,0,0,Biryani,bike,12.0
O01566,C0423,R045,D114,Bengaluru,2026-08-13 17:39:00,,2026-08-13 18:05:15.088899,2026-08-13 18:37:25.530881,delivered,8.94,medium,clear,delivered,1,1.0,1.85,delivered_late,2026-08-13T18:39:34.558700,D114,D114,,eta-v3.1,completed,0,0,0,0,0,0,1,RESTAURANT_CONTACT,3,0,0,,6,3,1,26.251481650000002,32.17403303333334,0,1,0,0,Cafe,bike,59.0
O01567,C0298,R011,D101,Bengaluru,2026-08-07 17:53:00,,2026-08-07 18:08:51.488534,2026-08-07 18:50:55.304325,delivered,13.38,low,rain,delivered,1,0.0,-7.67,delivered_on_time,2026-08-07T19:04:48.361947,D101,D101,,eta-v3.2,completed,2,0,0,0,0,0,0,,3,0,1,handed_off,8,5,1,15.858142233333332,42.063596516666664,0,0,0,0,Chinese,scooter,19.0
O01568,C0437,R053,D057,Bengaluru,2026-08-28 23:18:00,,2026-08-28 23:52:21.786041,,cancelled,17.8,medium,clear,cancelled,0,,,cancelled,2026-08-29T00:46:30.954884,D057,D057,,eta-v3.1,cancelled,3,0,0,0,0,0,0,,3,0,1,handed_off,1,0,0,34.36310068333333,,0,0,0,0,North Indian,scooter,7.0
O01569,C0516,R014,D038,Bengaluru,2026-08-01 11:37:00,2026-08-01 12:56:48,2026-08-01 12:15:44.337235,2026-08-01 13:08:40.232808,delivered,18.0,high,clear,delivered,1,1.0,11.87,delivered_late,2026-08-01T13:13:07.174434,D038,D038,,eta-v3.2,completed,4,0,1,1,0,0,0,,3,0,0,,8,5,1,38.73895391666667,52.93159288333333,1,0,0,0,Biryani,bike,22.0
O01570,C0814,R042,D120,Bengaluru,2026-08-23 12:44:00,2026-08-23 14:03:48,2026-08-23 13:04:21.665997,2026-08-23 13:59:30.921383,delivered,18.0,high,clear,delivered,1,0.0,-4.28,delivered_on_time,2026-08-23T14:15:17.645801,D120,D120,,eta-v3.2,completed,1,0,0,0,0,0,0,,4,0,1,handed_off,5,2,1,20.36109995,55.15425643333333,0,0,0,0,Chinese,scooter,22.0
O01571,C0536,R036,D118,Bengaluru,2026-08-26 18:50:00,,2026-08-26 19:27:01.883230,2026-08-26 20:20:58.034174,delivered,14.75,severe,clear,delivered,1,1.0,12.38,delivered_late,2026-08-26T20:26:34.955592,D118,D118,,eta-v3.2,completed,2,0,0,0,0,1,0,,3,0,0,,7,4,1,37.03138716666667,53.93584906666667,1,0,0,0,North Indian,bike,7.0
O01572,C0549,R033,D010,Bengaluru,2026-08-04 17:42:00,,2026-08-04 18:01:45.580285,2026-08-04 18:46:48.905710,delivered,14.87,medium,clear,delivered,1,0.0,-4.2,delivered_on_time,2026-08-04T18:55:01.093396,D010,D010,,eta-v3.2,completed,3,0,0,0,0,0,1,DRIVER_REASSIGNMENT,3,0,1,preparing,7,4,1,19.759671416666666,45.05542375,0,1,0,0,Cafe,ebike,7.0
O01573,C0158,R037,D101,Bengaluru,2026-08-01 19:50:00,2026-08-01 21:08:06,2026-08-01 20:13:21.912803,2026-08-01 21:11:31.636230,delivered,18.0,medium,rain,delivered,1,1.0,3.43,delivered_late,2026-08-01T21:17:06,D101,D101,,eta-v3.2,completed,0,0,0,1,0,0,0,,3,0,1,preparing,8,5,1,23.365213383333334,58.162057116666666,0,0,0,0,Cafe,scooter,19.0
O01574,C0771,R044,D060,Bengaluru,2026-08-15 12:02:00,,2026-08-15 12:27:20.781768,2026-08-15 13:17:46.331827,delivered,15.76,high,clear,delivered,1,1.0,0.69,delivered_late,2026-08-15T13:27:05.182840,D060,D060,,eta-v3.2,completed,3,0,0,0,0,0,0,,3,0,1,ready,6,3,1,25.3463628,50.425834316666666,0,0,0,0,Cafe,bike,24.0
O01575,C0035,R015,D079,Bengaluru,2026-08-26 12:26:00,,2026-08-26 12:52:30.115635,2026-08-26 13:28:56.267614,delivered,8.21,high,clear,delivered,1,1.0,3.69,delivered_late,2026-08-26T13:35:15.073311,D079,D079,,eta-v3.1,completed,1,0,0,0,0,0,0,,3,0,1,ready,6,3,1,26.50192725,36.43586631666667,0,0,0,0,Cafe,scooter,22.0
O01576,C0594,R006,D083,Bengaluru,2026-08-27 12:49:00,,2026-08-27 13:06:39.898873,2026-08-27 13:24:58.045191,delivered,5.68,low,clear,delivered,1,0.0,-10.96,delivered_on_time,2026-08-27T13:35:55.413210,D083,D083,,eta-v3.1,completed,1,0,0,0,0,0,0,,3,0,0,,7,4,1,17.664981216666668,18.302438633333335,0,0,0,0,Pizza,bike,38.0
O01577,C0540,R015,D116,Bengaluru,2026-08-23 18:22:00,2026-08-23 19:37:36,2026-08-23 19:01:06.693809,2026-08-23 19:48:57.129079,delivered,18.0,medium,clear,delivered,1,1.0,11.35,delivered_late,2026-08-23T19:46:00.654922,D116,D116,,eta-v3.1,completed,2,0,0,0,0,0,1,DRIVER_REASSIGNMENT,3,0,0,,7,4,1,39.111563483333335,47.84058783333333,0,1,0,0,Cafe,bike,15.0
O01578,C0774,R051,D105,Bengaluru,2026-08-13 20:45:00,2026-08-13 22:00:36,2026-08-13 21:35:39.427046,2026-08-13 22:23:21.314299,delivered,18.0,medium,clear,delivered,1,1.0,22.76,delivered_late,2026-08-13T22:16:39.459394,D105,D105,,eta-v3.1,completed,4,0,1,0,0,0,1,PRIORITY_DISPATCH,3,0,1,preparing,6,3,1,50.65711743333333,47.69812088333333,1,1,0,0,Cafe,bike,18.0
O01579,C0241,R042,D025,Bengaluru,2026-08-28 17:29:00,,2026-08-28 17:58:36.547981,2026-08-28 18:48:59.592502,delivered,13.75,high,clear,delivered,1,1.0,9.11,delivered_late,2026-08-28T18:51:49.984037,D025,D025,,eta-v3.1,completed,4,0,1,1,0,0,1,DRIVER_REASSIGNMENT,3,0,0,,8,5,1,29.609133016666664,50.384075349999996,1,1,0,0,Chinese,bike,28.0
O01580,C0300,R046,D076,Bengaluru,2026-08-09 19:41:00,,2026-08-09 19:55:17.591023,2026-08-09 20:29:49.431196,delivered,11.6,medium,clear,delivered,1,0.0,-13.34,delivered_on_time,2026-08-09T20:47:09.714539,D076,D076,,eta-v3.2,completed,0,0,0,1,0,0,0,,3,0,0,,5,2,1,14.293183716666666,34.53066955,0,0,0,0,Chinese,bike,9.0
O01581,C0750,R002,D067,Bengaluru,2026-08-16 17:26:00,2026-08-16 18:41:36,2026-08-16 17:49:29.479028,2026-08-16 18:40:02.650212,delivered,18.0,medium,clear,delivered,1,0.0,-1.56,delivered_on_time,2026-08-16T18:45:43.797648,D067,D067,,eta-v3.1,completed,2,0,0,0,0,0,0,,3,0,0,,8,5,1,23.491317133333332,50.552853066666664,0,0,0,0,Burgers,bike,9.0
O01582,C0250,R014,D018,Bengaluru,2026-08-21 20:03:00,2026-08-21 21:22:48,2026-08-21 20:40:58.162365,2026-08-21 21:32:50.730330,delivered,18.0,high,clear,delivered,1,1.0,10.05,delivered_late,2026-08-21T21:41:07.053042,D018,D018,,eta-v3.2,completed,1,0,0,0,0,0,0,,3,0,1,preparing,6,3,1,37.969372750000005,51.876132750000004,0,0,0,0,Biryani,bike,16.0
O01583,C0462,R026,D059,Bengaluru,2026-08-08 18:51:00,2026-08-08 20:06:36,2026-08-08 19:16:32.910034,2026-08-08 20:08:07.410283,delivered,18.0,medium,clear,delivered,1,1.0,1.52,delivered_late,2026-08-08T20:13:05.386026,D059,D059,,eta-v3.2,completed,2,0,0,0,0,0,0,,3,0,1,ready,5,2,1,25.548500566666668,51.575004150000005,0,0,0,0,Desserts,bike,7.0
O01584,C0313,R020,D087,Bengaluru,2026-08-22 20:55:00,,2026-08-22 21:40:16.740107,2026-08-22 22:42:19.744790,delivered,16.54,severe,clear,delivered,1,1.0,25.0,delivered_late,2026-08-22T22:44:58.580377,D087,D087,,eta-v3.2,completed,1,0,0,0,0,1,0,,3,0,1,ready,5,2,1,45.279001783333335,62.05007805,1,0,0,0,Burgers,bike,62.0
O01585,C0392,R018,D007,Bengaluru,2026-08-20 18:37:00,,2026-08-20 19:11:22.880055,2026-08-20 19:58:00.061501,delivered,11.29,high,rain,delivered,1,1.0,12.79,delivered_late,2026-08-20T20:00:12.539414,D007,D007,,eta-v3.2,completed,2,0,1,0,0,0,0,,3,0,0,,7,4,1,34.38133425,46.619690766666665,1,0,0,0,South Indian,bike,26.0
O01586,C0377,R010,D014,Bengaluru,2026-08-14 22:32:00,2026-08-14 23:51:48,2026-08-14 23:03:57.783988,2026-08-15 00:00:00.431674,delivered,18.0,high,clear,delivered,1,1.0,8.21,delivered_late,2026-08-15T00:02:18.605601,D014,D014,,eta-v3.2,completed,2,0,1,0,0,0,0,,3,0,0,,8,5,1,31.963066466666664,56.044128099999995,1,0,0,0,North Indian,bike,16.0
O01587,C0775,R033,D036,Bengaluru,2026-08-12 17:38:00,2026-08-12 18:53:36,2026-08-12 18:32:41.991070,2026-08-12 19:18:25.040774,delivered,18.0,medium,clear,delivered,1,1.0,24.82,delivered_late,2026-08-12T18:58:17.313104,D024,D036,2026-08-12T17:44:12.963150,eta-v3.1,completed,1,0,0,0,0,1,0,,3,0,0,,7,4,1,54.69985116666667,45.717495066666665,1,0,0,0,Cafe,bike,20.0
O01588,C0239,R050,D036,Bengaluru,2026-08-20 18:11:00,,2026-08-20 18:41:54.777268,2026-08-20 19:21:53.043723,delivered,6.72,severe,clear,delivered,1,1.0,9.18,delivered_late,2026-08-20T19:34:17.018148,D036,D036,,eta-v3.2,completed,3,0,1,0,0,1,1,PRIORITY_DISPATCH,3,0,0,,6,3,1,30.91295446666667,39.971107583333335,1,1,0,0,Cafe,bike,20.0
O01589,C0434,R029,D024,Bengaluru,2026-08-15 20:32:00,,2026-08-15 20:55:54.826645,2026-08-15 21:36:36.924498,delivered,15.23,medium,clear,delivered,1,0.0,-5.17,delivered_on_time,2026-08-15T21:45:47.106838,D024,D024,,eta-v3.2,completed,3,0,0,0,0,0,0,,3,0,0,,6,3,1,23.91377741666667,40.70163088333334,0,0,0,0,Burgers,bike,32.0
O01590,C0232,R030,D017,Bengaluru,2026-08-21 14:22:00,,2026-08-21 14:54:12.137020,2026-08-21 15:44:57.442794,delivered,10.51,severe,clear,delivered,1,1.0,13.29,delivered_late,2026-08-21T15:49:39.953893,D017,D017,,eta-v3.2,completed,3,0,1,0,0,1,0,,3,0,0,,5,2,1,32.202283666666666,50.75509623333333,1,0,0,0,South Indian,bike,17.0
O01591,C0261,R023,D112,Bengaluru,2026-08-12 12:43:00,2026-08-12 13:55:48,2026-08-12 13:01:43.015486,2026-08-12 13:45:10.919946,delivered,18.0,low,clear,delivered,1,0.0,-10.62,delivered_on_time,2026-08-12T13:55:48,D112,D112,,eta-v3.1,completed,1,0,0,0,0,0,1,DRIVER_REASSIGNMENT,3,0,1,ready,7,4,1,18.71692476666667,43.465074333333334,0,1,0,0,Pizza,bike,19.0
O01592,C0220,R032,D094,Bengaluru,2026-08-11 21:51:00,2026-08-11 23:13:18,2026-08-11 22:19:11.486202,2026-08-11 23:17:27.164143,delivered,18.0,high,rain,delivered,1,1.0,4.15,delivered_late,2026-08-11T23:29:47.726852,D094,D094,,eta-v3.2,completed,2,0,0,0,0,0,0,,4,0,0,,5,2,1,28.1914367,58.26129901666666,0,0,0,0,Pizza,bike,24.0
O01593,C0171,R025,D072,Bengaluru,2026-08-20 13:34:00,2026-08-20 14:49:18,2026-08-20 13:58:26.204372,2026-08-20 14:49:06.735973,delivered,18.0,low,rain,delivered,1,0.0,-0.19,delivered_on_time,2026-08-20T14:56:03.626417,D072,D072,,eta-v3.1,completed,2,0,0,1,0,0,0,,3,0,0,,6,3,1,24.43673953333333,50.67552668333334,0,0,0,0,South Indian,scooter,22.0
O01594,C0098,R024,D011,Bengaluru,2026-08-13 13:08:00,2026-08-13 14:33:48,2026-08-13 13:45:33.365926,2026-08-13 14:54:21.243839,delivered,18.0,high,heavy_rain,delivered,1,1.0,20.55,delivered_late,2026-08-13T14:56:08.960520,D011,D011,,eta-v3.2,completed,0,0,0,0,0,0,1,CUSTOMER_CREDIT,3,0,1,ready,6,3,1,37.556098766666665,68.79796521666667,0,1,0,0,South Indian,scooter,18.0
O01595,C0305,R011,D045,Bengaluru,2026-08-24 22:11:00,2026-08-24 23:23:48,2026-08-24 22:31:08.027350,2026-08-24 23:19:19.282836,delivered,18.0,low,clear,delivered,1,0.0,-4.48,delivered_on_time,2026-08-24T23:23:48,D045,D045,,eta-v3.1,completed,2,0,0,0,0,0,0,,3,0,1,handed_off,5,2,1,20.133789166666666,48.18759143333333,0,0,0,0,Chinese,scooter,21.0
O01596,C0349,R041,D101,Bengaluru,2026-08-12 13:03:00,2026-08-12 14:28:24,2026-08-12 13:38:50.942226,,cancelled,18.0,severe,clear,cancelled,0,,,cancelled,2026-08-12T14:49:55.785715,D101,D101,,eta-v3.1,cancelled,1,0,0,0,0,0,0,,2,0,1,preparing,1,0,0,35.849037100000004,,0,0,0,0,Desserts,scooter,19.0
O01597,C0174,R030,D070,Bengaluru,2026-08-22 19:57:00,2026-08-22 21:15:48,2026-08-22 20:11:11.035912,2026-08-22 21:12:07.487728,delivered,18.0,low,heavy_rain,delivered,1,0.0,-3.68,delivered_on_time,2026-08-22T21:27:48,D070,D070,,eta-v3.2,completed,2,0,0,0,0,0,0,,3,0,1,handed_off,8,5,1,14.183931866666667,60.94086359999999,0,0,0,0,South Indian,bike,22.0
O01598,C0286,R048,D063,Bengaluru,2026-08-18 20:11:00,2026-08-18 21:26:36,2026-08-18 20:31:26.758603,2026-08-18 21:22:02.516000,delivered,18.0,medium,clear,delivered,1,0.0,-4.56,delivered_on_time,2026-08-18T21:30:36,D063,D063,,eta-v3.2,completed,1,0,0,0,0,0,1,DRIVER_REASSIGNMENT,3,0,0,,5,2,1,20.445976716666667,50.59595661666666,0,1,0,0,South Indian,scooter,50.0
O01599,C0191,R048,D081,Bengaluru,2026-08-26 12:26:00,,2026-08-26 12:55:31.571858,2026-08-26 13:40:06.434639,delivered,7.5,severe,rain,delivered,1,1.0,8.26,delivered_late,2026-08-26T13:55:51.204998,D116,D081,2026-08-26T12:43:37.110088,eta-v3.1,completed,0,0,0,0,0,0,0,,3,0,0,,7,4,1,29.526197633333332,44.581046349999994,0,0,0,0,South Indian,scooter,15.0
O01600,C0107,R037,D104,Bengaluru,2026-08-27 18:08:00,,2026-08-27 18:27:44.339018,2026-08-27 19:08:53.947760,delivered,13.54,low,clear,delivered,1,0.0,-2.53,delivered_on_time,2026-08-27T19:11:25.681985,D104,D104,,eta-v3.2,completed,1,0,0,0,0,0,1,DRIVER_REASSIGNMENT,3,0,1,preparing,5,2,1,19.73898363333333,41.1601457,0,1,0,0,Cafe,bike,30.0
